DateKey,GregorianDate,GregorianYearInt,GregorianMonthNo,GregorianDayInMonth,GregorianMonthDayInt,GregorianDayOfWeekInt,GregorianMonthName,GregorianStr,GregorianYearMonthSort,GregorianYearMonthStr,GregorianDayOfWeekName,GrgorianWeekOfYearName,GregorianWeekOfYearNo,PersianInt,PersianYearInt,PersianMonthNo,PersianDayInMonth,PersianMonthDayInt,PersianDayOfWeekInt,PersianMonthName,PersianStr,PersianYearMonthInt,PersianYearMonthStr,PersianDayOfWeekName,PersianWeekOfYearName,PersianWeekOfYearNo,PersianFullName,SeasonCode,SeasonName,IsGregorianLeap,IsPersianLeap,PersianYearMonthSort
20110321,2011-03-21 00:00:00.000,2011,3,21,321,1,"March","3/21/2011",201103,"3/1/2011","Monday","Week 13",13,13900101,1390,1,1,101,2,"فروردین","1390/01/01",13900101,"1390/01","دوشنبه","هفته 1",1,"دوشنبه 1 فروردین 1390",1,"بهار",0,0,139001
20110322,2011-03-22 00:00:00.000,2011,3,22,322,2,"March","3/22/2011",201103,"3/1/2011","Tuesday","Week 13",13,13900102,1390,1,2,102,3,"فروردین","1390/01/02",13900102,"1390/01","سه شنبه","هفته 1",1,"سه شنبه 2 فروردین 1390",1,"بهار",0,0,139001
20110323,2011-03-23 00:00:00.000,2011,3,23,323,3,"March","3/23/2011",201103,"3/1/2011","Wednesday","Week 13",13,13900103,1390,1,3,103,4,"فروردین","1390/01/03",13900103,"1390/01","چهارشنبه","هفته 1",1,"چهارشنبه 3 فروردین 1390",1,"بهار",0,0,139001
20110324,2011-03-24 00:00:00.000,2011,3,24,324,4,"March","3/24/2011",201103,"3/1/2011","Thursday","Week 13",13,13900104,1390,1,4,104,5,"فروردین","1390/01/04",13900104,"1390/01","پنج شنبه","هفته 1",1,"پنج شنبه 4 فروردین 1390",1,"بهار",0,0,139001
20110325,2011-03-25 00:00:00.000,2011,3,25,325,5,"March","3/25/2011",201103,"3/1/2011","Friday","Week 13",13,13900105,1390,1,5,105,6,"فروردین","1390/01/05",13900105,"1390/01","جمعه","هفته 1",1,"جمعه 5 فروردین 1390",1,"بهار",0,0,139001
20110326,2011-03-26 00:00:00.000,2011,3,26,326,6,"March","3/26/2011",201103,"3/1/2011","Saturday","Week 13",13,13900106,1390,1,6,106,0,"فروردین","1390/01/06",13900106,"1390/01","شنبه","هفته 2",2,"شنبه 6 فروردین 1390",1,"بهار",0,0,139001
20110327,2011-03-27 00:00:00.000,2011,3,27,327,0,"March","3/27/2011",201103,"3/1/2011","Sunday","Week 14",14,13900107,1390,1,7,107,1,"فروردین","1390/01/07",13900107,"1390/01","یکشنبه","هفته 2",2,"یکشنبه 7 فروردین 1390",1,"بهار",0,0,139001
20110328,2011-03-28 00:00:00.000,2011,3,28,328,1,"March","3/28/2011",201103,"3/1/2011","Monday","Week 14",14,13900108,1390,1,8,108,2,"فروردین","1390/01/08",13900108,"1390/01","دوشنبه","هفته 2",2,"دوشنبه 8 فروردین 1390",1,"بهار",0,0,139001
20110329,2011-03-29 00:00:00.000,2011,3,29,329,2,"March","3/29/2011",201103,"3/1/2011","Tuesday","Week 14",14,13900109,1390,1,9,109,3,"فروردین","1390/01/09",13900109,"1390/01","سه شنبه","هفته 2",2,"سه شنبه 9 فروردین 1390",1,"بهار",0,0,139001
20110330,2011-03-30 00:00:00.000,2011,3,30,330,3,"March","3/30/2011",201103,"3/1/2011","Wednesday","Week 14",14,13900110,1390,1,10,110,4,"فروردین","1390/01/10",13900110,"1390/01","چهارشنبه","هفته 2",2,"چهارشنبه 10 فروردین 1390",1,"بهار",0,0,139001
20110331,2011-03-31 00:00:00.000,2011,3,31,331,4,"March","3/31/2011",201103,"3/1/2011","Thursday","Week 14",14,13900111,1390,1,11,111,5,"فروردین","1390/01/11",13900111,"1390/01","پنج شنبه","هفته 2",2,"پنج شنبه 11 فروردین 1390",1,"بهار",0,0,139001
20110401,2011-04-01 00:00:00.000,2011,4,1,401,5,"April","4/1/2011",201104,"4/1/2011","Friday","Week 14",14,13900112,1390,1,12,112,6,"فروردین","1390/01/12",13900112,"1390/01","جمعه","هفته 2",2,"جمعه 12 فروردین 1390",1,"بهار",0,0,139001
20110402,2011-04-02 00:00:00.000,2011,4,2,402,6,"April","4/2/2011",201104,"4/1/2011","Saturday","Week 14",14,13900113,1390,1,13,113,0,"فروردین","1390/01/13",13900113,"1390/01","شنبه","هفته 3",3,"شنبه 13 فروردین 1390",1,"بهار",0,0,139001
20110403,2011-04-03 00:00:00.000,2011,4,3,403,0,"April","4/3/2011",201104,"4/1/2011","Sunday","Week 15",15,13900114,1390,1,14,114,1,"فروردین","1390/01/14",13900114,"1390/01","یکشنبه","هفته 3",3,"یکشنبه 14 فروردین 1390",1,"بهار",0,0,139001
20110404,2011-04-04 00:00:00.000,2011,4,4,404,1,"April","4/4/2011",201104,"4/1/2011","Monday","Week 15",15,13900115,1390,1,15,115,2,"فروردین","1390/01/15",13900115,"1390/01","دوشنبه","هفته 3",3,"دوشنبه 15 فروردین 1390",1,"بهار",0,0,139001
20110405,2011-04-05 00:00:00.000,2011,4,5,405,2,"April","4/5/2011",201104,"4/1/2011","Tuesday","Week 15",15,13900116,1390,1,16,116,3,"فروردین","1390/01/16",13900116,"1390/01","سه شنبه","هفته 3",3,"سه شنبه 16 فروردین 1390",1,"بهار",0,0,139001
20110406,2011-04-06 00:00:00.000,2011,4,6,406,3,"April","4/6/2011",201104,"4/1/2011","Wednesday","Week 15",15,13900117,1390,1,17,117,4,"فروردین","1390/01/17",13900117,"1390/01","چهارشنبه","هفته 3",3,"چهارشنبه 17 فروردین 1390",1,"بهار",0,0,139001
20110407,2011-04-07 00:00:00.000,2011,4,7,407,4,"April","4/7/2011",201104,"4/1/2011","Thursday","Week 15",15,13900118,1390,1,18,118,5,"فروردین","1390/01/18",13900118,"1390/01","پنج شنبه","هفته 3",3,"پنج شنبه 18 فروردین 1390",1,"بهار",0,0,139001
20110408,2011-04-08 00:00:00.000,2011,4,8,408,5,"April","4/8/2011",201104,"4/1/2011","Friday","Week 15",15,13900119,1390,1,19,119,6,"فروردین","1390/01/19",13900119,"1390/01","جمعه","هفته 3",3,"جمعه 19 فروردین 1390",1,"بهار",0,0,139001
20110409,2011-04-09 00:00:00.000,2011,4,9,409,6,"April","4/9/2011",201104,"4/1/2011","Saturday","Week 15",15,13900120,1390,1,20,120,0,"فروردین","1390/01/20",13900120,"1390/01","شنبه","هفته 4",4,"شنبه 20 فروردین 1390",1,"بهار",0,0,139001
20110410,2011-04-10 00:00:00.000,2011,4,10,410,0,"April","4/10/2011",201104,"4/1/2011","Sunday","Week 16",16,13900121,1390,1,21,121,1,"فروردین","1390/01/21",13900121,"1390/01","یکشنبه","هفته 4",4,"یکشنبه 21 فروردین 1390",1,"بهار",0,0,139001
20110411,2011-04-11 00:00:00.000,2011,4,11,411,1,"April","4/11/2011",201104,"4/1/2011","Monday","Week 16",16,13900122,1390,1,22,122,2,"فروردین","1390/01/22",13900122,"1390/01","دوشنبه","هفته 4",4,"دوشنبه 22 فروردین 1390",1,"بهار",0,0,139001
20110412,2011-04-12 00:00:00.000,2011,4,12,412,2,"April","4/12/2011",201104,"4/1/2011","Tuesday","Week 16",16,13900123,1390,1,23,123,3,"فروردین","1390/01/23",13900123,"1390/01","سه شنبه","هفته 4",4,"سه شنبه 23 فروردین 1390",1,"بهار",0,0,139001
20110413,2011-04-13 00:00:00.000,2011,4,13,413,3,"April","4/13/2011",201104,"4/1/2011","Wednesday","Week 16",16,13900124,1390,1,24,124,4,"فروردین","1390/01/24",13900124,"1390/01","چهارشنبه","هفته 4",4,"چهارشنبه 24 فروردین 1390",1,"بهار",0,0,139001
20110414,2011-04-14 00:00:00.000,2011,4,14,414,4,"April","4/14/2011",201104,"4/1/2011","Thursday","Week 16",16,13900125,1390,1,25,125,5,"فروردین","1390/01/25",13900125,"1390/01","پنج شنبه","هفته 4",4,"پنج شنبه 25 فروردین 1390",1,"بهار",0,0,139001
20110415,2011-04-15 00:00:00.000,2011,4,15,415,5,"April","4/15/2011",201104,"4/1/2011","Friday","Week 16",16,13900126,1390,1,26,126,6,"فروردین","1390/01/26",13900126,"1390/01","جمعه","هفته 4",4,"جمعه 26 فروردین 1390",1,"بهار",0,0,139001
20110416,2011-04-16 00:00:00.000,2011,4,16,416,6,"April","4/16/2011",201104,"4/1/2011","Saturday","Week 16",16,13900127,1390,1,27,127,0,"فروردین","1390/01/27",13900127,"1390/01","شنبه","هفته 5",5,"شنبه 27 فروردین 1390",1,"بهار",0,0,139001
20110417,2011-04-17 00:00:00.000,2011,4,17,417,0,"April","4/17/2011",201104,"4/1/2011","Sunday","Week 17",17,13900128,1390,1,28,128,1,"فروردین","1390/01/28",13900128,"1390/01","یکشنبه","هفته 5",5,"یکشنبه 28 فروردین 1390",1,"بهار",0,0,139001
20110418,2011-04-18 00:00:00.000,2011,4,18,418,1,"April","4/18/2011",201104,"4/1/2011","Monday","Week 17",17,13900129,1390,1,29,129,2,"فروردین","1390/01/29",13900129,"1390/01","دوشنبه","هفته 5",5,"دوشنبه 29 فروردین 1390",1,"بهار",0,0,139001
20110419,2011-04-19 00:00:00.000,2011,4,19,419,2,"April","4/19/2011",201104,"4/1/2011","Tuesday","Week 17",17,13900130,1390,1,30,130,3,"فروردین","1390/01/30",13900130,"1390/01","سه شنبه","هفته 5",5,"سه شنبه 30 فروردین 1390",1,"بهار",0,0,139001
20110420,2011-04-20 00:00:00.000,2011,4,20,420,3,"April","4/20/2011",201104,"4/1/2011","Wednesday","Week 17",17,13900131,1390,1,31,131,4,"فروردین","1390/01/31",13900131,"1390/01","چهارشنبه","هفته 5",5,"چهارشنبه 31 فروردین 1390",1,"بهار",0,0,139001
20110421,2011-04-21 00:00:00.000,2011,4,21,421,4,"April","4/21/2011",201104,"4/1/2011","Thursday","Week 17",17,13900201,1390,2,1,201,5,"اردیبهشت","1390/02/01",13900201,"1390/02","پنج شنبه","هفته 5",5,"پنج شنبه 1 اردیبهشت 1390",1,"بهار",0,0,139002
20110422,2011-04-22 00:00:00.000,2011,4,22,422,5,"April","4/22/2011",201104,"4/1/2011","Friday","Week 17",17,13900202,1390,2,2,202,6,"اردیبهشت","1390/02/02",13900202,"1390/02","جمعه","هفته 5",5,"جمعه 2 اردیبهشت 1390",1,"بهار",0,0,139002
20110423,2011-04-23 00:00:00.000,2011,4,23,423,6,"April","4/23/2011",201104,"4/1/2011","Saturday","Week 17",17,13900203,1390,2,3,203,0,"اردیبهشت","1390/02/03",13900203,"1390/02","شنبه","هفته 6",6,"شنبه 3 اردیبهشت 1390",1,"بهار",0,0,139002
20110424,2011-04-24 00:00:00.000,2011,4,24,424,0,"April","4/24/2011",201104,"4/1/2011","Sunday","Week 18",18,13900204,1390,2,4,204,1,"اردیبهشت","1390/02/04",13900204,"1390/02","یکشنبه","هفته 6",6,"یکشنبه 4 اردیبهشت 1390",1,"بهار",0,0,139002
20110425,2011-04-25 00:00:00.000,2011,4,25,425,1,"April","4/25/2011",201104,"4/1/2011","Monday","Week 18",18,13900205,1390,2,5,205,2,"اردیبهشت","1390/02/05",13900205,"1390/02","دوشنبه","هفته 6",6,"دوشنبه 5 اردیبهشت 1390",1,"بهار",0,0,139002
20110426,2011-04-26 00:00:00.000,2011,4,26,426,2,"April","4/26/2011",201104,"4/1/2011","Tuesday","Week 18",18,13900206,1390,2,6,206,3,"اردیبهشت","1390/02/06",13900206,"1390/02","سه شنبه","هفته 6",6,"سه شنبه 6 اردیبهشت 1390",1,"بهار",0,0,139002
20110427,2011-04-27 00:00:00.000,2011,4,27,427,3,"April","4/27/2011",201104,"4/1/2011","Wednesday","Week 18",18,13900207,1390,2,7,207,4,"اردیبهشت","1390/02/07",13900207,"1390/02","چهارشنبه","هفته 6",6,"چهارشنبه 7 اردیبهشت 1390",1,"بهار",0,0,139002
20110428,2011-04-28 00:00:00.000,2011,4,28,428,4,"April","4/28/2011",201104,"4/1/2011","Thursday","Week 18",18,13900208,1390,2,8,208,5,"اردیبهشت","1390/02/08",13900208,"1390/02","پنج شنبه","هفته 6",6,"پنج شنبه 8 اردیبهشت 1390",1,"بهار",0,0,139002
20110429,2011-04-29 00:00:00.000,2011,4,29,429,5,"April","4/29/2011",201104,"4/1/2011","Friday","Week 18",18,13900209,1390,2,9,209,6,"اردیبهشت","1390/02/09",13900209,"1390/02","جمعه","هفته 6",6,"جمعه 9 اردیبهشت 1390",1,"بهار",0,0,139002
20110430,2011-04-30 00:00:00.000,2011,4,30,430,6,"April","4/30/2011",201104,"4/1/2011","Saturday","Week 18",18,13900210,1390,2,10,210,0,"اردیبهشت","1390/02/10",13900210,"1390/02","شنبه","هفته 7",7,"شنبه 10 اردیبهشت 1390",1,"بهار",0,0,139002
20110501,2011-05-01 00:00:00.000,2011,5,1,501,0,"May","5/1/2011",201105,"5/1/2011","Sunday","Week 19",19,13900211,1390,2,11,211,1,"اردیبهشت","1390/02/11",13900211,"1390/02","یکشنبه","هفته 7",7,"یکشنبه 11 اردیبهشت 1390",1,"بهار",0,0,139002
20110502,2011-05-02 00:00:00.000,2011,5,2,502,1,"May","5/2/2011",201105,"5/1/2011","Monday","Week 19",19,13900212,1390,2,12,212,2,"اردیبهشت","1390/02/12",13900212,"1390/02","دوشنبه","هفته 7",7,"دوشنبه 12 اردیبهشت 1390",1,"بهار",0,0,139002
20110503,2011-05-03 00:00:00.000,2011,5,3,503,2,"May","5/3/2011",201105,"5/1/2011","Tuesday","Week 19",19,13900213,1390,2,13,213,3,"اردیبهشت","1390/02/13",13900213,"1390/02","سه شنبه","هفته 7",7,"سه شنبه 13 اردیبهشت 1390",1,"بهار",0,0,139002
20110504,2011-05-04 00:00:00.000,2011,5,4,504,3,"May","5/4/2011",201105,"5/1/2011","Wednesday","Week 19",19,13900214,1390,2,14,214,4,"اردیبهشت","1390/02/14",13900214,"1390/02","چهارشنبه","هفته 7",7,"چهارشنبه 14 اردیبهشت 1390",1,"بهار",0,0,139002
20110505,2011-05-05 00:00:00.000,2011,5,5,505,4,"May","5/5/2011",201105,"5/1/2011","Thursday","Week 19",19,13900215,1390,2,15,215,5,"اردیبهشت","1390/02/15",13900215,"1390/02","پنج شنبه","هفته 7",7,"پنج شنبه 15 اردیبهشت 1390",1,"بهار",0,0,139002
20110506,2011-05-06 00:00:00.000,2011,5,6,506,5,"May","5/6/2011",201105,"5/1/2011","Friday","Week 19",19,13900216,1390,2,16,216,6,"اردیبهشت","1390/02/16",13900216,"1390/02","جمعه","هفته 7",7,"جمعه 16 اردیبهشت 1390",1,"بهار",0,0,139002
20110507,2011-05-07 00:00:00.000,2011,5,7,507,6,"May","5/7/2011",201105,"5/1/2011","Saturday","Week 19",19,13900217,1390,2,17,217,0,"اردیبهشت","1390/02/17",13900217,"1390/02","شنبه","هفته 8",8,"شنبه 17 اردیبهشت 1390",1,"بهار",0,0,139002
20110508,2011-05-08 00:00:00.000,2011,5,8,508,0,"May","5/8/2011",201105,"5/1/2011","Sunday","Week 20",20,13900218,1390,2,18,218,1,"اردیبهشت","1390/02/18",13900218,"1390/02","یکشنبه","هفته 8",8,"یکشنبه 18 اردیبهشت 1390",1,"بهار",0,0,139002
20110509,2011-05-09 00:00:00.000,2011,5,9,509,1,"May","5/9/2011",201105,"5/1/2011","Monday","Week 20",20,13900219,1390,2,19,219,2,"اردیبهشت","1390/02/19",13900219,"1390/02","دوشنبه","هفته 8",8,"دوشنبه 19 اردیبهشت 1390",1,"بهار",0,0,139002
20110510,2011-05-10 00:00:00.000,2011,5,10,510,2,"May","5/10/2011",201105,"5/1/2011","Tuesday","Week 20",20,13900220,1390,2,20,220,3,"اردیبهشت","1390/02/20",13900220,"1390/02","سه شنبه","هفته 8",8,"سه شنبه 20 اردیبهشت 1390",1,"بهار",0,0,139002
20110511,2011-05-11 00:00:00.000,2011,5,11,511,3,"May","5/11/2011",201105,"5/1/2011","Wednesday","Week 20",20,13900221,1390,2,21,221,4,"اردیبهشت","1390/02/21",13900221,"1390/02","چهارشنبه","هفته 8",8,"چهارشنبه 21 اردیبهشت 1390",1,"بهار",0,0,139002
20110512,2011-05-12 00:00:00.000,2011,5,12,512,4,"May","5/12/2011",201105,"5/1/2011","Thursday","Week 20",20,13900222,1390,2,22,222,5,"اردیبهشت","1390/02/22",13900222,"1390/02","پنج شنبه","هفته 8",8,"پنج شنبه 22 اردیبهشت 1390",1,"بهار",0,0,139002
20110513,2011-05-13 00:00:00.000,2011,5,13,513,5,"May","5/13/2011",201105,"5/1/2011","Friday","Week 20",20,13900223,1390,2,23,223,6,"اردیبهشت","1390/02/23",13900223,"1390/02","جمعه","هفته 8",8,"جمعه 23 اردیبهشت 1390",1,"بهار",0,0,139002
20110514,2011-05-14 00:00:00.000,2011,5,14,514,6,"May","5/14/2011",201105,"5/1/2011","Saturday","Week 20",20,13900224,1390,2,24,224,0,"اردیبهشت","1390/02/24",13900224,"1390/02","شنبه","هفته 9",9,"شنبه 24 اردیبهشت 1390",1,"بهار",0,0,139002
20110515,2011-05-15 00:00:00.000,2011,5,15,515,0,"May","5/15/2011",201105,"5/1/2011","Sunday","Week 21",21,13900225,1390,2,25,225,1,"اردیبهشت","1390/02/25",13900225,"1390/02","یکشنبه","هفته 9",9,"یکشنبه 25 اردیبهشت 1390",1,"بهار",0,0,139002
20110516,2011-05-16 00:00:00.000,2011,5,16,516,1,"May","5/16/2011",201105,"5/1/2011","Monday","Week 21",21,13900226,1390,2,26,226,2,"اردیبهشت","1390/02/26",13900226,"1390/02","دوشنبه","هفته 9",9,"دوشنبه 26 اردیبهشت 1390",1,"بهار",0,0,139002
20110517,2011-05-17 00:00:00.000,2011,5,17,517,2,"May","5/17/2011",201105,"5/1/2011","Tuesday","Week 21",21,13900227,1390,2,27,227,3,"اردیبهشت","1390/02/27",13900227,"1390/02","سه شنبه","هفته 9",9,"سه شنبه 27 اردیبهشت 1390",1,"بهار",0,0,139002
20110518,2011-05-18 00:00:00.000,2011,5,18,518,3,"May","5/18/2011",201105,"5/1/2011","Wednesday","Week 21",21,13900228,1390,2,28,228,4,"اردیبهشت","1390/02/28",13900228,"1390/02","چهارشنبه","هفته 9",9,"چهارشنبه 28 اردیبهشت 1390",1,"بهار",0,0,139002
20110519,2011-05-19 00:00:00.000,2011,5,19,519,4,"May","5/19/2011",201105,"5/1/2011","Thursday","Week 21",21,13900229,1390,2,29,229,5,"اردیبهشت","1390/02/29",13900229,"1390/02","پنج شنبه","هفته 9",9,"پنج شنبه 29 اردیبهشت 1390",1,"بهار",0,0,139002
20110520,2011-05-20 00:00:00.000,2011,5,20,520,5,"May","5/20/2011",201105,"5/1/2011","Friday","Week 21",21,13900230,1390,2,30,230,6,"اردیبهشت","1390/02/30",13900230,"1390/02","جمعه","هفته 9",9,"جمعه 30 اردیبهشت 1390",1,"بهار",0,0,139002
20110521,2011-05-21 00:00:00.000,2011,5,21,521,6,"May","5/21/2011",201105,"5/1/2011","Saturday","Week 21",21,13900231,1390,2,31,231,0,"اردیبهشت","1390/02/31",13900231,"1390/02","شنبه","هفته 10",10,"شنبه 31 اردیبهشت 1390",1,"بهار",0,0,139002
20110522,2011-05-22 00:00:00.000,2011,5,22,522,0,"May","5/22/2011",201105,"5/1/2011","Sunday","Week 22",22,13900301,1390,3,1,301,1,"خرداد","1390/03/01",13900301,"1390/03","یکشنبه","هفته 10",10,"یکشنبه 1 خرداد 1390",1,"بهار",0,0,139003
20110523,2011-05-23 00:00:00.000,2011,5,23,523,1,"May","5/23/2011",201105,"5/1/2011","Monday","Week 22",22,13900302,1390,3,2,302,2,"خرداد","1390/03/02",13900302,"1390/03","دوشنبه","هفته 10",10,"دوشنبه 2 خرداد 1390",1,"بهار",0,0,139003
20110524,2011-05-24 00:00:00.000,2011,5,24,524,2,"May","5/24/2011",201105,"5/1/2011","Tuesday","Week 22",22,13900303,1390,3,3,303,3,"خرداد","1390/03/03",13900303,"1390/03","سه شنبه","هفته 10",10,"سه شنبه 3 خرداد 1390",1,"بهار",0,0,139003
20110525,2011-05-25 00:00:00.000,2011,5,25,525,3,"May","5/25/2011",201105,"5/1/2011","Wednesday","Week 22",22,13900304,1390,3,4,304,4,"خرداد","1390/03/04",13900304,"1390/03","چهارشنبه","هفته 10",10,"چهارشنبه 4 خرداد 1390",1,"بهار",0,0,139003
20110526,2011-05-26 00:00:00.000,2011,5,26,526,4,"May","5/26/2011",201105,"5/1/2011","Thursday","Week 22",22,13900305,1390,3,5,305,5,"خرداد","1390/03/05",13900305,"1390/03","پنج شنبه","هفته 10",10,"پنج شنبه 5 خرداد 1390",1,"بهار",0,0,139003
20110527,2011-05-27 00:00:00.000,2011,5,27,527,5,"May","5/27/2011",201105,"5/1/2011","Friday","Week 22",22,13900306,1390,3,6,306,6,"خرداد","1390/03/06",13900306,"1390/03","جمعه","هفته 10",10,"جمعه 6 خرداد 1390",1,"بهار",0,0,139003
20110528,2011-05-28 00:00:00.000,2011,5,28,528,6,"May","5/28/2011",201105,"5/1/2011","Saturday","Week 22",22,13900307,1390,3,7,307,0,"خرداد","1390/03/07",13900307,"1390/03","شنبه","هفته 11",11,"شنبه 7 خرداد 1390",1,"بهار",0,0,139003
20110529,2011-05-29 00:00:00.000,2011,5,29,529,0,"May","5/29/2011",201105,"5/1/2011","Sunday","Week 23",23,13900308,1390,3,8,308,1,"خرداد","1390/03/08",13900308,"1390/03","یکشنبه","هفته 11",11,"یکشنبه 8 خرداد 1390",1,"بهار",0,0,139003
20110530,2011-05-30 00:00:00.000,2011,5,30,530,1,"May","5/30/2011",201105,"5/1/2011","Monday","Week 23",23,13900309,1390,3,9,309,2,"خرداد","1390/03/09",13900309,"1390/03","دوشنبه","هفته 11",11,"دوشنبه 9 خرداد 1390",1,"بهار",0,0,139003
20110531,2011-05-31 00:00:00.000,2011,5,31,531,2,"May","5/31/2011",201105,"5/1/2011","Tuesday","Week 23",23,13900310,1390,3,10,310,3,"خرداد","1390/03/10",13900310,"1390/03","سه شنبه","هفته 11",11,"سه شنبه 10 خرداد 1390",1,"بهار",0,0,139003
20110601,2011-06-01 00:00:00.000,2011,6,1,601,3,"June","6/1/2011",201106,"6/1/2011","Wednesday","Week 23",23,13900311,1390,3,11,311,4,"خرداد","1390/03/11",13900311,"1390/03","چهارشنبه","هفته 11",11,"چهارشنبه 11 خرداد 1390",1,"بهار",0,0,139003
20110602,2011-06-02 00:00:00.000,2011,6,2,602,4,"June","6/2/2011",201106,"6/1/2011","Thursday","Week 23",23,13900312,1390,3,12,312,5,"خرداد","1390/03/12",13900312,"1390/03","پنج شنبه","هفته 11",11,"پنج شنبه 12 خرداد 1390",1,"بهار",0,0,139003
20110603,2011-06-03 00:00:00.000,2011,6,3,603,5,"June","6/3/2011",201106,"6/1/2011","Friday","Week 23",23,13900313,1390,3,13,313,6,"خرداد","1390/03/13",13900313,"1390/03","جمعه","هفته 11",11,"جمعه 13 خرداد 1390",1,"بهار",0,0,139003
20110604,2011-06-04 00:00:00.000,2011,6,4,604,6,"June","6/4/2011",201106,"6/1/2011","Saturday","Week 23",23,13900314,1390,3,14,314,0,"خرداد","1390/03/14",13900314,"1390/03","شنبه","هفته 12",12,"شنبه 14 خرداد 1390",1,"بهار",0,0,139003
20110605,2011-06-05 00:00:00.000,2011,6,5,605,0,"June","6/5/2011",201106,"6/1/2011","Sunday","Week 24",24,13900315,1390,3,15,315,1,"خرداد","1390/03/15",13900315,"1390/03","یکشنبه","هفته 12",12,"یکشنبه 15 خرداد 1390",1,"بهار",0,0,139003
20110606,2011-06-06 00:00:00.000,2011,6,6,606,1,"June","6/6/2011",201106,"6/1/2011","Monday","Week 24",24,13900316,1390,3,16,316,2,"خرداد","1390/03/16",13900316,"1390/03","دوشنبه","هفته 12",12,"دوشنبه 16 خرداد 1390",1,"بهار",0,0,139003
20110607,2011-06-07 00:00:00.000,2011,6,7,607,2,"June","6/7/2011",201106,"6/1/2011","Tuesday","Week 24",24,13900317,1390,3,17,317,3,"خرداد","1390/03/17",13900317,"1390/03","سه شنبه","هفته 12",12,"سه شنبه 17 خرداد 1390",1,"بهار",0,0,139003
20110608,2011-06-08 00:00:00.000,2011,6,8,608,3,"June","6/8/2011",201106,"6/1/2011","Wednesday","Week 24",24,13900318,1390,3,18,318,4,"خرداد","1390/03/18",13900318,"1390/03","چهارشنبه","هفته 12",12,"چهارشنبه 18 خرداد 1390",1,"بهار",0,0,139003
20110609,2011-06-09 00:00:00.000,2011,6,9,609,4,"June","6/9/2011",201106,"6/1/2011","Thursday","Week 24",24,13900319,1390,3,19,319,5,"خرداد","1390/03/19",13900319,"1390/03","پنج شنبه","هفته 12",12,"پنج شنبه 19 خرداد 1390",1,"بهار",0,0,139003
20110610,2011-06-10 00:00:00.000,2011,6,10,610,5,"June","6/10/2011",201106,"6/1/2011","Friday","Week 24",24,13900320,1390,3,20,320,6,"خرداد","1390/03/20",13900320,"1390/03","جمعه","هفته 12",12,"جمعه 20 خرداد 1390",1,"بهار",0,0,139003
20110611,2011-06-11 00:00:00.000,2011,6,11,611,6,"June","6/11/2011",201106,"6/1/2011","Saturday","Week 24",24,13900321,1390,3,21,321,0,"خرداد","1390/03/21",13900321,"1390/03","شنبه","هفته 13",13,"شنبه 21 خرداد 1390",1,"بهار",0,0,139003
20110612,2011-06-12 00:00:00.000,2011,6,12,612,0,"June","6/12/2011",201106,"6/1/2011","Sunday","Week 25",25,13900322,1390,3,22,322,1,"خرداد","1390/03/22",13900322,"1390/03","یکشنبه","هفته 13",13,"یکشنبه 22 خرداد 1390",1,"بهار",0,0,139003
20110613,2011-06-13 00:00:00.000,2011,6,13,613,1,"June","6/13/2011",201106,"6/1/2011","Monday","Week 25",25,13900323,1390,3,23,323,2,"خرداد","1390/03/23",13900323,"1390/03","دوشنبه","هفته 13",13,"دوشنبه 23 خرداد 1390",1,"بهار",0,0,139003
20110614,2011-06-14 00:00:00.000,2011,6,14,614,2,"June","6/14/2011",201106,"6/1/2011","Tuesday","Week 25",25,13900324,1390,3,24,324,3,"خرداد","1390/03/24",13900324,"1390/03","سه شنبه","هفته 13",13,"سه شنبه 24 خرداد 1390",1,"بهار",0,0,139003
20110615,2011-06-15 00:00:00.000,2011,6,15,615,3,"June","6/15/2011",201106,"6/1/2011","Wednesday","Week 25",25,13900325,1390,3,25,325,4,"خرداد","1390/03/25",13900325,"1390/03","چهارشنبه","هفته 13",13,"چهارشنبه 25 خرداد 1390",1,"بهار",0,0,139003
20110616,2011-06-16 00:00:00.000,2011,6,16,616,4,"June","6/16/2011",201106,"6/1/2011","Thursday","Week 25",25,13900326,1390,3,26,326,5,"خرداد","1390/03/26",13900326,"1390/03","پنج شنبه","هفته 13",13,"پنج شنبه 26 خرداد 1390",1,"بهار",0,0,139003
20110617,2011-06-17 00:00:00.000,2011,6,17,617,5,"June","6/17/2011",201106,"6/1/2011","Friday","Week 25",25,13900327,1390,3,27,327,6,"خرداد","1390/03/27",13900327,"1390/03","جمعه","هفته 13",13,"جمعه 27 خرداد 1390",1,"بهار",0,0,139003
20110618,2011-06-18 00:00:00.000,2011,6,18,618,6,"June","6/18/2011",201106,"6/1/2011","Saturday","Week 25",25,13900328,1390,3,28,328,0,"خرداد","1390/03/28",13900328,"1390/03","شنبه","هفته 14",14,"شنبه 28 خرداد 1390",1,"بهار",0,0,139003
20110619,2011-06-19 00:00:00.000,2011,6,19,619,0,"June","6/19/2011",201106,"6/1/2011","Sunday","Week 26",26,13900329,1390,3,29,329,1,"خرداد","1390/03/29",13900329,"1390/03","یکشنبه","هفته 14",14,"یکشنبه 29 خرداد 1390",1,"بهار",0,0,139003
20110620,2011-06-20 00:00:00.000,2011,6,20,620,1,"June","6/20/2011",201106,"6/1/2011","Monday","Week 26",26,13900330,1390,3,30,330,2,"خرداد","1390/03/30",13900330,"1390/03","دوشنبه","هفته 14",14,"دوشنبه 30 خرداد 1390",1,"بهار",0,0,139003
20110621,2011-06-21 00:00:00.000,2011,6,21,621,2,"June","6/21/2011",201106,"6/1/2011","Tuesday","Week 26",26,13900331,1390,3,31,331,3,"خرداد","1390/03/31",13900331,"1390/03","سه شنبه","هفته 14",14,"سه شنبه 31 خرداد 1390",1,"بهار",0,0,139003
20110622,2011-06-22 00:00:00.000,2011,6,22,622,3,"June","6/22/2011",201106,"6/1/2011","Wednesday","Week 26",26,13900401,1390,4,1,401,4,"تیر","1390/04/01",13900401,"1390/04","چهارشنبه","هفته 14",14,"چهارشنبه 1 تیر 1390",2,"تابستان",0,0,139004
20110623,2011-06-23 00:00:00.000,2011,6,23,623,4,"June","6/23/2011",201106,"6/1/2011","Thursday","Week 26",26,13900402,1390,4,2,402,5,"تیر","1390/04/02",13900402,"1390/04","پنج شنبه","هفته 14",14,"پنج شنبه 2 تیر 1390",2,"تابستان",0,0,139004
20110624,2011-06-24 00:00:00.000,2011,6,24,624,5,"June","6/24/2011",201106,"6/1/2011","Friday","Week 26",26,13900403,1390,4,3,403,6,"تیر","1390/04/03",13900403,"1390/04","جمعه","هفته 14",14,"جمعه 3 تیر 1390",2,"تابستان",0,0,139004
20110625,2011-06-25 00:00:00.000,2011,6,25,625,6,"June","6/25/2011",201106,"6/1/2011","Saturday","Week 26",26,13900404,1390,4,4,404,0,"تیر","1390/04/04",13900404,"1390/04","شنبه","هفته 15",15,"شنبه 4 تیر 1390",2,"تابستان",0,0,139004
20110626,2011-06-26 00:00:00.000,2011,6,26,626,0,"June","6/26/2011",201106,"6/1/2011","Sunday","Week 27",27,13900405,1390,4,5,405,1,"تیر","1390/04/05",13900405,"1390/04","یکشنبه","هفته 15",15,"یکشنبه 5 تیر 1390",2,"تابستان",0,0,139004
20110627,2011-06-27 00:00:00.000,2011,6,27,627,1,"June","6/27/2011",201106,"6/1/2011","Monday","Week 27",27,13900406,1390,4,6,406,2,"تیر","1390/04/06",13900406,"1390/04","دوشنبه","هفته 15",15,"دوشنبه 6 تیر 1390",2,"تابستان",0,0,139004
20110628,2011-06-28 00:00:00.000,2011,6,28,628,2,"June","6/28/2011",201106,"6/1/2011","Tuesday","Week 27",27,13900407,1390,4,7,407,3,"تیر","1390/04/07",13900407,"1390/04","سه شنبه","هفته 15",15,"سه شنبه 7 تیر 1390",2,"تابستان",0,0,139004
20110629,2011-06-29 00:00:00.000,2011,6,29,629,3,"June","6/29/2011",201106,"6/1/2011","Wednesday","Week 27",27,13900408,1390,4,8,408,4,"تیر","1390/04/08",13900408,"1390/04","چهارشنبه","هفته 15",15,"چهارشنبه 8 تیر 1390",2,"تابستان",0,0,139004
20110630,2011-06-30 00:00:00.000,2011,6,30,630,4,"June","6/30/2011",201106,"6/1/2011","Thursday","Week 27",27,13900409,1390,4,9,409,5,"تیر","1390/04/09",13900409,"1390/04","پنج شنبه","هفته 15",15,"پنج شنبه 9 تیر 1390",2,"تابستان",0,0,139004
20110701,2011-07-01 00:00:00.000,2011,7,1,701,5,"July","7/1/2011",201107,"7/1/2011","Friday","Week 27",27,13900410,1390,4,10,410,6,"تیر","1390/04/10",13900410,"1390/04","جمعه","هفته 15",15,"جمعه 10 تیر 1390",2,"تابستان",0,0,139004
20110702,2011-07-02 00:00:00.000,2011,7,2,702,6,"July","7/2/2011",201107,"7/1/2011","Saturday","Week 27",27,13900411,1390,4,11,411,0,"تیر","1390/04/11",13900411,"1390/04","شنبه","هفته 16",16,"شنبه 11 تیر 1390",2,"تابستان",0,0,139004
20110703,2011-07-03 00:00:00.000,2011,7,3,703,0,"July","7/3/2011",201107,"7/1/2011","Sunday","Week 28",28,13900412,1390,4,12,412,1,"تیر","1390/04/12",13900412,"1390/04","یکشنبه","هفته 16",16,"یکشنبه 12 تیر 1390",2,"تابستان",0,0,139004
20110704,2011-07-04 00:00:00.000,2011,7,4,704,1,"July","7/4/2011",201107,"7/1/2011","Monday","Week 28",28,13900413,1390,4,13,413,2,"تیر","1390/04/13",13900413,"1390/04","دوشنبه","هفته 16",16,"دوشنبه 13 تیر 1390",2,"تابستان",0,0,139004
20110705,2011-07-05 00:00:00.000,2011,7,5,705,2,"July","7/5/2011",201107,"7/1/2011","Tuesday","Week 28",28,13900414,1390,4,14,414,3,"تیر","1390/04/14",13900414,"1390/04","سه شنبه","هفته 16",16,"سه شنبه 14 تیر 1390",2,"تابستان",0,0,139004
20110706,2011-07-06 00:00:00.000,2011,7,6,706,3,"July","7/6/2011",201107,"7/1/2011","Wednesday","Week 28",28,13900415,1390,4,15,415,4,"تیر","1390/04/15",13900415,"1390/04","چهارشنبه","هفته 16",16,"چهارشنبه 15 تیر 1390",2,"تابستان",0,0,139004
20110707,2011-07-07 00:00:00.000,2011,7,7,707,4,"July","7/7/2011",201107,"7/1/2011","Thursday","Week 28",28,13900416,1390,4,16,416,5,"تیر","1390/04/16",13900416,"1390/04","پنج شنبه","هفته 16",16,"پنج شنبه 16 تیر 1390",2,"تابستان",0,0,139004
20110708,2011-07-08 00:00:00.000,2011,7,8,708,5,"July","7/8/2011",201107,"7/1/2011","Friday","Week 28",28,13900417,1390,4,17,417,6,"تیر","1390/04/17",13900417,"1390/04","جمعه","هفته 16",16,"جمعه 17 تیر 1390",2,"تابستان",0,0,139004
20110709,2011-07-09 00:00:00.000,2011,7,9,709,6,"July","7/9/2011",201107,"7/1/2011","Saturday","Week 28",28,13900418,1390,4,18,418,0,"تیر","1390/04/18",13900418,"1390/04","شنبه","هفته 17",17,"شنبه 18 تیر 1390",2,"تابستان",0,0,139004
20110710,2011-07-10 00:00:00.000,2011,7,10,710,0,"July","7/10/2011",201107,"7/1/2011","Sunday","Week 29",29,13900419,1390,4,19,419,1,"تیر","1390/04/19",13900419,"1390/04","یکشنبه","هفته 17",17,"یکشنبه 19 تیر 1390",2,"تابستان",0,0,139004
20110711,2011-07-11 00:00:00.000,2011,7,11,711,1,"July","7/11/2011",201107,"7/1/2011","Monday","Week 29",29,13900420,1390,4,20,420,2,"تیر","1390/04/20",13900420,"1390/04","دوشنبه","هفته 17",17,"دوشنبه 20 تیر 1390",2,"تابستان",0,0,139004
20110712,2011-07-12 00:00:00.000,2011,7,12,712,2,"July","7/12/2011",201107,"7/1/2011","Tuesday","Week 29",29,13900421,1390,4,21,421,3,"تیر","1390/04/21",13900421,"1390/04","سه شنبه","هفته 17",17,"سه شنبه 21 تیر 1390",2,"تابستان",0,0,139004
20110713,2011-07-13 00:00:00.000,2011,7,13,713,3,"July","7/13/2011",201107,"7/1/2011","Wednesday","Week 29",29,13900422,1390,4,22,422,4,"تیر","1390/04/22",13900422,"1390/04","چهارشنبه","هفته 17",17,"چهارشنبه 22 تیر 1390",2,"تابستان",0,0,139004
20110714,2011-07-14 00:00:00.000,2011,7,14,714,4,"July","7/14/2011",201107,"7/1/2011","Thursday","Week 29",29,13900423,1390,4,23,423,5,"تیر","1390/04/23",13900423,"1390/04","پنج شنبه","هفته 17",17,"پنج شنبه 23 تیر 1390",2,"تابستان",0,0,139004
20110715,2011-07-15 00:00:00.000,2011,7,15,715,5,"July","7/15/2011",201107,"7/1/2011","Friday","Week 29",29,13900424,1390,4,24,424,6,"تیر","1390/04/24",13900424,"1390/04","جمعه","هفته 17",17,"جمعه 24 تیر 1390",2,"تابستان",0,0,139004
20110716,2011-07-16 00:00:00.000,2011,7,16,716,6,"July","7/16/2011",201107,"7/1/2011","Saturday","Week 29",29,13900425,1390,4,25,425,0,"تیر","1390/04/25",13900425,"1390/04","شنبه","هفته 18",18,"شنبه 25 تیر 1390",2,"تابستان",0,0,139004
20110717,2011-07-17 00:00:00.000,2011,7,17,717,0,"July","7/17/2011",201107,"7/1/2011","Sunday","Week 30",30,13900426,1390,4,26,426,1,"تیر","1390/04/26",13900426,"1390/04","یکشنبه","هفته 18",18,"یکشنبه 26 تیر 1390",2,"تابستان",0,0,139004
20110718,2011-07-18 00:00:00.000,2011,7,18,718,1,"July","7/18/2011",201107,"7/1/2011","Monday","Week 30",30,13900427,1390,4,27,427,2,"تیر","1390/04/27",13900427,"1390/04","دوشنبه","هفته 18",18,"دوشنبه 27 تیر 1390",2,"تابستان",0,0,139004
20110719,2011-07-19 00:00:00.000,2011,7,19,719,2,"July","7/19/2011",201107,"7/1/2011","Tuesday","Week 30",30,13900428,1390,4,28,428,3,"تیر","1390/04/28",13900428,"1390/04","سه شنبه","هفته 18",18,"سه شنبه 28 تیر 1390",2,"تابستان",0,0,139004
20110720,2011-07-20 00:00:00.000,2011,7,20,720,3,"July","7/20/2011",201107,"7/1/2011","Wednesday","Week 30",30,13900429,1390,4,29,429,4,"تیر","1390/04/29",13900429,"1390/04","چهارشنبه","هفته 18",18,"چهارشنبه 29 تیر 1390",2,"تابستان",0,0,139004
20110721,2011-07-21 00:00:00.000,2011,7,21,721,4,"July","7/21/2011",201107,"7/1/2011","Thursday","Week 30",30,13900430,1390,4,30,430,5,"تیر","1390/04/30",13900430,"1390/04","پنج شنبه","هفته 18",18,"پنج شنبه 30 تیر 1390",2,"تابستان",0,0,139004
20110722,2011-07-22 00:00:00.000,2011,7,22,722,5,"July","7/22/2011",201107,"7/1/2011","Friday","Week 30",30,13900431,1390,4,31,431,6,"تیر","1390/04/31",13900431,"1390/04","جمعه","هفته 18",18,"جمعه 31 تیر 1390",2,"تابستان",0,0,139004
20110723,2011-07-23 00:00:00.000,2011,7,23,723,6,"July","7/23/2011",201107,"7/1/2011","Saturday","Week 30",30,13900501,1390,5,1,501,0,"مرداد","1390/05/01",13900501,"1390/05","شنبه","هفته 19",19,"شنبه 1 مرداد 1390",2,"تابستان",0,0,139005
20110724,2011-07-24 00:00:00.000,2011,7,24,724,0,"July","7/24/2011",201107,"7/1/2011","Sunday","Week 31",31,13900502,1390,5,2,502,1,"مرداد","1390/05/02",13900502,"1390/05","یکشنبه","هفته 19",19,"یکشنبه 2 مرداد 1390",2,"تابستان",0,0,139005
20110725,2011-07-25 00:00:00.000,2011,7,25,725,1,"July","7/25/2011",201107,"7/1/2011","Monday","Week 31",31,13900503,1390,5,3,503,2,"مرداد","1390/05/03",13900503,"1390/05","دوشنبه","هفته 19",19,"دوشنبه 3 مرداد 1390",2,"تابستان",0,0,139005
20110726,2011-07-26 00:00:00.000,2011,7,26,726,2,"July","7/26/2011",201107,"7/1/2011","Tuesday","Week 31",31,13900504,1390,5,4,504,3,"مرداد","1390/05/04",13900504,"1390/05","سه شنبه","هفته 19",19,"سه شنبه 4 مرداد 1390",2,"تابستان",0,0,139005
20110727,2011-07-27 00:00:00.000,2011,7,27,727,3,"July","7/27/2011",201107,"7/1/2011","Wednesday","Week 31",31,13900505,1390,5,5,505,4,"مرداد","1390/05/05",13900505,"1390/05","چهارشنبه","هفته 19",19,"چهارشنبه 5 مرداد 1390",2,"تابستان",0,0,139005
20110728,2011-07-28 00:00:00.000,2011,7,28,728,4,"July","7/28/2011",201107,"7/1/2011","Thursday","Week 31",31,13900506,1390,5,6,506,5,"مرداد","1390/05/06",13900506,"1390/05","پنج شنبه","هفته 19",19,"پنج شنبه 6 مرداد 1390",2,"تابستان",0,0,139005
20110729,2011-07-29 00:00:00.000,2011,7,29,729,5,"July","7/29/2011",201107,"7/1/2011","Friday","Week 31",31,13900507,1390,5,7,507,6,"مرداد","1390/05/07",13900507,"1390/05","جمعه","هفته 19",19,"جمعه 7 مرداد 1390",2,"تابستان",0,0,139005
20110730,2011-07-30 00:00:00.000,2011,7,30,730,6,"July","7/30/2011",201107,"7/1/2011","Saturday","Week 31",31,13900508,1390,5,8,508,0,"مرداد","1390/05/08",13900508,"1390/05","شنبه","هفته 20",20,"شنبه 8 مرداد 1390",2,"تابستان",0,0,139005
20110731,2011-07-31 00:00:00.000,2011,7,31,731,0,"July","7/31/2011",201107,"7/1/2011","Sunday","Week 32",32,13900509,1390,5,9,509,1,"مرداد","1390/05/09",13900509,"1390/05","یکشنبه","هفته 20",20,"یکشنبه 9 مرداد 1390",2,"تابستان",0,0,139005
20110801,2011-08-01 00:00:00.000,2011,8,1,801,1,"August","8/1/2011",201108,"8/1/2011","Monday","Week 32",32,13900510,1390,5,10,510,2,"مرداد","1390/05/10",13900510,"1390/05","دوشنبه","هفته 20",20,"دوشنبه 10 مرداد 1390",2,"تابستان",0,0,139005
20110802,2011-08-02 00:00:00.000,2011,8,2,802,2,"August","8/2/2011",201108,"8/1/2011","Tuesday","Week 32",32,13900511,1390,5,11,511,3,"مرداد","1390/05/11",13900511,"1390/05","سه شنبه","هفته 20",20,"سه شنبه 11 مرداد 1390",2,"تابستان",0,0,139005
20110803,2011-08-03 00:00:00.000,2011,8,3,803,3,"August","8/3/2011",201108,"8/1/2011","Wednesday","Week 32",32,13900512,1390,5,12,512,4,"مرداد","1390/05/12",13900512,"1390/05","چهارشنبه","هفته 20",20,"چهارشنبه 12 مرداد 1390",2,"تابستان",0,0,139005
20110804,2011-08-04 00:00:00.000,2011,8,4,804,4,"August","8/4/2011",201108,"8/1/2011","Thursday","Week 32",32,13900513,1390,5,13,513,5,"مرداد","1390/05/13",13900513,"1390/05","پنج شنبه","هفته 20",20,"پنج شنبه 13 مرداد 1390",2,"تابستان",0,0,139005
20110805,2011-08-05 00:00:00.000,2011,8,5,805,5,"August","8/5/2011",201108,"8/1/2011","Friday","Week 32",32,13900514,1390,5,14,514,6,"مرداد","1390/05/14",13900514,"1390/05","جمعه","هفته 20",20,"جمعه 14 مرداد 1390",2,"تابستان",0,0,139005
20110806,2011-08-06 00:00:00.000,2011,8,6,806,6,"August","8/6/2011",201108,"8/1/2011","Saturday","Week 32",32,13900515,1390,5,15,515,0,"مرداد","1390/05/15",13900515,"1390/05","شنبه","هفته 21",21,"شنبه 15 مرداد 1390",2,"تابستان",0,0,139005
20110807,2011-08-07 00:00:00.000,2011,8,7,807,0,"August","8/7/2011",201108,"8/1/2011","Sunday","Week 33",33,13900516,1390,5,16,516,1,"مرداد","1390/05/16",13900516,"1390/05","یکشنبه","هفته 21",21,"یکشنبه 16 مرداد 1390",2,"تابستان",0,0,139005
20110808,2011-08-08 00:00:00.000,2011,8,8,808,1,"August","8/8/2011",201108,"8/1/2011","Monday","Week 33",33,13900517,1390,5,17,517,2,"مرداد","1390/05/17",13900517,"1390/05","دوشنبه","هفته 21",21,"دوشنبه 17 مرداد 1390",2,"تابستان",0,0,139005
20110809,2011-08-09 00:00:00.000,2011,8,9,809,2,"August","8/9/2011",201108,"8/1/2011","Tuesday","Week 33",33,13900518,1390,5,18,518,3,"مرداد","1390/05/18",13900518,"1390/05","سه شنبه","هفته 21",21,"سه شنبه 18 مرداد 1390",2,"تابستان",0,0,139005
20110810,2011-08-10 00:00:00.000,2011,8,10,810,3,"August","8/10/2011",201108,"8/1/2011","Wednesday","Week 33",33,13900519,1390,5,19,519,4,"مرداد","1390/05/19",13900519,"1390/05","چهارشنبه","هفته 21",21,"چهارشنبه 19 مرداد 1390",2,"تابستان",0,0,139005
20110811,2011-08-11 00:00:00.000,2011,8,11,811,4,"August","8/11/2011",201108,"8/1/2011","Thursday","Week 33",33,13900520,1390,5,20,520,5,"مرداد","1390/05/20",13900520,"1390/05","پنج شنبه","هفته 21",21,"پنج شنبه 20 مرداد 1390",2,"تابستان",0,0,139005
20110812,2011-08-12 00:00:00.000,2011,8,12,812,5,"August","8/12/2011",201108,"8/1/2011","Friday","Week 33",33,13900521,1390,5,21,521,6,"مرداد","1390/05/21",13900521,"1390/05","جمعه","هفته 21",21,"جمعه 21 مرداد 1390",2,"تابستان",0,0,139005
20110813,2011-08-13 00:00:00.000,2011,8,13,813,6,"August","8/13/2011",201108,"8/1/2011","Saturday","Week 33",33,13900522,1390,5,22,522,0,"مرداد","1390/05/22",13900522,"1390/05","شنبه","هفته 22",22,"شنبه 22 مرداد 1390",2,"تابستان",0,0,139005
20110814,2011-08-14 00:00:00.000,2011,8,14,814,0,"August","8/14/2011",201108,"8/1/2011","Sunday","Week 34",34,13900523,1390,5,23,523,1,"مرداد","1390/05/23",13900523,"1390/05","یکشنبه","هفته 22",22,"یکشنبه 23 مرداد 1390",2,"تابستان",0,0,139005
20110815,2011-08-15 00:00:00.000,2011,8,15,815,1,"August","8/15/2011",201108,"8/1/2011","Monday","Week 34",34,13900524,1390,5,24,524,2,"مرداد","1390/05/24",13900524,"1390/05","دوشنبه","هفته 22",22,"دوشنبه 24 مرداد 1390",2,"تابستان",0,0,139005
20110816,2011-08-16 00:00:00.000,2011,8,16,816,2,"August","8/16/2011",201108,"8/1/2011","Tuesday","Week 34",34,13900525,1390,5,25,525,3,"مرداد","1390/05/25",13900525,"1390/05","سه شنبه","هفته 22",22,"سه شنبه 25 مرداد 1390",2,"تابستان",0,0,139005
20110817,2011-08-17 00:00:00.000,2011,8,17,817,3,"August","8/17/2011",201108,"8/1/2011","Wednesday","Week 34",34,13900526,1390,5,26,526,4,"مرداد","1390/05/26",13900526,"1390/05","چهارشنبه","هفته 22",22,"چهارشنبه 26 مرداد 1390",2,"تابستان",0,0,139005
20110818,2011-08-18 00:00:00.000,2011,8,18,818,4,"August","8/18/2011",201108,"8/1/2011","Thursday","Week 34",34,13900527,1390,5,27,527,5,"مرداد","1390/05/27",13900527,"1390/05","پنج شنبه","هفته 22",22,"پنج شنبه 27 مرداد 1390",2,"تابستان",0,0,139005
20110819,2011-08-19 00:00:00.000,2011,8,19,819,5,"August","8/19/2011",201108,"8/1/2011","Friday","Week 34",34,13900528,1390,5,28,528,6,"مرداد","1390/05/28",13900528,"1390/05","جمعه","هفته 22",22,"جمعه 28 مرداد 1390",2,"تابستان",0,0,139005
20110820,2011-08-20 00:00:00.000,2011,8,20,820,6,"August","8/20/2011",201108,"8/1/2011","Saturday","Week 34",34,13900529,1390,5,29,529,0,"مرداد","1390/05/29",13900529,"1390/05","شنبه","هفته 23",23,"شنبه 29 مرداد 1390",2,"تابستان",0,0,139005
20110821,2011-08-21 00:00:00.000,2011,8,21,821,0,"August","8/21/2011",201108,"8/1/2011","Sunday","Week 35",35,13900530,1390,5,30,530,1,"مرداد","1390/05/30",13900530,"1390/05","یکشنبه","هفته 23",23,"یکشنبه 30 مرداد 1390",2,"تابستان",0,0,139005
20110822,2011-08-22 00:00:00.000,2011,8,22,822,1,"August","8/22/2011",201108,"8/1/2011","Monday","Week 35",35,13900531,1390,5,31,531,2,"مرداد","1390/05/31",13900531,"1390/05","دوشنبه","هفته 23",23,"دوشنبه 31 مرداد 1390",2,"تابستان",0,0,139005
20110823,2011-08-23 00:00:00.000,2011,8,23,823,2,"August","8/23/2011",201108,"8/1/2011","Tuesday","Week 35",35,13900601,1390,6,1,601,3,"شهریور","1390/06/01",13900601,"1390/06","سه شنبه","هفته 23",23,"سه شنبه 1 شهریور 1390",2,"تابستان",0,0,139006
20110824,2011-08-24 00:00:00.000,2011,8,24,824,3,"August","8/24/2011",201108,"8/1/2011","Wednesday","Week 35",35,13900602,1390,6,2,602,4,"شهریور","1390/06/02",13900602,"1390/06","چهارشنبه","هفته 23",23,"چهارشنبه 2 شهریور 1390",2,"تابستان",0,0,139006
20110825,2011-08-25 00:00:00.000,2011,8,25,825,4,"August","8/25/2011",201108,"8/1/2011","Thursday","Week 35",35,13900603,1390,6,3,603,5,"شهریور","1390/06/03",13900603,"1390/06","پنج شنبه","هفته 23",23,"پنج شنبه 3 شهریور 1390",2,"تابستان",0,0,139006
20110826,2011-08-26 00:00:00.000,2011,8,26,826,5,"August","8/26/2011",201108,"8/1/2011","Friday","Week 35",35,13900604,1390,6,4,604,6,"شهریور","1390/06/04",13900604,"1390/06","جمعه","هفته 23",23,"جمعه 4 شهریور 1390",2,"تابستان",0,0,139006
20110827,2011-08-27 00:00:00.000,2011,8,27,827,6,"August","8/27/2011",201108,"8/1/2011","Saturday","Week 35",35,13900605,1390,6,5,605,0,"شهریور","1390/06/05",13900605,"1390/06","شنبه","هفته 24",24,"شنبه 5 شهریور 1390",2,"تابستان",0,0,139006
20110828,2011-08-28 00:00:00.000,2011,8,28,828,0,"August","8/28/2011",201108,"8/1/2011","Sunday","Week 36",36,13900606,1390,6,6,606,1,"شهریور","1390/06/06",13900606,"1390/06","یکشنبه","هفته 24",24,"یکشنبه 6 شهریور 1390",2,"تابستان",0,0,139006
20110829,2011-08-29 00:00:00.000,2011,8,29,829,1,"August","8/29/2011",201108,"8/1/2011","Monday","Week 36",36,13900607,1390,6,7,607,2,"شهریور","1390/06/07",13900607,"1390/06","دوشنبه","هفته 24",24,"دوشنبه 7 شهریور 1390",2,"تابستان",0,0,139006
20110830,2011-08-30 00:00:00.000,2011,8,30,830,2,"August","8/30/2011",201108,"8/1/2011","Tuesday","Week 36",36,13900608,1390,6,8,608,3,"شهریور","1390/06/08",13900608,"1390/06","سه شنبه","هفته 24",24,"سه شنبه 8 شهریور 1390",2,"تابستان",0,0,139006
20110831,2011-08-31 00:00:00.000,2011,8,31,831,3,"August","8/31/2011",201108,"8/1/2011","Wednesday","Week 36",36,13900609,1390,6,9,609,4,"شهریور","1390/06/09",13900609,"1390/06","چهارشنبه","هفته 24",24,"چهارشنبه 9 شهریور 1390",2,"تابستان",0,0,139006
20110901,2011-09-01 00:00:00.000,2011,9,1,901,4,"September","9/1/2011",201109,"9/1/2011","Thursday","Week 36",36,13900610,1390,6,10,610,5,"شهریور","1390/06/10",13900610,"1390/06","پنج شنبه","هفته 24",24,"پنج شنبه 10 شهریور 1390",2,"تابستان",0,0,139006
20110902,2011-09-02 00:00:00.000,2011,9,2,902,5,"September","9/2/2011",201109,"9/1/2011","Friday","Week 36",36,13900611,1390,6,11,611,6,"شهریور","1390/06/11",13900611,"1390/06","جمعه","هفته 24",24,"جمعه 11 شهریور 1390",2,"تابستان",0,0,139006
20110903,2011-09-03 00:00:00.000,2011,9,3,903,6,"September","9/3/2011",201109,"9/1/2011","Saturday","Week 36",36,13900612,1390,6,12,612,0,"شهریور","1390/06/12",13900612,"1390/06","شنبه","هفته 25",25,"شنبه 12 شهریور 1390",2,"تابستان",0,0,139006
20110904,2011-09-04 00:00:00.000,2011,9,4,904,0,"September","9/4/2011",201109,"9/1/2011","Sunday","Week 37",37,13900613,1390,6,13,613,1,"شهریور","1390/06/13",13900613,"1390/06","یکشنبه","هفته 25",25,"یکشنبه 13 شهریور 1390",2,"تابستان",0,0,139006
20110905,2011-09-05 00:00:00.000,2011,9,5,905,1,"September","9/5/2011",201109,"9/1/2011","Monday","Week 37",37,13900614,1390,6,14,614,2,"شهریور","1390/06/14",13900614,"1390/06","دوشنبه","هفته 25",25,"دوشنبه 14 شهریور 1390",2,"تابستان",0,0,139006
20110906,2011-09-06 00:00:00.000,2011,9,6,906,2,"September","9/6/2011",201109,"9/1/2011","Tuesday","Week 37",37,13900615,1390,6,15,615,3,"شهریور","1390/06/15",13900615,"1390/06","سه شنبه","هفته 25",25,"سه شنبه 15 شهریور 1390",2,"تابستان",0,0,139006
20110907,2011-09-07 00:00:00.000,2011,9,7,907,3,"September","9/7/2011",201109,"9/1/2011","Wednesday","Week 37",37,13900616,1390,6,16,616,4,"شهریور","1390/06/16",13900616,"1390/06","چهارشنبه","هفته 25",25,"چهارشنبه 16 شهریور 1390",2,"تابستان",0,0,139006
20110908,2011-09-08 00:00:00.000,2011,9,8,908,4,"September","9/8/2011",201109,"9/1/2011","Thursday","Week 37",37,13900617,1390,6,17,617,5,"شهریور","1390/06/17",13900617,"1390/06","پنج شنبه","هفته 25",25,"پنج شنبه 17 شهریور 1390",2,"تابستان",0,0,139006
20110909,2011-09-09 00:00:00.000,2011,9,9,909,5,"September","9/9/2011",201109,"9/1/2011","Friday","Week 37",37,13900618,1390,6,18,618,6,"شهریور","1390/06/18",13900618,"1390/06","جمعه","هفته 25",25,"جمعه 18 شهریور 1390",2,"تابستان",0,0,139006
20110910,2011-09-10 00:00:00.000,2011,9,10,910,6,"September","9/10/2011",201109,"9/1/2011","Saturday","Week 37",37,13900619,1390,6,19,619,0,"شهریور","1390/06/19",13900619,"1390/06","شنبه","هفته 26",26,"شنبه 19 شهریور 1390",2,"تابستان",0,0,139006
20110911,2011-09-11 00:00:00.000,2011,9,11,911,0,"September","9/11/2011",201109,"9/1/2011","Sunday","Week 38",38,13900620,1390,6,20,620,1,"شهریور","1390/06/20",13900620,"1390/06","یکشنبه","هفته 26",26,"یکشنبه 20 شهریور 1390",2,"تابستان",0,0,139006
20110912,2011-09-12 00:00:00.000,2011,9,12,912,1,"September","9/12/2011",201109,"9/1/2011","Monday","Week 38",38,13900621,1390,6,21,621,2,"شهریور","1390/06/21",13900621,"1390/06","دوشنبه","هفته 26",26,"دوشنبه 21 شهریور 1390",2,"تابستان",0,0,139006
20110913,2011-09-13 00:00:00.000,2011,9,13,913,2,"September","9/13/2011",201109,"9/1/2011","Tuesday","Week 38",38,13900622,1390,6,22,622,3,"شهریور","1390/06/22",13900622,"1390/06","سه شنبه","هفته 26",26,"سه شنبه 22 شهریور 1390",2,"تابستان",0,0,139006
20110914,2011-09-14 00:00:00.000,2011,9,14,914,3,"September","9/14/2011",201109,"9/1/2011","Wednesday","Week 38",38,13900623,1390,6,23,623,4,"شهریور","1390/06/23",13900623,"1390/06","چهارشنبه","هفته 26",26,"چهارشنبه 23 شهریور 1390",2,"تابستان",0,0,139006
20110915,2011-09-15 00:00:00.000,2011,9,15,915,4,"September","9/15/2011",201109,"9/1/2011","Thursday","Week 38",38,13900624,1390,6,24,624,5,"شهریور","1390/06/24",13900624,"1390/06","پنج شنبه","هفته 26",26,"پنج شنبه 24 شهریور 1390",2,"تابستان",0,0,139006
20110916,2011-09-16 00:00:00.000,2011,9,16,916,5,"September","9/16/2011",201109,"9/1/2011","Friday","Week 38",38,13900625,1390,6,25,625,6,"شهریور","1390/06/25",13900625,"1390/06","جمعه","هفته 26",26,"جمعه 25 شهریور 1390",2,"تابستان",0,0,139006
20110917,2011-09-17 00:00:00.000,2011,9,17,917,6,"September","9/17/2011",201109,"9/1/2011","Saturday","Week 38",38,13900626,1390,6,26,626,0,"شهریور","1390/06/26",13900626,"1390/06","شنبه","هفته 27",27,"شنبه 26 شهریور 1390",2,"تابستان",0,0,139006
20110918,2011-09-18 00:00:00.000,2011,9,18,918,0,"September","9/18/2011",201109,"9/1/2011","Sunday","Week 39",39,13900627,1390,6,27,627,1,"شهریور","1390/06/27",13900627,"1390/06","یکشنبه","هفته 27",27,"یکشنبه 27 شهریور 1390",2,"تابستان",0,0,139006
20110919,2011-09-19 00:00:00.000,2011,9,19,919,1,"September","9/19/2011",201109,"9/1/2011","Monday","Week 39",39,13900628,1390,6,28,628,2,"شهریور","1390/06/28",13900628,"1390/06","دوشنبه","هفته 27",27,"دوشنبه 28 شهریور 1390",2,"تابستان",0,0,139006
20110920,2011-09-20 00:00:00.000,2011,9,20,920,2,"September","9/20/2011",201109,"9/1/2011","Tuesday","Week 39",39,13900629,1390,6,29,629,3,"شهریور","1390/06/29",13900629,"1390/06","سه شنبه","هفته 27",27,"سه شنبه 29 شهریور 1390",2,"تابستان",0,0,139006
20110921,2011-09-21 00:00:00.000,2011,9,21,921,3,"September","9/21/2011",201109,"9/1/2011","Wednesday","Week 39",39,13900630,1390,6,30,630,4,"شهریور","1390/06/30",13900630,"1390/06","چهارشنبه","هفته 27",27,"چهارشنبه 30 شهریور 1390",2,"تابستان",0,0,139006
20110922,2011-09-22 00:00:00.000,2011,9,22,922,4,"September","9/22/2011",201109,"9/1/2011","Thursday","Week 39",39,13900631,1390,6,31,631,5,"شهریور","1390/06/31",13900631,"1390/06","پنج شنبه","هفته 27",27,"پنج شنبه 31 شهریور 1390",2,"تابستان",0,0,139006
20110923,2011-09-23 00:00:00.000,2011,9,23,923,5,"September","9/23/2011",201109,"9/1/2011","Friday","Week 39",39,13900701,1390,7,1,701,6,"مهر","1390/07/01",13900701,"1390/07","جمعه","هفته 27",27,"جمعه 1 مهر 1390",3,"پاییز",0,0,139007
20110924,2011-09-24 00:00:00.000,2011,9,24,924,6,"September","9/24/2011",201109,"9/1/2011","Saturday","Week 39",39,13900702,1390,7,2,702,0,"مهر","1390/07/02",13900702,"1390/07","شنبه","هفته 28",28,"شنبه 2 مهر 1390",3,"پاییز",0,0,139007
20110925,2011-09-25 00:00:00.000,2011,9,25,925,0,"September","9/25/2011",201109,"9/1/2011","Sunday","Week 40",40,13900703,1390,7,3,703,1,"مهر","1390/07/03",13900703,"1390/07","یکشنبه","هفته 28",28,"یکشنبه 3 مهر 1390",3,"پاییز",0,0,139007
20110926,2011-09-26 00:00:00.000,2011,9,26,926,1,"September","9/26/2011",201109,"9/1/2011","Monday","Week 40",40,13900704,1390,7,4,704,2,"مهر","1390/07/04",13900704,"1390/07","دوشنبه","هفته 28",28,"دوشنبه 4 مهر 1390",3,"پاییز",0,0,139007
20110927,2011-09-27 00:00:00.000,2011,9,27,927,2,"September","9/27/2011",201109,"9/1/2011","Tuesday","Week 40",40,13900705,1390,7,5,705,3,"مهر","1390/07/05",13900705,"1390/07","سه شنبه","هفته 28",28,"سه شنبه 5 مهر 1390",3,"پاییز",0,0,139007
20110928,2011-09-28 00:00:00.000,2011,9,28,928,3,"September","9/28/2011",201109,"9/1/2011","Wednesday","Week 40",40,13900706,1390,7,6,706,4,"مهر","1390/07/06",13900706,"1390/07","چهارشنبه","هفته 28",28,"چهارشنبه 6 مهر 1390",3,"پاییز",0,0,139007
20110929,2011-09-29 00:00:00.000,2011,9,29,929,4,"September","9/29/2011",201109,"9/1/2011","Thursday","Week 40",40,13900707,1390,7,7,707,5,"مهر","1390/07/07",13900707,"1390/07","پنج شنبه","هفته 28",28,"پنج شنبه 7 مهر 1390",3,"پاییز",0,0,139007
20110930,2011-09-30 00:00:00.000,2011,9,30,930,5,"September","9/30/2011",201109,"9/1/2011","Friday","Week 40",40,13900708,1390,7,8,708,6,"مهر","1390/07/08",13900708,"1390/07","جمعه","هفته 28",28,"جمعه 8 مهر 1390",3,"پاییز",0,0,139007
20111001,2011-10-01 00:00:00.000,2011,10,1,1001,6,"October","10/1/2011",201110,"10/1/2011","Saturday","Week 40",40,13900709,1390,7,9,709,0,"مهر","1390/07/09",13900709,"1390/07","شنبه","هفته 29",29,"شنبه 9 مهر 1390",3,"پاییز",0,0,139007
20111002,2011-10-02 00:00:00.000,2011,10,2,1002,0,"October","10/2/2011",201110,"10/1/2011","Sunday","Week 41",41,13900710,1390,7,10,710,1,"مهر","1390/07/10",13900710,"1390/07","یکشنبه","هفته 29",29,"یکشنبه 10 مهر 1390",3,"پاییز",0,0,139007
20111003,2011-10-03 00:00:00.000,2011,10,3,1003,1,"October","10/3/2011",201110,"10/1/2011","Monday","Week 41",41,13900711,1390,7,11,711,2,"مهر","1390/07/11",13900711,"1390/07","دوشنبه","هفته 29",29,"دوشنبه 11 مهر 1390",3,"پاییز",0,0,139007
20111004,2011-10-04 00:00:00.000,2011,10,4,1004,2,"October","10/4/2011",201110,"10/1/2011","Tuesday","Week 41",41,13900712,1390,7,12,712,3,"مهر","1390/07/12",13900712,"1390/07","سه شنبه","هفته 29",29,"سه شنبه 12 مهر 1390",3,"پاییز",0,0,139007
20111005,2011-10-05 00:00:00.000,2011,10,5,1005,3,"October","10/5/2011",201110,"10/1/2011","Wednesday","Week 41",41,13900713,1390,7,13,713,4,"مهر","1390/07/13",13900713,"1390/07","چهارشنبه","هفته 29",29,"چهارشنبه 13 مهر 1390",3,"پاییز",0,0,139007
20111006,2011-10-06 00:00:00.000,2011,10,6,1006,4,"October","10/6/2011",201110,"10/1/2011","Thursday","Week 41",41,13900714,1390,7,14,714,5,"مهر","1390/07/14",13900714,"1390/07","پنج شنبه","هفته 29",29,"پنج شنبه 14 مهر 1390",3,"پاییز",0,0,139007
20111007,2011-10-07 00:00:00.000,2011,10,7,1007,5,"October","10/7/2011",201110,"10/1/2011","Friday","Week 41",41,13900715,1390,7,15,715,6,"مهر","1390/07/15",13900715,"1390/07","جمعه","هفته 29",29,"جمعه 15 مهر 1390",3,"پاییز",0,0,139007
20111008,2011-10-08 00:00:00.000,2011,10,8,1008,6,"October","10/8/2011",201110,"10/1/2011","Saturday","Week 41",41,13900716,1390,7,16,716,0,"مهر","1390/07/16",13900716,"1390/07","شنبه","هفته 30",30,"شنبه 16 مهر 1390",3,"پاییز",0,0,139007
20111009,2011-10-09 00:00:00.000,2011,10,9,1009,0,"October","10/9/2011",201110,"10/1/2011","Sunday","Week 42",42,13900717,1390,7,17,717,1,"مهر","1390/07/17",13900717,"1390/07","یکشنبه","هفته 30",30,"یکشنبه 17 مهر 1390",3,"پاییز",0,0,139007
20111010,2011-10-10 00:00:00.000,2011,10,10,1010,1,"October","10/10/2011",201110,"10/1/2011","Monday","Week 42",42,13900718,1390,7,18,718,2,"مهر","1390/07/18",13900718,"1390/07","دوشنبه","هفته 30",30,"دوشنبه 18 مهر 1390",3,"پاییز",0,0,139007
20111011,2011-10-11 00:00:00.000,2011,10,11,1011,2,"October","10/11/2011",201110,"10/1/2011","Tuesday","Week 42",42,13900719,1390,7,19,719,3,"مهر","1390/07/19",13900719,"1390/07","سه شنبه","هفته 30",30,"سه شنبه 19 مهر 1390",3,"پاییز",0,0,139007
20111012,2011-10-12 00:00:00.000,2011,10,12,1012,3,"October","10/12/2011",201110,"10/1/2011","Wednesday","Week 42",42,13900720,1390,7,20,720,4,"مهر","1390/07/20",13900720,"1390/07","چهارشنبه","هفته 30",30,"چهارشنبه 20 مهر 1390",3,"پاییز",0,0,139007
20111013,2011-10-13 00:00:00.000,2011,10,13,1013,4,"October","10/13/2011",201110,"10/1/2011","Thursday","Week 42",42,13900721,1390,7,21,721,5,"مهر","1390/07/21",13900721,"1390/07","پنج شنبه","هفته 30",30,"پنج شنبه 21 مهر 1390",3,"پاییز",0,0,139007
20111014,2011-10-14 00:00:00.000,2011,10,14,1014,5,"October","10/14/2011",201110,"10/1/2011","Friday","Week 42",42,13900722,1390,7,22,722,6,"مهر","1390/07/22",13900722,"1390/07","جمعه","هفته 30",30,"جمعه 22 مهر 1390",3,"پاییز",0,0,139007
20111015,2011-10-15 00:00:00.000,2011,10,15,1015,6,"October","10/15/2011",201110,"10/1/2011","Saturday","Week 42",42,13900723,1390,7,23,723,0,"مهر","1390/07/23",13900723,"1390/07","شنبه","هفته 31",31,"شنبه 23 مهر 1390",3,"پاییز",0,0,139007
20111016,2011-10-16 00:00:00.000,2011,10,16,1016,0,"October","10/16/2011",201110,"10/1/2011","Sunday","Week 43",43,13900724,1390,7,24,724,1,"مهر","1390/07/24",13900724,"1390/07","یکشنبه","هفته 31",31,"یکشنبه 24 مهر 1390",3,"پاییز",0,0,139007
20111017,2011-10-17 00:00:00.000,2011,10,17,1017,1,"October","10/17/2011",201110,"10/1/2011","Monday","Week 43",43,13900725,1390,7,25,725,2,"مهر","1390/07/25",13900725,"1390/07","دوشنبه","هفته 31",31,"دوشنبه 25 مهر 1390",3,"پاییز",0,0,139007
20111018,2011-10-18 00:00:00.000,2011,10,18,1018,2,"October","10/18/2011",201110,"10/1/2011","Tuesday","Week 43",43,13900726,1390,7,26,726,3,"مهر","1390/07/26",13900726,"1390/07","سه شنبه","هفته 31",31,"سه شنبه 26 مهر 1390",3,"پاییز",0,0,139007
20111019,2011-10-19 00:00:00.000,2011,10,19,1019,3,"October","10/19/2011",201110,"10/1/2011","Wednesday","Week 43",43,13900727,1390,7,27,727,4,"مهر","1390/07/27",13900727,"1390/07","چهارشنبه","هفته 31",31,"چهارشنبه 27 مهر 1390",3,"پاییز",0,0,139007
20111020,2011-10-20 00:00:00.000,2011,10,20,1020,4,"October","10/20/2011",201110,"10/1/2011","Thursday","Week 43",43,13900728,1390,7,28,728,5,"مهر","1390/07/28",13900728,"1390/07","پنج شنبه","هفته 31",31,"پنج شنبه 28 مهر 1390",3,"پاییز",0,0,139007
20111021,2011-10-21 00:00:00.000,2011,10,21,1021,5,"October","10/21/2011",201110,"10/1/2011","Friday","Week 43",43,13900729,1390,7,29,729,6,"مهر","1390/07/29",13900729,"1390/07","جمعه","هفته 31",31,"جمعه 29 مهر 1390",3,"پاییز",0,0,139007
20111022,2011-10-22 00:00:00.000,2011,10,22,1022,6,"October","10/22/2011",201110,"10/1/2011","Saturday","Week 43",43,13900730,1390,7,30,730,0,"مهر","1390/07/30",13900730,"1390/07","شنبه","هفته 32",32,"شنبه 30 مهر 1390",3,"پاییز",0,0,139007
20111023,2011-10-23 00:00:00.000,2011,10,23,1023,0,"October","10/23/2011",201110,"10/1/2011","Sunday","Week 44",44,13900801,1390,8,1,801,1,"آبان","1390/08/01",13900801,"1390/08","یکشنبه","هفته 32",32,"یکشنبه 1 آبان 1390",3,"پاییز",0,0,139008
20111024,2011-10-24 00:00:00.000,2011,10,24,1024,1,"October","10/24/2011",201110,"10/1/2011","Monday","Week 44",44,13900802,1390,8,2,802,2,"آبان","1390/08/02",13900802,"1390/08","دوشنبه","هفته 32",32,"دوشنبه 2 آبان 1390",3,"پاییز",0,0,139008
20111025,2011-10-25 00:00:00.000,2011,10,25,1025,2,"October","10/25/2011",201110,"10/1/2011","Tuesday","Week 44",44,13900803,1390,8,3,803,3,"آبان","1390/08/03",13900803,"1390/08","سه شنبه","هفته 32",32,"سه شنبه 3 آبان 1390",3,"پاییز",0,0,139008
20111026,2011-10-26 00:00:00.000,2011,10,26,1026,3,"October","10/26/2011",201110,"10/1/2011","Wednesday","Week 44",44,13900804,1390,8,4,804,4,"آبان","1390/08/04",13900804,"1390/08","چهارشنبه","هفته 32",32,"چهارشنبه 4 آبان 1390",3,"پاییز",0,0,139008
20111027,2011-10-27 00:00:00.000,2011,10,27,1027,4,"October","10/27/2011",201110,"10/1/2011","Thursday","Week 44",44,13900805,1390,8,5,805,5,"آبان","1390/08/05",13900805,"1390/08","پنج شنبه","هفته 32",32,"پنج شنبه 5 آبان 1390",3,"پاییز",0,0,139008
20111028,2011-10-28 00:00:00.000,2011,10,28,1028,5,"October","10/28/2011",201110,"10/1/2011","Friday","Week 44",44,13900806,1390,8,6,806,6,"آبان","1390/08/06",13900806,"1390/08","جمعه","هفته 32",32,"جمعه 6 آبان 1390",3,"پاییز",0,0,139008
20111029,2011-10-29 00:00:00.000,2011,10,29,1029,6,"October","10/29/2011",201110,"10/1/2011","Saturday","Week 44",44,13900807,1390,8,7,807,0,"آبان","1390/08/07",13900807,"1390/08","شنبه","هفته 33",33,"شنبه 7 آبان 1390",3,"پاییز",0,0,139008
20111030,2011-10-30 00:00:00.000,2011,10,30,1030,0,"October","10/30/2011",201110,"10/1/2011","Sunday","Week 45",45,13900808,1390,8,8,808,1,"آبان","1390/08/08",13900808,"1390/08","یکشنبه","هفته 33",33,"یکشنبه 8 آبان 1390",3,"پاییز",0,0,139008
20111031,2011-10-31 00:00:00.000,2011,10,31,1031,1,"October","10/31/2011",201110,"10/1/2011","Monday","Week 45",45,13900809,1390,8,9,809,2,"آبان","1390/08/09",13900809,"1390/08","دوشنبه","هفته 33",33,"دوشنبه 9 آبان 1390",3,"پاییز",0,0,139008
20111101,2011-11-01 00:00:00.000,2011,11,1,1101,2,"November","11/1/2011",201111,"11/1/2011","Tuesday","Week 45",45,13900810,1390,8,10,810,3,"آبان","1390/08/10",13900810,"1390/08","سه شنبه","هفته 33",33,"سه شنبه 10 آبان 1390",3,"پاییز",0,0,139008
20111102,2011-11-02 00:00:00.000,2011,11,2,1102,3,"November","11/2/2011",201111,"11/1/2011","Wednesday","Week 45",45,13900811,1390,8,11,811,4,"آبان","1390/08/11",13900811,"1390/08","چهارشنبه","هفته 33",33,"چهارشنبه 11 آبان 1390",3,"پاییز",0,0,139008
20111103,2011-11-03 00:00:00.000,2011,11,3,1103,4,"November","11/3/2011",201111,"11/1/2011","Thursday","Week 45",45,13900812,1390,8,12,812,5,"آبان","1390/08/12",13900812,"1390/08","پنج شنبه","هفته 33",33,"پنج شنبه 12 آبان 1390",3,"پاییز",0,0,139008
20111104,2011-11-04 00:00:00.000,2011,11,4,1104,5,"November","11/4/2011",201111,"11/1/2011","Friday","Week 45",45,13900813,1390,8,13,813,6,"آبان","1390/08/13",13900813,"1390/08","جمعه","هفته 33",33,"جمعه 13 آبان 1390",3,"پاییز",0,0,139008
20111105,2011-11-05 00:00:00.000,2011,11,5,1105,6,"November","11/5/2011",201111,"11/1/2011","Saturday","Week 45",45,13900814,1390,8,14,814,0,"آبان","1390/08/14",13900814,"1390/08","شنبه","هفته 34",34,"شنبه 14 آبان 1390",3,"پاییز",0,0,139008
20111106,2011-11-06 00:00:00.000,2011,11,6,1106,0,"November","11/6/2011",201111,"11/1/2011","Sunday","Week 46",46,13900815,1390,8,15,815,1,"آبان","1390/08/15",13900815,"1390/08","یکشنبه","هفته 34",34,"یکشنبه 15 آبان 1390",3,"پاییز",0,0,139008
20111107,2011-11-07 00:00:00.000,2011,11,7,1107,1,"November","11/7/2011",201111,"11/1/2011","Monday","Week 46",46,13900816,1390,8,16,816,2,"آبان","1390/08/16",13900816,"1390/08","دوشنبه","هفته 34",34,"دوشنبه 16 آبان 1390",3,"پاییز",0,0,139008
20111108,2011-11-08 00:00:00.000,2011,11,8,1108,2,"November","11/8/2011",201111,"11/1/2011","Tuesday","Week 46",46,13900817,1390,8,17,817,3,"آبان","1390/08/17",13900817,"1390/08","سه شنبه","هفته 34",34,"سه شنبه 17 آبان 1390",3,"پاییز",0,0,139008
20111109,2011-11-09 00:00:00.000,2011,11,9,1109,3,"November","11/9/2011",201111,"11/1/2011","Wednesday","Week 46",46,13900818,1390,8,18,818,4,"آبان","1390/08/18",13900818,"1390/08","چهارشنبه","هفته 34",34,"چهارشنبه 18 آبان 1390",3,"پاییز",0,0,139008
20111110,2011-11-10 00:00:00.000,2011,11,10,1110,4,"November","11/10/2011",201111,"11/1/2011","Thursday","Week 46",46,13900819,1390,8,19,819,5,"آبان","1390/08/19",13900819,"1390/08","پنج شنبه","هفته 34",34,"پنج شنبه 19 آبان 1390",3,"پاییز",0,0,139008
20111111,2011-11-11 00:00:00.000,2011,11,11,1111,5,"November","11/11/2011",201111,"11/1/2011","Friday","Week 46",46,13900820,1390,8,20,820,6,"آبان","1390/08/20",13900820,"1390/08","جمعه","هفته 34",34,"جمعه 20 آبان 1390",3,"پاییز",0,0,139008
20111112,2011-11-12 00:00:00.000,2011,11,12,1112,6,"November","11/12/2011",201111,"11/1/2011","Saturday","Week 46",46,13900821,1390,8,21,821,0,"آبان","1390/08/21",13900821,"1390/08","شنبه","هفته 35",35,"شنبه 21 آبان 1390",3,"پاییز",0,0,139008
20111113,2011-11-13 00:00:00.000,2011,11,13,1113,0,"November","11/13/2011",201111,"11/1/2011","Sunday","Week 47",47,13900822,1390,8,22,822,1,"آبان","1390/08/22",13900822,"1390/08","یکشنبه","هفته 35",35,"یکشنبه 22 آبان 1390",3,"پاییز",0,0,139008
20111114,2011-11-14 00:00:00.000,2011,11,14,1114,1,"November","11/14/2011",201111,"11/1/2011","Monday","Week 47",47,13900823,1390,8,23,823,2,"آبان","1390/08/23",13900823,"1390/08","دوشنبه","هفته 35",35,"دوشنبه 23 آبان 1390",3,"پاییز",0,0,139008
20111115,2011-11-15 00:00:00.000,2011,11,15,1115,2,"November","11/15/2011",201111,"11/1/2011","Tuesday","Week 47",47,13900824,1390,8,24,824,3,"آبان","1390/08/24",13900824,"1390/08","سه شنبه","هفته 35",35,"سه شنبه 24 آبان 1390",3,"پاییز",0,0,139008
20111116,2011-11-16 00:00:00.000,2011,11,16,1116,3,"November","11/16/2011",201111,"11/1/2011","Wednesday","Week 47",47,13900825,1390,8,25,825,4,"آبان","1390/08/25",13900825,"1390/08","چهارشنبه","هفته 35",35,"چهارشنبه 25 آبان 1390",3,"پاییز",0,0,139008
20111117,2011-11-17 00:00:00.000,2011,11,17,1117,4,"November","11/17/2011",201111,"11/1/2011","Thursday","Week 47",47,13900826,1390,8,26,826,5,"آبان","1390/08/26",13900826,"1390/08","پنج شنبه","هفته 35",35,"پنج شنبه 26 آبان 1390",3,"پاییز",0,0,139008
20111118,2011-11-18 00:00:00.000,2011,11,18,1118,5,"November","11/18/2011",201111,"11/1/2011","Friday","Week 47",47,13900827,1390,8,27,827,6,"آبان","1390/08/27",13900827,"1390/08","جمعه","هفته 35",35,"جمعه 27 آبان 1390",3,"پاییز",0,0,139008
20111119,2011-11-19 00:00:00.000,2011,11,19,1119,6,"November","11/19/2011",201111,"11/1/2011","Saturday","Week 47",47,13900828,1390,8,28,828,0,"آبان","1390/08/28",13900828,"1390/08","شنبه","هفته 36",36,"شنبه 28 آبان 1390",3,"پاییز",0,0,139008
20111120,2011-11-20 00:00:00.000,2011,11,20,1120,0,"November","11/20/2011",201111,"11/1/2011","Sunday","Week 48",48,13900829,1390,8,29,829,1,"آبان","1390/08/29",13900829,"1390/08","یکشنبه","هفته 36",36,"یکشنبه 29 آبان 1390",3,"پاییز",0,0,139008
20111121,2011-11-21 00:00:00.000,2011,11,21,1121,1,"November","11/21/2011",201111,"11/1/2011","Monday","Week 48",48,13900830,1390,8,30,830,2,"آبان","1390/08/30",13900830,"1390/08","دوشنبه","هفته 36",36,"دوشنبه 30 آبان 1390",3,"پاییز",0,0,139008
20111122,2011-11-22 00:00:00.000,2011,11,22,1122,2,"November","11/22/2011",201111,"11/1/2011","Tuesday","Week 48",48,13900901,1390,9,1,901,3,"آذر","1390/09/01",13900901,"1390/09","سه شنبه","هفته 36",36,"سه شنبه 1 آذر 1390",3,"پاییز",0,0,139009
20111123,2011-11-23 00:00:00.000,2011,11,23,1123,3,"November","11/23/2011",201111,"11/1/2011","Wednesday","Week 48",48,13900902,1390,9,2,902,4,"آذر","1390/09/02",13900902,"1390/09","چهارشنبه","هفته 36",36,"چهارشنبه 2 آذر 1390",3,"پاییز",0,0,139009
20111124,2011-11-24 00:00:00.000,2011,11,24,1124,4,"November","11/24/2011",201111,"11/1/2011","Thursday","Week 48",48,13900903,1390,9,3,903,5,"آذر","1390/09/03",13900903,"1390/09","پنج شنبه","هفته 36",36,"پنج شنبه 3 آذر 1390",3,"پاییز",0,0,139009
20111125,2011-11-25 00:00:00.000,2011,11,25,1125,5,"November","11/25/2011",201111,"11/1/2011","Friday","Week 48",48,13900904,1390,9,4,904,6,"آذر","1390/09/04",13900904,"1390/09","جمعه","هفته 36",36,"جمعه 4 آذر 1390",3,"پاییز",0,0,139009
20111126,2011-11-26 00:00:00.000,2011,11,26,1126,6,"November","11/26/2011",201111,"11/1/2011","Saturday","Week 48",48,13900905,1390,9,5,905,0,"آذر","1390/09/05",13900905,"1390/09","شنبه","هفته 37",37,"شنبه 5 آذر 1390",3,"پاییز",0,0,139009
20111127,2011-11-27 00:00:00.000,2011,11,27,1127,0,"November","11/27/2011",201111,"11/1/2011","Sunday","Week 49",49,13900906,1390,9,6,906,1,"آذر","1390/09/06",13900906,"1390/09","یکشنبه","هفته 37",37,"یکشنبه 6 آذر 1390",3,"پاییز",0,0,139009
20111128,2011-11-28 00:00:00.000,2011,11,28,1128,1,"November","11/28/2011",201111,"11/1/2011","Monday","Week 49",49,13900907,1390,9,7,907,2,"آذر","1390/09/07",13900907,"1390/09","دوشنبه","هفته 37",37,"دوشنبه 7 آذر 1390",3,"پاییز",0,0,139009
20111129,2011-11-29 00:00:00.000,2011,11,29,1129,2,"November","11/29/2011",201111,"11/1/2011","Tuesday","Week 49",49,13900908,1390,9,8,908,3,"آذر","1390/09/08",13900908,"1390/09","سه شنبه","هفته 37",37,"سه شنبه 8 آذر 1390",3,"پاییز",0,0,139009
20111130,2011-11-30 00:00:00.000,2011,11,30,1130,3,"November","11/30/2011",201111,"11/1/2011","Wednesday","Week 49",49,13900909,1390,9,9,909,4,"آذر","1390/09/09",13900909,"1390/09","چهارشنبه","هفته 37",37,"چهارشنبه 9 آذر 1390",3,"پاییز",0,0,139009
20111201,2011-12-01 00:00:00.000,2011,12,1,1201,4,"December","12/1/2011",201112,"12/1/2011","Thursday","Week 49",49,13900910,1390,9,10,910,5,"آذر","1390/09/10",13900910,"1390/09","پنج شنبه","هفته 37",37,"پنج شنبه 10 آذر 1390",3,"پاییز",0,0,139009
20111202,2011-12-02 00:00:00.000,2011,12,2,1202,5,"December","12/2/2011",201112,"12/1/2011","Friday","Week 49",49,13900911,1390,9,11,911,6,"آذر","1390/09/11",13900911,"1390/09","جمعه","هفته 37",37,"جمعه 11 آذر 1390",3,"پاییز",0,0,139009
20111203,2011-12-03 00:00:00.000,2011,12,3,1203,6,"December","12/3/2011",201112,"12/1/2011","Saturday","Week 49",49,13900912,1390,9,12,912,0,"آذر","1390/09/12",13900912,"1390/09","شنبه","هفته 38",38,"شنبه 12 آذر 1390",3,"پاییز",0,0,139009
20111204,2011-12-04 00:00:00.000,2011,12,4,1204,0,"December","12/4/2011",201112,"12/1/2011","Sunday","Week 50",50,13900913,1390,9,13,913,1,"آذر","1390/09/13",13900913,"1390/09","یکشنبه","هفته 38",38,"یکشنبه 13 آذر 1390",3,"پاییز",0,0,139009
20111205,2011-12-05 00:00:00.000,2011,12,5,1205,1,"December","12/5/2011",201112,"12/1/2011","Monday","Week 50",50,13900914,1390,9,14,914,2,"آذر","1390/09/14",13900914,"1390/09","دوشنبه","هفته 38",38,"دوشنبه 14 آذر 1390",3,"پاییز",0,0,139009
20111206,2011-12-06 00:00:00.000,2011,12,6,1206,2,"December","12/6/2011",201112,"12/1/2011","Tuesday","Week 50",50,13900915,1390,9,15,915,3,"آذر","1390/09/15",13900915,"1390/09","سه شنبه","هفته 38",38,"سه شنبه 15 آذر 1390",3,"پاییز",0,0,139009
20111207,2011-12-07 00:00:00.000,2011,12,7,1207,3,"December","12/7/2011",201112,"12/1/2011","Wednesday","Week 50",50,13900916,1390,9,16,916,4,"آذر","1390/09/16",13900916,"1390/09","چهارشنبه","هفته 38",38,"چهارشنبه 16 آذر 1390",3,"پاییز",0,0,139009
20111208,2011-12-08 00:00:00.000,2011,12,8,1208,4,"December","12/8/2011",201112,"12/1/2011","Thursday","Week 50",50,13900917,1390,9,17,917,5,"آذر","1390/09/17",13900917,"1390/09","پنج شنبه","هفته 38",38,"پنج شنبه 17 آذر 1390",3,"پاییز",0,0,139009
20111209,2011-12-09 00:00:00.000,2011,12,9,1209,5,"December","12/9/2011",201112,"12/1/2011","Friday","Week 50",50,13900918,1390,9,18,918,6,"آذر","1390/09/18",13900918,"1390/09","جمعه","هفته 38",38,"جمعه 18 آذر 1390",3,"پاییز",0,0,139009
20111210,2011-12-10 00:00:00.000,2011,12,10,1210,6,"December","12/10/2011",201112,"12/1/2011","Saturday","Week 50",50,13900919,1390,9,19,919,0,"آذر","1390/09/19",13900919,"1390/09","شنبه","هفته 39",39,"شنبه 19 آذر 1390",3,"پاییز",0,0,139009
20111211,2011-12-11 00:00:00.000,2011,12,11,1211,0,"December","12/11/2011",201112,"12/1/2011","Sunday","Week 51",51,13900920,1390,9,20,920,1,"آذر","1390/09/20",13900920,"1390/09","یکشنبه","هفته 39",39,"یکشنبه 20 آذر 1390",3,"پاییز",0,0,139009
20111212,2011-12-12 00:00:00.000,2011,12,12,1212,1,"December","12/12/2011",201112,"12/1/2011","Monday","Week 51",51,13900921,1390,9,21,921,2,"آذر","1390/09/21",13900921,"1390/09","دوشنبه","هفته 39",39,"دوشنبه 21 آذر 1390",3,"پاییز",0,0,139009
20111213,2011-12-13 00:00:00.000,2011,12,13,1213,2,"December","12/13/2011",201112,"12/1/2011","Tuesday","Week 51",51,13900922,1390,9,22,922,3,"آذر","1390/09/22",13900922,"1390/09","سه شنبه","هفته 39",39,"سه شنبه 22 آذر 1390",3,"پاییز",0,0,139009
20111214,2011-12-14 00:00:00.000,2011,12,14,1214,3,"December","12/14/2011",201112,"12/1/2011","Wednesday","Week 51",51,13900923,1390,9,23,923,4,"آذر","1390/09/23",13900923,"1390/09","چهارشنبه","هفته 39",39,"چهارشنبه 23 آذر 1390",3,"پاییز",0,0,139009
20111215,2011-12-15 00:00:00.000,2011,12,15,1215,4,"December","12/15/2011",201112,"12/1/2011","Thursday","Week 51",51,13900924,1390,9,24,924,5,"آذر","1390/09/24",13900924,"1390/09","پنج شنبه","هفته 39",39,"پنج شنبه 24 آذر 1390",3,"پاییز",0,0,139009
20111216,2011-12-16 00:00:00.000,2011,12,16,1216,5,"December","12/16/2011",201112,"12/1/2011","Friday","Week 51",51,13900925,1390,9,25,925,6,"آذر","1390/09/25",13900925,"1390/09","جمعه","هفته 39",39,"جمعه 25 آذر 1390",3,"پاییز",0,0,139009
20111217,2011-12-17 00:00:00.000,2011,12,17,1217,6,"December","12/17/2011",201112,"12/1/2011","Saturday","Week 51",51,13900926,1390,9,26,926,0,"آذر","1390/09/26",13900926,"1390/09","شنبه","هفته 40",40,"شنبه 26 آذر 1390",3,"پاییز",0,0,139009
20111218,2011-12-18 00:00:00.000,2011,12,18,1218,0,"December","12/18/2011",201112,"12/1/2011","Sunday","Week 52",52,13900927,1390,9,27,927,1,"آذر","1390/09/27",13900927,"1390/09","یکشنبه","هفته 40",40,"یکشنبه 27 آذر 1390",3,"پاییز",0,0,139009
20111219,2011-12-19 00:00:00.000,2011,12,19,1219,1,"December","12/19/2011",201112,"12/1/2011","Monday","Week 52",52,13900928,1390,9,28,928,2,"آذر","1390/09/28",13900928,"1390/09","دوشنبه","هفته 40",40,"دوشنبه 28 آذر 1390",3,"پاییز",0,0,139009
20111220,2011-12-20 00:00:00.000,2011,12,20,1220,2,"December","12/20/2011",201112,"12/1/2011","Tuesday","Week 52",52,13900929,1390,9,29,929,3,"آذر","1390/09/29",13900929,"1390/09","سه شنبه","هفته 40",40,"سه شنبه 29 آذر 1390",3,"پاییز",0,0,139009
20111221,2011-12-21 00:00:00.000,2011,12,21,1221,3,"December","12/21/2011",201112,"12/1/2011","Wednesday","Week 52",52,13900930,1390,9,30,930,4,"آذر","1390/09/30",13900930,"1390/09","چهارشنبه","هفته 40",40,"چهارشنبه 30 آذر 1390",3,"پاییز",0,0,139009
20111222,2011-12-22 00:00:00.000,2011,12,22,1222,4,"December","12/22/2011",201112,"12/1/2011","Thursday","Week 52",52,13901001,1390,10,1,1001,5,"دی","1390/10/01",13901001,"1390/10","پنج شنبه","هفته 40",40,"پنج شنبه 1 دی 1390",4,"زمستان",0,0,139010
20111223,2011-12-23 00:00:00.000,2011,12,23,1223,5,"December","12/23/2011",201112,"12/1/2011","Friday","Week 52",52,13901002,1390,10,2,1002,6,"دی","1390/10/02",13901002,"1390/10","جمعه","هفته 40",40,"جمعه 2 دی 1390",4,"زمستان",0,0,139010
20111224,2011-12-24 00:00:00.000,2011,12,24,1224,6,"December","12/24/2011",201112,"12/1/2011","Saturday","Week 52",52,13901003,1390,10,3,1003,0,"دی","1390/10/03",13901003,"1390/10","شنبه","هفته 41",41,"شنبه 3 دی 1390",4,"زمستان",0,0,139010
20111225,2011-12-25 00:00:00.000,2011,12,25,1225,0,"December","12/25/2011",201112,"12/1/2011","Sunday","Week 53",53,13901004,1390,10,4,1004,1,"دی","1390/10/04",13901004,"1390/10","یکشنبه","هفته 41",41,"یکشنبه 4 دی 1390",4,"زمستان",0,0,139010
20111226,2011-12-26 00:00:00.000,2011,12,26,1226,1,"December","12/26/2011",201112,"12/1/2011","Monday","Week 53",53,13901005,1390,10,5,1005,2,"دی","1390/10/05",13901005,"1390/10","دوشنبه","هفته 41",41,"دوشنبه 5 دی 1390",4,"زمستان",0,0,139010
20111227,2011-12-27 00:00:00.000,2011,12,27,1227,2,"December","12/27/2011",201112,"12/1/2011","Tuesday","Week 53",53,13901006,1390,10,6,1006,3,"دی","1390/10/06",13901006,"1390/10","سه شنبه","هفته 41",41,"سه شنبه 6 دی 1390",4,"زمستان",0,0,139010
20111228,2011-12-28 00:00:00.000,2011,12,28,1228,3,"December","12/28/2011",201112,"12/1/2011","Wednesday","Week 53",53,13901007,1390,10,7,1007,4,"دی","1390/10/07",13901007,"1390/10","چهارشنبه","هفته 41",41,"چهارشنبه 7 دی 1390",4,"زمستان",0,0,139010
20111229,2011-12-29 00:00:00.000,2011,12,29,1229,4,"December","12/29/2011",201112,"12/1/2011","Thursday","Week 53",53,13901008,1390,10,8,1008,5,"دی","1390/10/08",13901008,"1390/10","پنج شنبه","هفته 41",41,"پنج شنبه 8 دی 1390",4,"زمستان",0,0,139010
20111230,2011-12-30 00:00:00.000,2011,12,30,1230,5,"December","12/30/2011",201112,"12/1/2011","Friday","Week 53",53,13901009,1390,10,9,1009,6,"دی","1390/10/09",13901009,"1390/10","جمعه","هفته 41",41,"جمعه 9 دی 1390",4,"زمستان",0,0,139010
20111231,2011-12-31 00:00:00.000,2011,12,31,1231,6,"December","12/31/2011",201112,"12/1/2011","Saturday","Week 53",53,13901010,1390,10,10,1010,0,"دی","1390/10/10",13901010,"1390/10","شنبه","هفته 42",42,"شنبه 10 دی 1390",4,"زمستان",0,0,139010
20110101,2011-01-01 00:00:00.000,2011,1,1,101,6,"January","1/1/2011",201101,"1/1/2011","Saturday","Week 1",1,13891011,1389,10,11,1011,0,"دی","1389/10/11",13891011,"1389/10","شنبه","هفته 42",42,"شنبه 11 دی 1389",4,"زمستان",0,0,138910
20110102,2011-01-02 00:00:00.000,2011,1,2,102,0,"January","1/2/2011",201101,"1/1/2011","Sunday","Week 2",2,13891012,1389,10,12,1012,1,"دی","1389/10/12",13891012,"1389/10","یکشنبه","هفته 42",42,"یکشنبه 12 دی 1389",4,"زمستان",0,0,138910
20110103,2011-01-03 00:00:00.000,2011,1,3,103,1,"January","1/3/2011",201101,"1/1/2011","Monday","Week 2",2,13891013,1389,10,13,1013,2,"دی","1389/10/13",13891013,"1389/10","دوشنبه","هفته 42",42,"دوشنبه 13 دی 1389",4,"زمستان",0,0,138910
20110104,2011-01-04 00:00:00.000,2011,1,4,104,2,"January","1/4/2011",201101,"1/1/2011","Tuesday","Week 2",2,13891014,1389,10,14,1014,3,"دی","1389/10/14",13891014,"1389/10","سه شنبه","هفته 42",42,"سه شنبه 14 دی 1389",4,"زمستان",0,0,138910
20110105,2011-01-05 00:00:00.000,2011,1,5,105,3,"January","1/5/2011",201101,"1/1/2011","Wednesday","Week 2",2,13891015,1389,10,15,1015,4,"دی","1389/10/15",13891015,"1389/10","چهارشنبه","هفته 42",42,"چهارشنبه 15 دی 1389",4,"زمستان",0,0,138910
20110106,2011-01-06 00:00:00.000,2011,1,6,106,4,"January","1/6/2011",201101,"1/1/2011","Thursday","Week 2",2,13891016,1389,10,16,1016,5,"دی","1389/10/16",13891016,"1389/10","پنج شنبه","هفته 42",42,"پنج شنبه 16 دی 1389",4,"زمستان",0,0,138910
20110107,2011-01-07 00:00:00.000,2011,1,7,107,5,"January","1/7/2011",201101,"1/1/2011","Friday","Week 2",2,13891017,1389,10,17,1017,6,"دی","1389/10/17",13891017,"1389/10","جمعه","هفته 42",42,"جمعه 17 دی 1389",4,"زمستان",0,0,138910
20110108,2011-01-08 00:00:00.000,2011,1,8,108,6,"January","1/8/2011",201101,"1/1/2011","Saturday","Week 2",2,13891018,1389,10,18,1018,0,"دی","1389/10/18",13891018,"1389/10","شنبه","هفته 43",43,"شنبه 18 دی 1389",4,"زمستان",0,0,138910
20110109,2011-01-09 00:00:00.000,2011,1,9,109,0,"January","1/9/2011",201101,"1/1/2011","Sunday","Week 3",3,13891019,1389,10,19,1019,1,"دی","1389/10/19",13891019,"1389/10","یکشنبه","هفته 43",43,"یکشنبه 19 دی 1389",4,"زمستان",0,0,138910
20110110,2011-01-10 00:00:00.000,2011,1,10,110,1,"January","1/10/2011",201101,"1/1/2011","Monday","Week 3",3,13891020,1389,10,20,1020,2,"دی","1389/10/20",13891020,"1389/10","دوشنبه","هفته 43",43,"دوشنبه 20 دی 1389",4,"زمستان",0,0,138910
20110111,2011-01-11 00:00:00.000,2011,1,11,111,2,"January","1/11/2011",201101,"1/1/2011","Tuesday","Week 3",3,13891021,1389,10,21,1021,3,"دی","1389/10/21",13891021,"1389/10","سه شنبه","هفته 43",43,"سه شنبه 21 دی 1389",4,"زمستان",0,0,138910
20110112,2011-01-12 00:00:00.000,2011,1,12,112,3,"January","1/12/2011",201101,"1/1/2011","Wednesday","Week 3",3,13891022,1389,10,22,1022,4,"دی","1389/10/22",13891022,"1389/10","چهارشنبه","هفته 43",43,"چهارشنبه 22 دی 1389",4,"زمستان",0,0,138910
20110113,2011-01-13 00:00:00.000,2011,1,13,113,4,"January","1/13/2011",201101,"1/1/2011","Thursday","Week 3",3,13891023,1389,10,23,1023,5,"دی","1389/10/23",13891023,"1389/10","پنج شنبه","هفته 43",43,"پنج شنبه 23 دی 1389",4,"زمستان",0,0,138910
20110114,2011-01-14 00:00:00.000,2011,1,14,114,5,"January","1/14/2011",201101,"1/1/2011","Friday","Week 3",3,13891024,1389,10,24,1024,6,"دی","1389/10/24",13891024,"1389/10","جمعه","هفته 43",43,"جمعه 24 دی 1389",4,"زمستان",0,0,138910
20110115,2011-01-15 00:00:00.000,2011,1,15,115,6,"January","1/15/2011",201101,"1/1/2011","Saturday","Week 3",3,13891025,1389,10,25,1025,0,"دی","1389/10/25",13891025,"1389/10","شنبه","هفته 44",44,"شنبه 25 دی 1389",4,"زمستان",0,0,138910
20110116,2011-01-16 00:00:00.000,2011,1,16,116,0,"January","1/16/2011",201101,"1/1/2011","Sunday","Week 4",4,13891026,1389,10,26,1026,1,"دی","1389/10/26",13891026,"1389/10","یکشنبه","هفته 44",44,"یکشنبه 26 دی 1389",4,"زمستان",0,0,138910
20110117,2011-01-17 00:00:00.000,2011,1,17,117,1,"January","1/17/2011",201101,"1/1/2011","Monday","Week 4",4,13891027,1389,10,27,1027,2,"دی","1389/10/27",13891027,"1389/10","دوشنبه","هفته 44",44,"دوشنبه 27 دی 1389",4,"زمستان",0,0,138910
20110118,2011-01-18 00:00:00.000,2011,1,18,118,2,"January","1/18/2011",201101,"1/1/2011","Tuesday","Week 4",4,13891028,1389,10,28,1028,3,"دی","1389/10/28",13891028,"1389/10","سه شنبه","هفته 44",44,"سه شنبه 28 دی 1389",4,"زمستان",0,0,138910
20110119,2011-01-19 00:00:00.000,2011,1,19,119,3,"January","1/19/2011",201101,"1/1/2011","Wednesday","Week 4",4,13891029,1389,10,29,1029,4,"دی","1389/10/29",13891029,"1389/10","چهارشنبه","هفته 44",44,"چهارشنبه 29 دی 1389",4,"زمستان",0,0,138910
20110120,2011-01-20 00:00:00.000,2011,1,20,120,4,"January","1/20/2011",201101,"1/1/2011","Thursday","Week 4",4,13891030,1389,10,30,1030,5,"دی","1389/10/30",13891030,"1389/10","پنج شنبه","هفته 44",44,"پنج شنبه 30 دی 1389",4,"زمستان",0,0,138910
20110121,2011-01-21 00:00:00.000,2011,1,21,121,5,"January","1/21/2011",201101,"1/1/2011","Friday","Week 4",4,13891101,1389,11,1,1101,6,"بهمن","1389/11/01",13891101,"1389/11","جمعه","هفته 44",44,"جمعه 1 بهمن 1389",4,"زمستان",0,0,138911
20110122,2011-01-22 00:00:00.000,2011,1,22,122,6,"January","1/22/2011",201101,"1/1/2011","Saturday","Week 4",4,13891102,1389,11,2,1102,0,"بهمن","1389/11/02",13891102,"1389/11","شنبه","هفته 45",45,"شنبه 2 بهمن 1389",4,"زمستان",0,0,138911
20110123,2011-01-23 00:00:00.000,2011,1,23,123,0,"January","1/23/2011",201101,"1/1/2011","Sunday","Week 5",5,13891103,1389,11,3,1103,1,"بهمن","1389/11/03",13891103,"1389/11","یکشنبه","هفته 45",45,"یکشنبه 3 بهمن 1389",4,"زمستان",0,0,138911
20110124,2011-01-24 00:00:00.000,2011,1,24,124,1,"January","1/24/2011",201101,"1/1/2011","Monday","Week 5",5,13891104,1389,11,4,1104,2,"بهمن","1389/11/04",13891104,"1389/11","دوشنبه","هفته 45",45,"دوشنبه 4 بهمن 1389",4,"زمستان",0,0,138911
20110125,2011-01-25 00:00:00.000,2011,1,25,125,2,"January","1/25/2011",201101,"1/1/2011","Tuesday","Week 5",5,13891105,1389,11,5,1105,3,"بهمن","1389/11/05",13891105,"1389/11","سه شنبه","هفته 45",45,"سه شنبه 5 بهمن 1389",4,"زمستان",0,0,138911
20110126,2011-01-26 00:00:00.000,2011,1,26,126,3,"January","1/26/2011",201101,"1/1/2011","Wednesday","Week 5",5,13891106,1389,11,6,1106,4,"بهمن","1389/11/06",13891106,"1389/11","چهارشنبه","هفته 45",45,"چهارشنبه 6 بهمن 1389",4,"زمستان",0,0,138911
20110127,2011-01-27 00:00:00.000,2011,1,27,127,4,"January","1/27/2011",201101,"1/1/2011","Thursday","Week 5",5,13891107,1389,11,7,1107,5,"بهمن","1389/11/07",13891107,"1389/11","پنج شنبه","هفته 45",45,"پنج شنبه 7 بهمن 1389",4,"زمستان",0,0,138911
20110128,2011-01-28 00:00:00.000,2011,1,28,128,5,"January","1/28/2011",201101,"1/1/2011","Friday","Week 5",5,13891108,1389,11,8,1108,6,"بهمن","1389/11/08",13891108,"1389/11","جمعه","هفته 45",45,"جمعه 8 بهمن 1389",4,"زمستان",0,0,138911
20110129,2011-01-29 00:00:00.000,2011,1,29,129,6,"January","1/29/2011",201101,"1/1/2011","Saturday","Week 5",5,13891109,1389,11,9,1109,0,"بهمن","1389/11/09",13891109,"1389/11","شنبه","هفته 46",46,"شنبه 9 بهمن 1389",4,"زمستان",0,0,138911
20110130,2011-01-30 00:00:00.000,2011,1,30,130,0,"January","1/30/2011",201101,"1/1/2011","Sunday","Week 6",6,13891110,1389,11,10,1110,1,"بهمن","1389/11/10",13891110,"1389/11","یکشنبه","هفته 46",46,"یکشنبه 10 بهمن 1389",4,"زمستان",0,0,138911
20110131,2011-01-31 00:00:00.000,2011,1,31,131,1,"January","1/31/2011",201101,"1/1/2011","Monday","Week 6",6,13891111,1389,11,11,1111,2,"بهمن","1389/11/11",13891111,"1389/11","دوشنبه","هفته 46",46,"دوشنبه 11 بهمن 1389",4,"زمستان",0,0,138911
20110201,2011-02-01 00:00:00.000,2011,2,1,201,2,"February","2/1/2011",201102,"2/1/2011","Tuesday","Week 6",6,13891112,1389,11,12,1112,3,"بهمن","1389/11/12",13891112,"1389/11","سه شنبه","هفته 46",46,"سه شنبه 12 بهمن 1389",4,"زمستان",0,0,138911
20110202,2011-02-02 00:00:00.000,2011,2,2,202,3,"February","2/2/2011",201102,"2/1/2011","Wednesday","Week 6",6,13891113,1389,11,13,1113,4,"بهمن","1389/11/13",13891113,"1389/11","چهارشنبه","هفته 46",46,"چهارشنبه 13 بهمن 1389",4,"زمستان",0,0,138911
20110203,2011-02-03 00:00:00.000,2011,2,3,203,4,"February","2/3/2011",201102,"2/1/2011","Thursday","Week 6",6,13891114,1389,11,14,1114,5,"بهمن","1389/11/14",13891114,"1389/11","پنج شنبه","هفته 46",46,"پنج شنبه 14 بهمن 1389",4,"زمستان",0,0,138911
20110204,2011-02-04 00:00:00.000,2011,2,4,204,5,"February","2/4/2011",201102,"2/1/2011","Friday","Week 6",6,13891115,1389,11,15,1115,6,"بهمن","1389/11/15",13891115,"1389/11","جمعه","هفته 46",46,"جمعه 15 بهمن 1389",4,"زمستان",0,0,138911
20110205,2011-02-05 00:00:00.000,2011,2,5,205,6,"February","2/5/2011",201102,"2/1/2011","Saturday","Week 6",6,13891116,1389,11,16,1116,0,"بهمن","1389/11/16",13891116,"1389/11","شنبه","هفته 47",47,"شنبه 16 بهمن 1389",4,"زمستان",0,0,138911
20110206,2011-02-06 00:00:00.000,2011,2,6,206,0,"February","2/6/2011",201102,"2/1/2011","Sunday","Week 7",7,13891117,1389,11,17,1117,1,"بهمن","1389/11/17",13891117,"1389/11","یکشنبه","هفته 47",47,"یکشنبه 17 بهمن 1389",4,"زمستان",0,0,138911
20110207,2011-02-07 00:00:00.000,2011,2,7,207,1,"February","2/7/2011",201102,"2/1/2011","Monday","Week 7",7,13891118,1389,11,18,1118,2,"بهمن","1389/11/18",13891118,"1389/11","دوشنبه","هفته 47",47,"دوشنبه 18 بهمن 1389",4,"زمستان",0,0,138911
20110208,2011-02-08 00:00:00.000,2011,2,8,208,2,"February","2/8/2011",201102,"2/1/2011","Tuesday","Week 7",7,13891119,1389,11,19,1119,3,"بهمن","1389/11/19",13891119,"1389/11","سه شنبه","هفته 47",47,"سه شنبه 19 بهمن 1389",4,"زمستان",0,0,138911
20110209,2011-02-09 00:00:00.000,2011,2,9,209,3,"February","2/9/2011",201102,"2/1/2011","Wednesday","Week 7",7,13891120,1389,11,20,1120,4,"بهمن","1389/11/20",13891120,"1389/11","چهارشنبه","هفته 47",47,"چهارشنبه 20 بهمن 1389",4,"زمستان",0,0,138911
20110210,2011-02-10 00:00:00.000,2011,2,10,210,4,"February","2/10/2011",201102,"2/1/2011","Thursday","Week 7",7,13891121,1389,11,21,1121,5,"بهمن","1389/11/21",13891121,"1389/11","پنج شنبه","هفته 47",47,"پنج شنبه 21 بهمن 1389",4,"زمستان",0,0,138911
20110211,2011-02-11 00:00:00.000,2011,2,11,211,5,"February","2/11/2011",201102,"2/1/2011","Friday","Week 7",7,13891122,1389,11,22,1122,6,"بهمن","1389/11/22",13891122,"1389/11","جمعه","هفته 47",47,"جمعه 22 بهمن 1389",4,"زمستان",0,0,138911
20110212,2011-02-12 00:00:00.000,2011,2,12,212,6,"February","2/12/2011",201102,"2/1/2011","Saturday","Week 7",7,13891123,1389,11,23,1123,0,"بهمن","1389/11/23",13891123,"1389/11","شنبه","هفته 48",48,"شنبه 23 بهمن 1389",4,"زمستان",0,0,138911
20110213,2011-02-13 00:00:00.000,2011,2,13,213,0,"February","2/13/2011",201102,"2/1/2011","Sunday","Week 8",8,13891124,1389,11,24,1124,1,"بهمن","1389/11/24",13891124,"1389/11","یکشنبه","هفته 48",48,"یکشنبه 24 بهمن 1389",4,"زمستان",0,0,138911
20110214,2011-02-14 00:00:00.000,2011,2,14,214,1,"February","2/14/2011",201102,"2/1/2011","Monday","Week 8",8,13891125,1389,11,25,1125,2,"بهمن","1389/11/25",13891125,"1389/11","دوشنبه","هفته 48",48,"دوشنبه 25 بهمن 1389",4,"زمستان",0,0,138911
20110215,2011-02-15 00:00:00.000,2011,2,15,215,2,"February","2/15/2011",201102,"2/1/2011","Tuesday","Week 8",8,13891126,1389,11,26,1126,3,"بهمن","1389/11/26",13891126,"1389/11","سه شنبه","هفته 48",48,"سه شنبه 26 بهمن 1389",4,"زمستان",0,0,138911
20110216,2011-02-16 00:00:00.000,2011,2,16,216,3,"February","2/16/2011",201102,"2/1/2011","Wednesday","Week 8",8,13891127,1389,11,27,1127,4,"بهمن","1389/11/27",13891127,"1389/11","چهارشنبه","هفته 48",48,"چهارشنبه 27 بهمن 1389",4,"زمستان",0,0,138911
20110217,2011-02-17 00:00:00.000,2011,2,17,217,4,"February","2/17/2011",201102,"2/1/2011","Thursday","Week 8",8,13891128,1389,11,28,1128,5,"بهمن","1389/11/28",13891128,"1389/11","پنج شنبه","هفته 48",48,"پنج شنبه 28 بهمن 1389",4,"زمستان",0,0,138911
20110218,2011-02-18 00:00:00.000,2011,2,18,218,5,"February","2/18/2011",201102,"2/1/2011","Friday","Week 8",8,13891129,1389,11,29,1129,6,"بهمن","1389/11/29",13891129,"1389/11","جمعه","هفته 48",48,"جمعه 29 بهمن 1389",4,"زمستان",0,0,138911
20110219,2011-02-19 00:00:00.000,2011,2,19,219,6,"February","2/19/2011",201102,"2/1/2011","Saturday","Week 8",8,13891130,1389,11,30,1130,0,"بهمن","1389/11/30",13891130,"1389/11","شنبه","هفته 49",49,"شنبه 30 بهمن 1389",4,"زمستان",0,0,138911
20110220,2011-02-20 00:00:00.000,2011,2,20,220,0,"February","2/20/2011",201102,"2/1/2011","Sunday","Week 9",9,13891201,1389,12,1,1201,1,"اسفند","1389/12/01",13891201,"1389/12","یکشنبه","هفته 49",49,"یکشنبه 1 اسفند 1389",4,"زمستان",0,0,138912
20110221,2011-02-21 00:00:00.000,2011,2,21,221,1,"February","2/21/2011",201102,"2/1/2011","Monday","Week 9",9,13891202,1389,12,2,1202,2,"اسفند","1389/12/02",13891202,"1389/12","دوشنبه","هفته 49",49,"دوشنبه 2 اسفند 1389",4,"زمستان",0,0,138912
20110222,2011-02-22 00:00:00.000,2011,2,22,222,2,"February","2/22/2011",201102,"2/1/2011","Tuesday","Week 9",9,13891203,1389,12,3,1203,3,"اسفند","1389/12/03",13891203,"1389/12","سه شنبه","هفته 49",49,"سه شنبه 3 اسفند 1389",4,"زمستان",0,0,138912
20110223,2011-02-23 00:00:00.000,2011,2,23,223,3,"February","2/23/2011",201102,"2/1/2011","Wednesday","Week 9",9,13891204,1389,12,4,1204,4,"اسفند","1389/12/04",13891204,"1389/12","چهارشنبه","هفته 49",49,"چهارشنبه 4 اسفند 1389",4,"زمستان",0,0,138912
20110224,2011-02-24 00:00:00.000,2011,2,24,224,4,"February","2/24/2011",201102,"2/1/2011","Thursday","Week 9",9,13891205,1389,12,5,1205,5,"اسفند","1389/12/05",13891205,"1389/12","پنج شنبه","هفته 49",49,"پنج شنبه 5 اسفند 1389",4,"زمستان",0,0,138912
20110225,2011-02-25 00:00:00.000,2011,2,25,225,5,"February","2/25/2011",201102,"2/1/2011","Friday","Week 9",9,13891206,1389,12,6,1206,6,"اسفند","1389/12/06",13891206,"1389/12","جمعه","هفته 49",49,"جمعه 6 اسفند 1389",4,"زمستان",0,0,138912
20110226,2011-02-26 00:00:00.000,2011,2,26,226,6,"February","2/26/2011",201102,"2/1/2011","Saturday","Week 9",9,13891207,1389,12,7,1207,0,"اسفند","1389/12/07",13891207,"1389/12","شنبه","هفته 50",50,"شنبه 7 اسفند 1389",4,"زمستان",0,0,138912
20110227,2011-02-27 00:00:00.000,2011,2,27,227,0,"February","2/27/2011",201102,"2/1/2011","Sunday","Week 10",10,13891208,1389,12,8,1208,1,"اسفند","1389/12/08",13891208,"1389/12","یکشنبه","هفته 50",50,"یکشنبه 8 اسفند 1389",4,"زمستان",0,0,138912
20110228,2011-02-28 00:00:00.000,2011,2,28,228,1,"February","2/28/2011",201102,"2/1/2011","Monday","Week 10",10,13891209,1389,12,9,1209,2,"اسفند","1389/12/09",13891209,"1389/12","دوشنبه","هفته 50",50,"دوشنبه 9 اسفند 1389",4,"زمستان",0,0,138912
20110301,2011-03-01 00:00:00.000,2011,3,1,301,2,"March","3/1/2011",201103,"3/1/2011","Tuesday","Week 10",10,13891210,1389,12,10,1210,3,"اسفند","1389/12/10",13891210,"1389/12","سه شنبه","هفته 50",50,"سه شنبه 10 اسفند 1389",4,"زمستان",0,0,138912
20110302,2011-03-02 00:00:00.000,2011,3,2,302,3,"March","3/2/2011",201103,"3/1/2011","Wednesday","Week 10",10,13891211,1389,12,11,1211,4,"اسفند","1389/12/11",13891211,"1389/12","چهارشنبه","هفته 50",50,"چهارشنبه 11 اسفند 1389",4,"زمستان",0,0,138912
20110303,2011-03-03 00:00:00.000,2011,3,3,303,4,"March","3/3/2011",201103,"3/1/2011","Thursday","Week 10",10,13891212,1389,12,12,1212,5,"اسفند","1389/12/12",13891212,"1389/12","پنج شنبه","هفته 50",50,"پنج شنبه 12 اسفند 1389",4,"زمستان",0,0,138912
20110304,2011-03-04 00:00:00.000,2011,3,4,304,5,"March","3/4/2011",201103,"3/1/2011","Friday","Week 10",10,13891213,1389,12,13,1213,6,"اسفند","1389/12/13",13891213,"1389/12","جمعه","هفته 50",50,"جمعه 13 اسفند 1389",4,"زمستان",0,0,138912
20110305,2011-03-05 00:00:00.000,2011,3,5,305,6,"March","3/5/2011",201103,"3/1/2011","Saturday","Week 10",10,13891214,1389,12,14,1214,0,"اسفند","1389/12/14",13891214,"1389/12","شنبه","هفته 51",51,"شنبه 14 اسفند 1389",4,"زمستان",0,0,138912
20110306,2011-03-06 00:00:00.000,2011,3,6,306,0,"March","3/6/2011",201103,"3/1/2011","Sunday","Week 11",11,13891215,1389,12,15,1215,1,"اسفند","1389/12/15",13891215,"1389/12","یکشنبه","هفته 51",51,"یکشنبه 15 اسفند 1389",4,"زمستان",0,0,138912
20110307,2011-03-07 00:00:00.000,2011,3,7,307,1,"March","3/7/2011",201103,"3/1/2011","Monday","Week 11",11,13891216,1389,12,16,1216,2,"اسفند","1389/12/16",13891216,"1389/12","دوشنبه","هفته 51",51,"دوشنبه 16 اسفند 1389",4,"زمستان",0,0,138912
20110308,2011-03-08 00:00:00.000,2011,3,8,308,2,"March","3/8/2011",201103,"3/1/2011","Tuesday","Week 11",11,13891217,1389,12,17,1217,3,"اسفند","1389/12/17",13891217,"1389/12","سه شنبه","هفته 51",51,"سه شنبه 17 اسفند 1389",4,"زمستان",0,0,138912
20110309,2011-03-09 00:00:00.000,2011,3,9,309,3,"March","3/9/2011",201103,"3/1/2011","Wednesday","Week 11",11,13891218,1389,12,18,1218,4,"اسفند","1389/12/18",13891218,"1389/12","چهارشنبه","هفته 51",51,"چهارشنبه 18 اسفند 1389",4,"زمستان",0,0,138912
20110310,2011-03-10 00:00:00.000,2011,3,10,310,4,"March","3/10/2011",201103,"3/1/2011","Thursday","Week 11",11,13891219,1389,12,19,1219,5,"اسفند","1389/12/19",13891219,"1389/12","پنج شنبه","هفته 51",51,"پنج شنبه 19 اسفند 1389",4,"زمستان",0,0,138912
20110311,2011-03-11 00:00:00.000,2011,3,11,311,5,"March","3/11/2011",201103,"3/1/2011","Friday","Week 11",11,13891220,1389,12,20,1220,6,"اسفند","1389/12/20",13891220,"1389/12","جمعه","هفته 51",51,"جمعه 20 اسفند 1389",4,"زمستان",0,0,138912
20110312,2011-03-12 00:00:00.000,2011,3,12,312,6,"March","3/12/2011",201103,"3/1/2011","Saturday","Week 11",11,13891221,1389,12,21,1221,0,"اسفند","1389/12/21",13891221,"1389/12","شنبه","هفته 52",52,"شنبه 21 اسفند 1389",4,"زمستان",0,0,138912
20110313,2011-03-13 00:00:00.000,2011,3,13,313,0,"March","3/13/2011",201103,"3/1/2011","Sunday","Week 12",12,13891222,1389,12,22,1222,1,"اسفند","1389/12/22",13891222,"1389/12","یکشنبه","هفته 52",52,"یکشنبه 22 اسفند 1389",4,"زمستان",0,0,138912
20110314,2011-03-14 00:00:00.000,2011,3,14,314,1,"March","3/14/2011",201103,"3/1/2011","Monday","Week 12",12,13891223,1389,12,23,1223,2,"اسفند","1389/12/23",13891223,"1389/12","دوشنبه","هفته 52",52,"دوشنبه 23 اسفند 1389",4,"زمستان",0,0,138912
20110315,2011-03-15 00:00:00.000,2011,3,15,315,2,"March","3/15/2011",201103,"3/1/2011","Tuesday","Week 12",12,13891224,1389,12,24,1224,3,"اسفند","1389/12/24",13891224,"1389/12","سه شنبه","هفته 52",52,"سه شنبه 24 اسفند 1389",4,"زمستان",0,0,138912
20110316,2011-03-16 00:00:00.000,2011,3,16,316,3,"March","3/16/2011",201103,"3/1/2011","Wednesday","Week 12",12,13891225,1389,12,25,1225,4,"اسفند","1389/12/25",13891225,"1389/12","چهارشنبه","هفته 52",52,"چهارشنبه 25 اسفند 1389",4,"زمستان",0,0,138912
20110317,2011-03-17 00:00:00.000,2011,3,17,317,4,"March","3/17/2011",201103,"3/1/2011","Thursday","Week 12",12,13891226,1389,12,26,1226,5,"اسفند","1389/12/26",13891226,"1389/12","پنج شنبه","هفته 52",52,"پنج شنبه 26 اسفند 1389",4,"زمستان",0,0,138912
20110318,2011-03-18 00:00:00.000,2011,3,18,318,5,"March","3/18/2011",201103,"3/1/2011","Friday","Week 12",12,13891227,1389,12,27,1227,6,"اسفند","1389/12/27",13891227,"1389/12","جمعه","هفته 52",52,"جمعه 27 اسفند 1389",4,"زمستان",0,0,138912
20110319,2011-03-19 00:00:00.000,2011,3,19,319,6,"March","3/19/2011",201103,"3/1/2011","Saturday","Week 12",12,13891228,1389,12,28,1228,0,"اسفند","1389/12/28",13891228,"1389/12","شنبه","هفته 53",53,"شنبه 28 اسفند 1389",4,"زمستان",0,0,138912
20110320,2011-03-20 00:00:00.000,2011,3,20,320,0,"March","3/20/2011",201103,"3/1/2011","Sunday","Week 13",13,13891229,1389,12,29,1229,1,"اسفند","1389/12/29",13891229,"1389/12","یکشنبه","هفته 53",53,"یکشنبه 29 اسفند 1389",4,"زمستان",0,0,138912
20120101,2012-01-01 00:00:00.000,2012,1,1,101,0,"January","1/1/2012",201201,"1/1/2012","Sunday","Week 1",1,13901011,1390,10,11,1011,1,"دی","1390/10/11",13901011,"1390/10","یکشنبه","هفته 42",42,"یکشنبه 11 دی 1390",4,"زمستان",0,0,139010
20120102,2012-01-02 00:00:00.000,2012,1,2,102,1,"January","1/2/2012",201201,"1/1/2012","Monday","Week 1",1,13901012,1390,10,12,1012,2,"دی","1390/10/12",13901012,"1390/10","دوشنبه","هفته 42",42,"دوشنبه 12 دی 1390",4,"زمستان",0,0,139010
20120103,2012-01-03 00:00:00.000,2012,1,3,103,2,"January","1/3/2012",201201,"1/1/2012","Tuesday","Week 1",1,13901013,1390,10,13,1013,3,"دی","1390/10/13",13901013,"1390/10","سه شنبه","هفته 42",42,"سه شنبه 13 دی 1390",4,"زمستان",0,0,139010
20120104,2012-01-04 00:00:00.000,2012,1,4,104,3,"January","1/4/2012",201201,"1/1/2012","Wednesday","Week 1",1,13901014,1390,10,14,1014,4,"دی","1390/10/14",13901014,"1390/10","چهارشنبه","هفته 42",42,"چهارشنبه 14 دی 1390",4,"زمستان",0,0,139010
20120105,2012-01-05 00:00:00.000,2012,1,5,105,4,"January","1/5/2012",201201,"1/1/2012","Thursday","Week 1",1,13901015,1390,10,15,1015,5,"دی","1390/10/15",13901015,"1390/10","پنج شنبه","هفته 42",42,"پنج شنبه 15 دی 1390",4,"زمستان",0,0,139010
20120106,2012-01-06 00:00:00.000,2012,1,6,106,5,"January","1/6/2012",201201,"1/1/2012","Friday","Week 1",1,13901016,1390,10,16,1016,6,"دی","1390/10/16",13901016,"1390/10","جمعه","هفته 42",42,"جمعه 16 دی 1390",4,"زمستان",0,0,139010
20120107,2012-01-07 00:00:00.000,2012,1,7,107,6,"January","1/7/2012",201201,"1/1/2012","Saturday","Week 1",1,13901017,1390,10,17,1017,0,"دی","1390/10/17",13901017,"1390/10","شنبه","هفته 43",43,"شنبه 17 دی 1390",4,"زمستان",0,0,139010
20120108,2012-01-08 00:00:00.000,2012,1,8,108,0,"January","1/8/2012",201201,"1/1/2012","Sunday","Week 2",2,13901018,1390,10,18,1018,1,"دی","1390/10/18",13901018,"1390/10","یکشنبه","هفته 43",43,"یکشنبه 18 دی 1390",4,"زمستان",0,0,139010
20120109,2012-01-09 00:00:00.000,2012,1,9,109,1,"January","1/9/2012",201201,"1/1/2012","Monday","Week 2",2,13901019,1390,10,19,1019,2,"دی","1390/10/19",13901019,"1390/10","دوشنبه","هفته 43",43,"دوشنبه 19 دی 1390",4,"زمستان",0,0,139010
20120110,2012-01-10 00:00:00.000,2012,1,10,110,2,"January","1/10/2012",201201,"1/1/2012","Tuesday","Week 2",2,13901020,1390,10,20,1020,3,"دی","1390/10/20",13901020,"1390/10","سه شنبه","هفته 43",43,"سه شنبه 20 دی 1390",4,"زمستان",0,0,139010
20120111,2012-01-11 00:00:00.000,2012,1,11,111,3,"January","1/11/2012",201201,"1/1/2012","Wednesday","Week 2",2,13901021,1390,10,21,1021,4,"دی","1390/10/21",13901021,"1390/10","چهارشنبه","هفته 43",43,"چهارشنبه 21 دی 1390",4,"زمستان",0,0,139010
20120112,2012-01-12 00:00:00.000,2012,1,12,112,4,"January","1/12/2012",201201,"1/1/2012","Thursday","Week 2",2,13901022,1390,10,22,1022,5,"دی","1390/10/22",13901022,"1390/10","پنج شنبه","هفته 43",43,"پنج شنبه 22 دی 1390",4,"زمستان",0,0,139010
20120113,2012-01-13 00:00:00.000,2012,1,13,113,5,"January","1/13/2012",201201,"1/1/2012","Friday","Week 2",2,13901023,1390,10,23,1023,6,"دی","1390/10/23",13901023,"1390/10","جمعه","هفته 43",43,"جمعه 23 دی 1390",4,"زمستان",0,0,139010
20120114,2012-01-14 00:00:00.000,2012,1,14,114,6,"January","1/14/2012",201201,"1/1/2012","Saturday","Week 2",2,13901024,1390,10,24,1024,0,"دی","1390/10/24",13901024,"1390/10","شنبه","هفته 44",44,"شنبه 24 دی 1390",4,"زمستان",0,0,139010
20120115,2012-01-15 00:00:00.000,2012,1,15,115,0,"January","1/15/2012",201201,"1/1/2012","Sunday","Week 3",3,13901025,1390,10,25,1025,1,"دی","1390/10/25",13901025,"1390/10","یکشنبه","هفته 44",44,"یکشنبه 25 دی 1390",4,"زمستان",0,0,139010
20120116,2012-01-16 00:00:00.000,2012,1,16,116,1,"January","1/16/2012",201201,"1/1/2012","Monday","Week 3",3,13901026,1390,10,26,1026,2,"دی","1390/10/26",13901026,"1390/10","دوشنبه","هفته 44",44,"دوشنبه 26 دی 1390",4,"زمستان",0,0,139010
20120117,2012-01-17 00:00:00.000,2012,1,17,117,2,"January","1/17/2012",201201,"1/1/2012","Tuesday","Week 3",3,13901027,1390,10,27,1027,3,"دی","1390/10/27",13901027,"1390/10","سه شنبه","هفته 44",44,"سه شنبه 27 دی 1390",4,"زمستان",0,0,139010
20120118,2012-01-18 00:00:00.000,2012,1,18,118,3,"January","1/18/2012",201201,"1/1/2012","Wednesday","Week 3",3,13901028,1390,10,28,1028,4,"دی","1390/10/28",13901028,"1390/10","چهارشنبه","هفته 44",44,"چهارشنبه 28 دی 1390",4,"زمستان",0,0,139010
20120119,2012-01-19 00:00:00.000,2012,1,19,119,4,"January","1/19/2012",201201,"1/1/2012","Thursday","Week 3",3,13901029,1390,10,29,1029,5,"دی","1390/10/29",13901029,"1390/10","پنج شنبه","هفته 44",44,"پنج شنبه 29 دی 1390",4,"زمستان",0,0,139010
20120120,2012-01-20 00:00:00.000,2012,1,20,120,5,"January","1/20/2012",201201,"1/1/2012","Friday","Week 3",3,13901030,1390,10,30,1030,6,"دی","1390/10/30",13901030,"1390/10","جمعه","هفته 44",44,"جمعه 30 دی 1390",4,"زمستان",0,0,139010
20120121,2012-01-21 00:00:00.000,2012,1,21,121,6,"January","1/21/2012",201201,"1/1/2012","Saturday","Week 3",3,13901101,1390,11,1,1101,0,"بهمن","1390/11/01",13901101,"1390/11","شنبه","هفته 45",45,"شنبه 1 بهمن 1390",4,"زمستان",0,0,139011
20120122,2012-01-22 00:00:00.000,2012,1,22,122,0,"January","1/22/2012",201201,"1/1/2012","Sunday","Week 4",4,13901102,1390,11,2,1102,1,"بهمن","1390/11/02",13901102,"1390/11","یکشنبه","هفته 45",45,"یکشنبه 2 بهمن 1390",4,"زمستان",0,0,139011
20120123,2012-01-23 00:00:00.000,2012,1,23,123,1,"January","1/23/2012",201201,"1/1/2012","Monday","Week 4",4,13901103,1390,11,3,1103,2,"بهمن","1390/11/03",13901103,"1390/11","دوشنبه","هفته 45",45,"دوشنبه 3 بهمن 1390",4,"زمستان",0,0,139011
20120124,2012-01-24 00:00:00.000,2012,1,24,124,2,"January","1/24/2012",201201,"1/1/2012","Tuesday","Week 4",4,13901104,1390,11,4,1104,3,"بهمن","1390/11/04",13901104,"1390/11","سه شنبه","هفته 45",45,"سه شنبه 4 بهمن 1390",4,"زمستان",0,0,139011
20120125,2012-01-25 00:00:00.000,2012,1,25,125,3,"January","1/25/2012",201201,"1/1/2012","Wednesday","Week 4",4,13901105,1390,11,5,1105,4,"بهمن","1390/11/05",13901105,"1390/11","چهارشنبه","هفته 45",45,"چهارشنبه 5 بهمن 1390",4,"زمستان",0,0,139011
20120126,2012-01-26 00:00:00.000,2012,1,26,126,4,"January","1/26/2012",201201,"1/1/2012","Thursday","Week 4",4,13901106,1390,11,6,1106,5,"بهمن","1390/11/06",13901106,"1390/11","پنج شنبه","هفته 45",45,"پنج شنبه 6 بهمن 1390",4,"زمستان",0,0,139011
20120127,2012-01-27 00:00:00.000,2012,1,27,127,5,"January","1/27/2012",201201,"1/1/2012","Friday","Week 4",4,13901107,1390,11,7,1107,6,"بهمن","1390/11/07",13901107,"1390/11","جمعه","هفته 45",45,"جمعه 7 بهمن 1390",4,"زمستان",0,0,139011
20120128,2012-01-28 00:00:00.000,2012,1,28,128,6,"January","1/28/2012",201201,"1/1/2012","Saturday","Week 4",4,13901108,1390,11,8,1108,0,"بهمن","1390/11/08",13901108,"1390/11","شنبه","هفته 46",46,"شنبه 8 بهمن 1390",4,"زمستان",0,0,139011
20120129,2012-01-29 00:00:00.000,2012,1,29,129,0,"January","1/29/2012",201201,"1/1/2012","Sunday","Week 5",5,13901109,1390,11,9,1109,1,"بهمن","1390/11/09",13901109,"1390/11","یکشنبه","هفته 46",46,"یکشنبه 9 بهمن 1390",4,"زمستان",0,0,139011
20120130,2012-01-30 00:00:00.000,2012,1,30,130,1,"January","1/30/2012",201201,"1/1/2012","Monday","Week 5",5,13901110,1390,11,10,1110,2,"بهمن","1390/11/10",13901110,"1390/11","دوشنبه","هفته 46",46,"دوشنبه 10 بهمن 1390",4,"زمستان",0,0,139011
20120131,2012-01-31 00:00:00.000,2012,1,31,131,2,"January","1/31/2012",201201,"1/1/2012","Tuesday","Week 5",5,13901111,1390,11,11,1111,3,"بهمن","1390/11/11",13901111,"1390/11","سه شنبه","هفته 46",46,"سه شنبه 11 بهمن 1390",4,"زمستان",0,0,139011
20120201,2012-02-01 00:00:00.000,2012,2,1,201,3,"February","2/1/2012",201202,"2/1/2012","Wednesday","Week 5",5,13901112,1390,11,12,1112,4,"بهمن","1390/11/12",13901112,"1390/11","چهارشنبه","هفته 46",46,"چهارشنبه 12 بهمن 1390",4,"زمستان",0,0,139011
20120202,2012-02-02 00:00:00.000,2012,2,2,202,4,"February","2/2/2012",201202,"2/1/2012","Thursday","Week 5",5,13901113,1390,11,13,1113,5,"بهمن","1390/11/13",13901113,"1390/11","پنج شنبه","هفته 46",46,"پنج شنبه 13 بهمن 1390",4,"زمستان",0,0,139011
20120203,2012-02-03 00:00:00.000,2012,2,3,203,5,"February","2/3/2012",201202,"2/1/2012","Friday","Week 5",5,13901114,1390,11,14,1114,6,"بهمن","1390/11/14",13901114,"1390/11","جمعه","هفته 46",46,"جمعه 14 بهمن 1390",4,"زمستان",0,0,139011
20120204,2012-02-04 00:00:00.000,2012,2,4,204,6,"February","2/4/2012",201202,"2/1/2012","Saturday","Week 5",5,13901115,1390,11,15,1115,0,"بهمن","1390/11/15",13901115,"1390/11","شنبه","هفته 47",47,"شنبه 15 بهمن 1390",4,"زمستان",0,0,139011
20120205,2012-02-05 00:00:00.000,2012,2,5,205,0,"February","2/5/2012",201202,"2/1/2012","Sunday","Week 6",6,13901116,1390,11,16,1116,1,"بهمن","1390/11/16",13901116,"1390/11","یکشنبه","هفته 47",47,"یکشنبه 16 بهمن 1390",4,"زمستان",0,0,139011
20120206,2012-02-06 00:00:00.000,2012,2,6,206,1,"February","2/6/2012",201202,"2/1/2012","Monday","Week 6",6,13901117,1390,11,17,1117,2,"بهمن","1390/11/17",13901117,"1390/11","دوشنبه","هفته 47",47,"دوشنبه 17 بهمن 1390",4,"زمستان",0,0,139011
20120207,2012-02-07 00:00:00.000,2012,2,7,207,2,"February","2/7/2012",201202,"2/1/2012","Tuesday","Week 6",6,13901118,1390,11,18,1118,3,"بهمن","1390/11/18",13901118,"1390/11","سه شنبه","هفته 47",47,"سه شنبه 18 بهمن 1390",4,"زمستان",0,0,139011
20120208,2012-02-08 00:00:00.000,2012,2,8,208,3,"February","2/8/2012",201202,"2/1/2012","Wednesday","Week 6",6,13901119,1390,11,19,1119,4,"بهمن","1390/11/19",13901119,"1390/11","چهارشنبه","هفته 47",47,"چهارشنبه 19 بهمن 1390",4,"زمستان",0,0,139011
20120209,2012-02-09 00:00:00.000,2012,2,9,209,4,"February","2/9/2012",201202,"2/1/2012","Thursday","Week 6",6,13901120,1390,11,20,1120,5,"بهمن","1390/11/20",13901120,"1390/11","پنج شنبه","هفته 47",47,"پنج شنبه 20 بهمن 1390",4,"زمستان",0,0,139011
20120210,2012-02-10 00:00:00.000,2012,2,10,210,5,"February","2/10/2012",201202,"2/1/2012","Friday","Week 6",6,13901121,1390,11,21,1121,6,"بهمن","1390/11/21",13901121,"1390/11","جمعه","هفته 47",47,"جمعه 21 بهمن 1390",4,"زمستان",0,0,139011
20120211,2012-02-11 00:00:00.000,2012,2,11,211,6,"February","2/11/2012",201202,"2/1/2012","Saturday","Week 6",6,13901122,1390,11,22,1122,0,"بهمن","1390/11/22",13901122,"1390/11","شنبه","هفته 48",48,"شنبه 22 بهمن 1390",4,"زمستان",0,0,139011
20120212,2012-02-12 00:00:00.000,2012,2,12,212,0,"February","2/12/2012",201202,"2/1/2012","Sunday","Week 7",7,13901123,1390,11,23,1123,1,"بهمن","1390/11/23",13901123,"1390/11","یکشنبه","هفته 48",48,"یکشنبه 23 بهمن 1390",4,"زمستان",0,0,139011
20120213,2012-02-13 00:00:00.000,2012,2,13,213,1,"February","2/13/2012",201202,"2/1/2012","Monday","Week 7",7,13901124,1390,11,24,1124,2,"بهمن","1390/11/24",13901124,"1390/11","دوشنبه","هفته 48",48,"دوشنبه 24 بهمن 1390",4,"زمستان",0,0,139011
20120214,2012-02-14 00:00:00.000,2012,2,14,214,2,"February","2/14/2012",201202,"2/1/2012","Tuesday","Week 7",7,13901125,1390,11,25,1125,3,"بهمن","1390/11/25",13901125,"1390/11","سه شنبه","هفته 48",48,"سه شنبه 25 بهمن 1390",4,"زمستان",0,0,139011
20120215,2012-02-15 00:00:00.000,2012,2,15,215,3,"February","2/15/2012",201202,"2/1/2012","Wednesday","Week 7",7,13901126,1390,11,26,1126,4,"بهمن","1390/11/26",13901126,"1390/11","چهارشنبه","هفته 48",48,"چهارشنبه 26 بهمن 1390",4,"زمستان",0,0,139011
20120216,2012-02-16 00:00:00.000,2012,2,16,216,4,"February","2/16/2012",201202,"2/1/2012","Thursday","Week 7",7,13901127,1390,11,27,1127,5,"بهمن","1390/11/27",13901127,"1390/11","پنج شنبه","هفته 48",48,"پنج شنبه 27 بهمن 1390",4,"زمستان",0,0,139011
20120217,2012-02-17 00:00:00.000,2012,2,17,217,5,"February","2/17/2012",201202,"2/1/2012","Friday","Week 7",7,13901128,1390,11,28,1128,6,"بهمن","1390/11/28",13901128,"1390/11","جمعه","هفته 48",48,"جمعه 28 بهمن 1390",4,"زمستان",0,0,139011
20120218,2012-02-18 00:00:00.000,2012,2,18,218,6,"February","2/18/2012",201202,"2/1/2012","Saturday","Week 7",7,13901129,1390,11,29,1129,0,"بهمن","1390/11/29",13901129,"1390/11","شنبه","هفته 49",49,"شنبه 29 بهمن 1390",4,"زمستان",0,0,139011
20120219,2012-02-19 00:00:00.000,2012,2,19,219,0,"February","2/19/2012",201202,"2/1/2012","Sunday","Week 8",8,13901130,1390,11,30,1130,1,"بهمن","1390/11/30",13901130,"1390/11","یکشنبه","هفته 49",49,"یکشنبه 30 بهمن 1390",4,"زمستان",0,0,139011
20120220,2012-02-20 00:00:00.000,2012,2,20,220,1,"February","2/20/2012",201202,"2/1/2012","Monday","Week 8",8,13901201,1390,12,1,1201,2,"اسفند","1390/12/01",13901201,"1390/12","دوشنبه","هفته 49",49,"دوشنبه 1 اسفند 1390",4,"زمستان",0,0,139012
20120221,2012-02-21 00:00:00.000,2012,2,21,221,2,"February","2/21/2012",201202,"2/1/2012","Tuesday","Week 8",8,13901202,1390,12,2,1202,3,"اسفند","1390/12/02",13901202,"1390/12","سه شنبه","هفته 49",49,"سه شنبه 2 اسفند 1390",4,"زمستان",0,0,139012
20120222,2012-02-22 00:00:00.000,2012,2,22,222,3,"February","2/22/2012",201202,"2/1/2012","Wednesday","Week 8",8,13901203,1390,12,3,1203,4,"اسفند","1390/12/03",13901203,"1390/12","چهارشنبه","هفته 49",49,"چهارشنبه 3 اسفند 1390",4,"زمستان",0,0,139012
20120223,2012-02-23 00:00:00.000,2012,2,23,223,4,"February","2/23/2012",201202,"2/1/2012","Thursday","Week 8",8,13901204,1390,12,4,1204,5,"اسفند","1390/12/04",13901204,"1390/12","پنج شنبه","هفته 49",49,"پنج شنبه 4 اسفند 1390",4,"زمستان",0,0,139012
20120224,2012-02-24 00:00:00.000,2012,2,24,224,5,"February","2/24/2012",201202,"2/1/2012","Friday","Week 8",8,13901205,1390,12,5,1205,6,"اسفند","1390/12/05",13901205,"1390/12","جمعه","هفته 49",49,"جمعه 5 اسفند 1390",4,"زمستان",0,0,139012
20120225,2012-02-25 00:00:00.000,2012,2,25,225,6,"February","2/25/2012",201202,"2/1/2012","Saturday","Week 8",8,13901206,1390,12,6,1206,0,"اسفند","1390/12/06",13901206,"1390/12","شنبه","هفته 50",50,"شنبه 6 اسفند 1390",4,"زمستان",0,0,139012
20120226,2012-02-26 00:00:00.000,2012,2,26,226,0,"February","2/26/2012",201202,"2/1/2012","Sunday","Week 9",9,13901207,1390,12,7,1207,1,"اسفند","1390/12/07",13901207,"1390/12","یکشنبه","هفته 50",50,"یکشنبه 7 اسفند 1390",4,"زمستان",0,0,139012
20120227,2012-02-27 00:00:00.000,2012,2,27,227,1,"February","2/27/2012",201202,"2/1/2012","Monday","Week 9",9,13901208,1390,12,8,1208,2,"اسفند","1390/12/08",13901208,"1390/12","دوشنبه","هفته 50",50,"دوشنبه 8 اسفند 1390",4,"زمستان",0,0,139012
20120228,2012-02-28 00:00:00.000,2012,2,28,228,2,"February","2/28/2012",201202,"2/1/2012","Tuesday","Week 9",9,13901209,1390,12,9,1209,3,"اسفند","1390/12/09",13901209,"1390/12","سه شنبه","هفته 50",50,"سه شنبه 9 اسفند 1390",4,"زمستان",0,0,139012
20120301,2012-03-01 00:00:00.000,2012,3,1,301,4,"March","3/1/2012",201203,"3/1/2012","Thursday","Week 9",9,13901211,1390,12,11,1211,5,"اسفند","1390/12/11",13901211,"1390/12","پنج شنبه","هفته 50",50,"پنج شنبه 11 اسفند 1390",4,"زمستان",0,0,139012
20120302,2012-03-02 00:00:00.000,2012,3,2,302,5,"March","3/2/2012",201203,"3/1/2012","Friday","Week 9",9,13901212,1390,12,12,1212,6,"اسفند","1390/12/12",13901212,"1390/12","جمعه","هفته 50",50,"جمعه 12 اسفند 1390",4,"زمستان",0,0,139012
20120303,2012-03-03 00:00:00.000,2012,3,3,303,6,"March","3/3/2012",201203,"3/1/2012","Saturday","Week 9",9,13901213,1390,12,13,1213,0,"اسفند","1390/12/13",13901213,"1390/12","شنبه","هفته 51",51,"شنبه 13 اسفند 1390",4,"زمستان",0,0,139012
20120304,2012-03-04 00:00:00.000,2012,3,4,304,0,"March","3/4/2012",201203,"3/1/2012","Sunday","Week 10",10,13901214,1390,12,14,1214,1,"اسفند","1390/12/14",13901214,"1390/12","یکشنبه","هفته 51",51,"یکشنبه 14 اسفند 1390",4,"زمستان",0,0,139012
20120305,2012-03-05 00:00:00.000,2012,3,5,305,1,"March","3/5/2012",201203,"3/1/2012","Monday","Week 10",10,13901215,1390,12,15,1215,2,"اسفند","1390/12/15",13901215,"1390/12","دوشنبه","هفته 51",51,"دوشنبه 15 اسفند 1390",4,"زمستان",0,0,139012
20120306,2012-03-06 00:00:00.000,2012,3,6,306,2,"March","3/6/2012",201203,"3/1/2012","Tuesday","Week 10",10,13901216,1390,12,16,1216,3,"اسفند","1390/12/16",13901216,"1390/12","سه شنبه","هفته 51",51,"سه شنبه 16 اسفند 1390",4,"زمستان",0,0,139012
20120307,2012-03-07 00:00:00.000,2012,3,7,307,3,"March","3/7/2012",201203,"3/1/2012","Wednesday","Week 10",10,13901217,1390,12,17,1217,4,"اسفند","1390/12/17",13901217,"1390/12","چهارشنبه","هفته 51",51,"چهارشنبه 17 اسفند 1390",4,"زمستان",0,0,139012
20120308,2012-03-08 00:00:00.000,2012,3,8,308,4,"March","3/8/2012",201203,"3/1/2012","Thursday","Week 10",10,13901218,1390,12,18,1218,5,"اسفند","1390/12/18",13901218,"1390/12","پنج شنبه","هفته 51",51,"پنج شنبه 18 اسفند 1390",4,"زمستان",0,0,139012
20120309,2012-03-09 00:00:00.000,2012,3,9,309,5,"March","3/9/2012",201203,"3/1/2012","Friday","Week 10",10,13901219,1390,12,19,1219,6,"اسفند","1390/12/19",13901219,"1390/12","جمعه","هفته 51",51,"جمعه 19 اسفند 1390",4,"زمستان",0,0,139012
20120310,2012-03-10 00:00:00.000,2012,3,10,310,6,"March","3/10/2012",201203,"3/1/2012","Saturday","Week 10",10,13901220,1390,12,20,1220,0,"اسفند","1390/12/20",13901220,"1390/12","شنبه","هفته 52",52,"شنبه 20 اسفند 1390",4,"زمستان",0,0,139012
20120311,2012-03-11 00:00:00.000,2012,3,11,311,0,"March","3/11/2012",201203,"3/1/2012","Sunday","Week 11",11,13901221,1390,12,21,1221,1,"اسفند","1390/12/21",13901221,"1390/12","یکشنبه","هفته 52",52,"یکشنبه 21 اسفند 1390",4,"زمستان",0,0,139012
20120312,2012-03-12 00:00:00.000,2012,3,12,312,1,"March","3/12/2012",201203,"3/1/2012","Monday","Week 11",11,13901222,1390,12,22,1222,2,"اسفند","1390/12/22",13901222,"1390/12","دوشنبه","هفته 52",52,"دوشنبه 22 اسفند 1390",4,"زمستان",0,0,139012
20120313,2012-03-13 00:00:00.000,2012,3,13,313,2,"March","3/13/2012",201203,"3/1/2012","Tuesday","Week 11",11,13901223,1390,12,23,1223,3,"اسفند","1390/12/23",13901223,"1390/12","سه شنبه","هفته 52",52,"سه شنبه 23 اسفند 1390",4,"زمستان",0,0,139012
20120314,2012-03-14 00:00:00.000,2012,3,14,314,3,"March","3/14/2012",201203,"3/1/2012","Wednesday","Week 11",11,13901224,1390,12,24,1224,4,"اسفند","1390/12/24",13901224,"1390/12","چهارشنبه","هفته 52",52,"چهارشنبه 24 اسفند 1390",4,"زمستان",0,0,139012
20120315,2012-03-15 00:00:00.000,2012,3,15,315,4,"March","3/15/2012",201203,"3/1/2012","Thursday","Week 11",11,13901225,1390,12,25,1225,5,"اسفند","1390/12/25",13901225,"1390/12","پنج شنبه","هفته 52",52,"پنج شنبه 25 اسفند 1390",4,"زمستان",0,0,139012
20120316,2012-03-16 00:00:00.000,2012,3,16,316,5,"March","3/16/2012",201203,"3/1/2012","Friday","Week 11",11,13901226,1390,12,26,1226,6,"اسفند","1390/12/26",13901226,"1390/12","جمعه","هفته 52",52,"جمعه 26 اسفند 1390",4,"زمستان",0,0,139012
20120317,2012-03-17 00:00:00.000,2012,3,17,317,6,"March","3/17/2012",201203,"3/1/2012","Saturday","Week 11",11,13901227,1390,12,27,1227,0,"اسفند","1390/12/27",13901227,"1390/12","شنبه","هفته 53",53,"شنبه 27 اسفند 1390",4,"زمستان",0,0,139012
20120318,2012-03-18 00:00:00.000,2012,3,18,318,0,"March","3/18/2012",201203,"3/1/2012","Sunday","Week 12",12,13901228,1390,12,28,1228,1,"اسفند","1390/12/28",13901228,"1390/12","یکشنبه","هفته 53",53,"یکشنبه 28 اسفند 1390",4,"زمستان",0,0,139012
20120319,2012-03-19 00:00:00.000,2012,3,19,319,1,"March","3/19/2012",201203,"3/1/2012","Monday","Week 12",12,13901229,1390,12,29,1229,2,"اسفند","1390/12/29",13901229,"1390/12","دوشنبه","هفته 53",53,"دوشنبه 29 اسفند 1390",4,"زمستان",0,0,139012
20120621,2012-06-21 00:00:00.000,2012,6,21,621,4,"June","6/21/2012",201206,"6/1/2012","Thursday","Week 25",25,13910401,1391,4,1,401,5,"تیر","1391/04/01",13910401,"1391/04","پنج شنبه","هفته 14",14,"پنج شنبه 1 تیر 1391",2,"تابستان",0,0,139104
20120622,2012-06-22 00:00:00.000,2012,6,22,622,5,"June","6/22/2012",201206,"6/1/2012","Friday","Week 25",25,13910402,1391,4,2,402,6,"تیر","1391/04/02",13910402,"1391/04","جمعه","هفته 14",14,"جمعه 2 تیر 1391",2,"تابستان",0,0,139104
20120623,2012-06-23 00:00:00.000,2012,6,23,623,6,"June","6/23/2012",201206,"6/1/2012","Saturday","Week 25",25,13910403,1391,4,3,403,0,"تیر","1391/04/03",13910403,"1391/04","شنبه","هفته 15",15,"شنبه 3 تیر 1391",2,"تابستان",0,0,139104
20120624,2012-06-24 00:00:00.000,2012,6,24,624,0,"June","6/24/2012",201206,"6/1/2012","Sunday","Week 26",26,13910404,1391,4,4,404,1,"تیر","1391/04/04",13910404,"1391/04","یکشنبه","هفته 15",15,"یکشنبه 4 تیر 1391",2,"تابستان",0,0,139104
20120625,2012-06-25 00:00:00.000,2012,6,25,625,1,"June","6/25/2012",201206,"6/1/2012","Monday","Week 26",26,13910405,1391,4,5,405,2,"تیر","1391/04/05",13910405,"1391/04","دوشنبه","هفته 15",15,"دوشنبه 5 تیر 1391",2,"تابستان",0,0,139104
20120626,2012-06-26 00:00:00.000,2012,6,26,626,2,"June","6/26/2012",201206,"6/1/2012","Tuesday","Week 26",26,13910406,1391,4,6,406,3,"تیر","1391/04/06",13910406,"1391/04","سه شنبه","هفته 15",15,"سه شنبه 6 تیر 1391",2,"تابستان",0,0,139104
20120627,2012-06-27 00:00:00.000,2012,6,27,627,3,"June","6/27/2012",201206,"6/1/2012","Wednesday","Week 26",26,13910407,1391,4,7,407,4,"تیر","1391/04/07",13910407,"1391/04","چهارشنبه","هفته 15",15,"چهارشنبه 7 تیر 1391",2,"تابستان",0,0,139104
20120628,2012-06-28 00:00:00.000,2012,6,28,628,4,"June","6/28/2012",201206,"6/1/2012","Thursday","Week 26",26,13910408,1391,4,8,408,5,"تیر","1391/04/08",13910408,"1391/04","پنج شنبه","هفته 15",15,"پنج شنبه 8 تیر 1391",2,"تابستان",0,0,139104
20120629,2012-06-29 00:00:00.000,2012,6,29,629,5,"June","6/29/2012",201206,"6/1/2012","Friday","Week 26",26,13910409,1391,4,9,409,6,"تیر","1391/04/09",13910409,"1391/04","جمعه","هفته 15",15,"جمعه 9 تیر 1391",2,"تابستان",0,0,139104
20120630,2012-06-30 00:00:00.000,2012,6,30,630,6,"June","6/30/2012",201206,"6/1/2012","Saturday","Week 26",26,13910410,1391,4,10,410,0,"تیر","1391/04/10",13910410,"1391/04","شنبه","هفته 16",16,"شنبه 10 تیر 1391",2,"تابستان",0,0,139104
20120701,2012-07-01 00:00:00.000,2012,7,1,701,0,"July","7/1/2012",201207,"7/1/2012","Sunday","Week 27",27,13910411,1391,4,11,411,1,"تیر","1391/04/11",13910411,"1391/04","یکشنبه","هفته 16",16,"یکشنبه 11 تیر 1391",2,"تابستان",0,0,139104
20120702,2012-07-02 00:00:00.000,2012,7,2,702,1,"July","7/2/2012",201207,"7/1/2012","Monday","Week 27",27,13910412,1391,4,12,412,2,"تیر","1391/04/12",13910412,"1391/04","دوشنبه","هفته 16",16,"دوشنبه 12 تیر 1391",2,"تابستان",0,0,139104
20120703,2012-07-03 00:00:00.000,2012,7,3,703,2,"July","7/3/2012",201207,"7/1/2012","Tuesday","Week 27",27,13910413,1391,4,13,413,3,"تیر","1391/04/13",13910413,"1391/04","سه شنبه","هفته 16",16,"سه شنبه 13 تیر 1391",2,"تابستان",0,0,139104
20120704,2012-07-04 00:00:00.000,2012,7,4,704,3,"July","7/4/2012",201207,"7/1/2012","Wednesday","Week 27",27,13910414,1391,4,14,414,4,"تیر","1391/04/14",13910414,"1391/04","چهارشنبه","هفته 16",16,"چهارشنبه 14 تیر 1391",2,"تابستان",0,0,139104
20120705,2012-07-05 00:00:00.000,2012,7,5,705,4,"July","7/5/2012",201207,"7/1/2012","Thursday","Week 27",27,13910415,1391,4,15,415,5,"تیر","1391/04/15",13910415,"1391/04","پنج شنبه","هفته 16",16,"پنج شنبه 15 تیر 1391",2,"تابستان",0,0,139104
20120706,2012-07-06 00:00:00.000,2012,7,6,706,5,"July","7/6/2012",201207,"7/1/2012","Friday","Week 27",27,13910416,1391,4,16,416,6,"تیر","1391/04/16",13910416,"1391/04","جمعه","هفته 16",16,"جمعه 16 تیر 1391",2,"تابستان",0,0,139104
20120707,2012-07-07 00:00:00.000,2012,7,7,707,6,"July","7/7/2012",201207,"7/1/2012","Saturday","Week 27",27,13910417,1391,4,17,417,0,"تیر","1391/04/17",13910417,"1391/04","شنبه","هفته 17",17,"شنبه 17 تیر 1391",2,"تابستان",0,0,139104
20120708,2012-07-08 00:00:00.000,2012,7,8,708,0,"July","7/8/2012",201207,"7/1/2012","Sunday","Week 28",28,13910418,1391,4,18,418,1,"تیر","1391/04/18",13910418,"1391/04","یکشنبه","هفته 17",17,"یکشنبه 18 تیر 1391",2,"تابستان",0,0,139104
20120709,2012-07-09 00:00:00.000,2012,7,9,709,1,"July","7/9/2012",201207,"7/1/2012","Monday","Week 28",28,13910419,1391,4,19,419,2,"تیر","1391/04/19",13910419,"1391/04","دوشنبه","هفته 17",17,"دوشنبه 19 تیر 1391",2,"تابستان",0,0,139104
20120710,2012-07-10 00:00:00.000,2012,7,10,710,2,"July","7/10/2012",201207,"7/1/2012","Tuesday","Week 28",28,13910420,1391,4,20,420,3,"تیر","1391/04/20",13910420,"1391/04","سه شنبه","هفته 17",17,"سه شنبه 20 تیر 1391",2,"تابستان",0,0,139104
20120711,2012-07-11 00:00:00.000,2012,7,11,711,3,"July","7/11/2012",201207,"7/1/2012","Wednesday","Week 28",28,13910421,1391,4,21,421,4,"تیر","1391/04/21",13910421,"1391/04","چهارشنبه","هفته 17",17,"چهارشنبه 21 تیر 1391",2,"تابستان",0,0,139104
20120712,2012-07-12 00:00:00.000,2012,7,12,712,4,"July","7/12/2012",201207,"7/1/2012","Thursday","Week 28",28,13910422,1391,4,22,422,5,"تیر","1391/04/22",13910422,"1391/04","پنج شنبه","هفته 17",17,"پنج شنبه 22 تیر 1391",2,"تابستان",0,0,139104
20120713,2012-07-13 00:00:00.000,2012,7,13,713,5,"July","7/13/2012",201207,"7/1/2012","Friday","Week 28",28,13910423,1391,4,23,423,6,"تیر","1391/04/23",13910423,"1391/04","جمعه","هفته 17",17,"جمعه 23 تیر 1391",2,"تابستان",0,0,139104
20120714,2012-07-14 00:00:00.000,2012,7,14,714,6,"July","7/14/2012",201207,"7/1/2012","Saturday","Week 28",28,13910424,1391,4,24,424,0,"تیر","1391/04/24",13910424,"1391/04","شنبه","هفته 18",18,"شنبه 24 تیر 1391",2,"تابستان",0,0,139104
20120715,2012-07-15 00:00:00.000,2012,7,15,715,0,"July","7/15/2012",201207,"7/1/2012","Sunday","Week 29",29,13910425,1391,4,25,425,1,"تیر","1391/04/25",13910425,"1391/04","یکشنبه","هفته 18",18,"یکشنبه 25 تیر 1391",2,"تابستان",0,0,139104
20120716,2012-07-16 00:00:00.000,2012,7,16,716,1,"July","7/16/2012",201207,"7/1/2012","Monday","Week 29",29,13910426,1391,4,26,426,2,"تیر","1391/04/26",13910426,"1391/04","دوشنبه","هفته 18",18,"دوشنبه 26 تیر 1391",2,"تابستان",0,0,139104
20120717,2012-07-17 00:00:00.000,2012,7,17,717,2,"July","7/17/2012",201207,"7/1/2012","Tuesday","Week 29",29,13910427,1391,4,27,427,3,"تیر","1391/04/27",13910427,"1391/04","سه شنبه","هفته 18",18,"سه شنبه 27 تیر 1391",2,"تابستان",0,0,139104
20120718,2012-07-18 00:00:00.000,2012,7,18,718,3,"July","7/18/2012",201207,"7/1/2012","Wednesday","Week 29",29,13910428,1391,4,28,428,4,"تیر","1391/04/28",13910428,"1391/04","چهارشنبه","هفته 18",18,"چهارشنبه 28 تیر 1391",2,"تابستان",0,0,139104
20120719,2012-07-19 00:00:00.000,2012,7,19,719,4,"July","7/19/2012",201207,"7/1/2012","Thursday","Week 29",29,13910429,1391,4,29,429,5,"تیر","1391/04/29",13910429,"1391/04","پنج شنبه","هفته 18",18,"پنج شنبه 29 تیر 1391",2,"تابستان",0,0,139104
20120720,2012-07-20 00:00:00.000,2012,7,20,720,5,"July","7/20/2012",201207,"7/1/2012","Friday","Week 29",29,13910430,1391,4,30,430,6,"تیر","1391/04/30",13910430,"1391/04","جمعه","هفته 18",18,"جمعه 30 تیر 1391",2,"تابستان",0,0,139104
20120721,2012-07-21 00:00:00.000,2012,7,21,721,6,"July","7/21/2012",201207,"7/1/2012","Saturday","Week 29",29,13910431,1391,4,31,431,0,"تیر","1391/04/31",13910431,"1391/04","شنبه","هفته 19",19,"شنبه 31 تیر 1391",2,"تابستان",0,0,139104
20120722,2012-07-22 00:00:00.000,2012,7,22,722,0,"July","7/22/2012",201207,"7/1/2012","Sunday","Week 30",30,13910501,1391,5,1,501,1,"مرداد","1391/05/01",13910501,"1391/05","یکشنبه","هفته 19",19,"یکشنبه 1 مرداد 1391",2,"تابستان",0,0,139105
20120723,2012-07-23 00:00:00.000,2012,7,23,723,1,"July","7/23/2012",201207,"7/1/2012","Monday","Week 30",30,13910502,1391,5,2,502,2,"مرداد","1391/05/02",13910502,"1391/05","دوشنبه","هفته 19",19,"دوشنبه 2 مرداد 1391",2,"تابستان",0,0,139105
20120724,2012-07-24 00:00:00.000,2012,7,24,724,2,"July","7/24/2012",201207,"7/1/2012","Tuesday","Week 30",30,13910503,1391,5,3,503,3,"مرداد","1391/05/03",13910503,"1391/05","سه شنبه","هفته 19",19,"سه شنبه 3 مرداد 1391",2,"تابستان",0,0,139105
20120725,2012-07-25 00:00:00.000,2012,7,25,725,3,"July","7/25/2012",201207,"7/1/2012","Wednesday","Week 30",30,13910504,1391,5,4,504,4,"مرداد","1391/05/04",13910504,"1391/05","چهارشنبه","هفته 19",19,"چهارشنبه 4 مرداد 1391",2,"تابستان",0,0,139105
20120726,2012-07-26 00:00:00.000,2012,7,26,726,4,"July","7/26/2012",201207,"7/1/2012","Thursday","Week 30",30,13910505,1391,5,5,505,5,"مرداد","1391/05/05",13910505,"1391/05","پنج شنبه","هفته 19",19,"پنج شنبه 5 مرداد 1391",2,"تابستان",0,0,139105
20120727,2012-07-27 00:00:00.000,2012,7,27,727,5,"July","7/27/2012",201207,"7/1/2012","Friday","Week 30",30,13910506,1391,5,6,506,6,"مرداد","1391/05/06",13910506,"1391/05","جمعه","هفته 19",19,"جمعه 6 مرداد 1391",2,"تابستان",0,0,139105
20120728,2012-07-28 00:00:00.000,2012,7,28,728,6,"July","7/28/2012",201207,"7/1/2012","Saturday","Week 30",30,13910507,1391,5,7,507,0,"مرداد","1391/05/07",13910507,"1391/05","شنبه","هفته 20",20,"شنبه 7 مرداد 1391",2,"تابستان",0,0,139105
20120729,2012-07-29 00:00:00.000,2012,7,29,729,0,"July","7/29/2012",201207,"7/1/2012","Sunday","Week 31",31,13910508,1391,5,8,508,1,"مرداد","1391/05/08",13910508,"1391/05","یکشنبه","هفته 20",20,"یکشنبه 8 مرداد 1391",2,"تابستان",0,0,139105
20120730,2012-07-30 00:00:00.000,2012,7,30,730,1,"July","7/30/2012",201207,"7/1/2012","Monday","Week 31",31,13910509,1391,5,9,509,2,"مرداد","1391/05/09",13910509,"1391/05","دوشنبه","هفته 20",20,"دوشنبه 9 مرداد 1391",2,"تابستان",0,0,139105
20120731,2012-07-31 00:00:00.000,2012,7,31,731,2,"July","7/31/2012",201207,"7/1/2012","Tuesday","Week 31",31,13910510,1391,5,10,510,3,"مرداد","1391/05/10",13910510,"1391/05","سه شنبه","هفته 20",20,"سه شنبه 10 مرداد 1391",2,"تابستان",0,0,139105
20120801,2012-08-01 00:00:00.000,2012,8,1,801,3,"August","8/1/2012",201208,"8/1/2012","Wednesday","Week 31",31,13910511,1391,5,11,511,4,"مرداد","1391/05/11",13910511,"1391/05","چهارشنبه","هفته 20",20,"چهارشنبه 11 مرداد 1391",2,"تابستان",0,0,139105
20120802,2012-08-02 00:00:00.000,2012,8,2,802,4,"August","8/2/2012",201208,"8/1/2012","Thursday","Week 31",31,13910512,1391,5,12,512,5,"مرداد","1391/05/12",13910512,"1391/05","پنج شنبه","هفته 20",20,"پنج شنبه 12 مرداد 1391",2,"تابستان",0,0,139105
20120803,2012-08-03 00:00:00.000,2012,8,3,803,5,"August","8/3/2012",201208,"8/1/2012","Friday","Week 31",31,13910513,1391,5,13,513,6,"مرداد","1391/05/13",13910513,"1391/05","جمعه","هفته 20",20,"جمعه 13 مرداد 1391",2,"تابستان",0,0,139105
20120804,2012-08-04 00:00:00.000,2012,8,4,804,6,"August","8/4/2012",201208,"8/1/2012","Saturday","Week 31",31,13910514,1391,5,14,514,0,"مرداد","1391/05/14",13910514,"1391/05","شنبه","هفته 21",21,"شنبه 14 مرداد 1391",2,"تابستان",0,0,139105
20120805,2012-08-05 00:00:00.000,2012,8,5,805,0,"August","8/5/2012",201208,"8/1/2012","Sunday","Week 32",32,13910515,1391,5,15,515,1,"مرداد","1391/05/15",13910515,"1391/05","یکشنبه","هفته 21",21,"یکشنبه 15 مرداد 1391",2,"تابستان",0,0,139105
20120806,2012-08-06 00:00:00.000,2012,8,6,806,1,"August","8/6/2012",201208,"8/1/2012","Monday","Week 32",32,13910516,1391,5,16,516,2,"مرداد","1391/05/16",13910516,"1391/05","دوشنبه","هفته 21",21,"دوشنبه 16 مرداد 1391",2,"تابستان",0,0,139105
20120807,2012-08-07 00:00:00.000,2012,8,7,807,2,"August","8/7/2012",201208,"8/1/2012","Tuesday","Week 32",32,13910517,1391,5,17,517,3,"مرداد","1391/05/17",13910517,"1391/05","سه شنبه","هفته 21",21,"سه شنبه 17 مرداد 1391",2,"تابستان",0,0,139105
20120808,2012-08-08 00:00:00.000,2012,8,8,808,3,"August","8/8/2012",201208,"8/1/2012","Wednesday","Week 32",32,13910518,1391,5,18,518,4,"مرداد","1391/05/18",13910518,"1391/05","چهارشنبه","هفته 21",21,"چهارشنبه 18 مرداد 1391",2,"تابستان",0,0,139105
20120809,2012-08-09 00:00:00.000,2012,8,9,809,4,"August","8/9/2012",201208,"8/1/2012","Thursday","Week 32",32,13910519,1391,5,19,519,5,"مرداد","1391/05/19",13910519,"1391/05","پنج شنبه","هفته 21",21,"پنج شنبه 19 مرداد 1391",2,"تابستان",0,0,139105
20120810,2012-08-10 00:00:00.000,2012,8,10,810,5,"August","8/10/2012",201208,"8/1/2012","Friday","Week 32",32,13910520,1391,5,20,520,6,"مرداد","1391/05/20",13910520,"1391/05","جمعه","هفته 21",21,"جمعه 20 مرداد 1391",2,"تابستان",0,0,139105
20120811,2012-08-11 00:00:00.000,2012,8,11,811,6,"August","8/11/2012",201208,"8/1/2012","Saturday","Week 32",32,13910521,1391,5,21,521,0,"مرداد","1391/05/21",13910521,"1391/05","شنبه","هفته 22",22,"شنبه 21 مرداد 1391",2,"تابستان",0,0,139105
20120812,2012-08-12 00:00:00.000,2012,8,12,812,0,"August","8/12/2012",201208,"8/1/2012","Sunday","Week 33",33,13910522,1391,5,22,522,1,"مرداد","1391/05/22",13910522,"1391/05","یکشنبه","هفته 22",22,"یکشنبه 22 مرداد 1391",2,"تابستان",0,0,139105
20120813,2012-08-13 00:00:00.000,2012,8,13,813,1,"August","8/13/2012",201208,"8/1/2012","Monday","Week 33",33,13910523,1391,5,23,523,2,"مرداد","1391/05/23",13910523,"1391/05","دوشنبه","هفته 22",22,"دوشنبه 23 مرداد 1391",2,"تابستان",0,0,139105
20120814,2012-08-14 00:00:00.000,2012,8,14,814,2,"August","8/14/2012",201208,"8/1/2012","Tuesday","Week 33",33,13910524,1391,5,24,524,3,"مرداد","1391/05/24",13910524,"1391/05","سه شنبه","هفته 22",22,"سه شنبه 24 مرداد 1391",2,"تابستان",0,0,139105
20120815,2012-08-15 00:00:00.000,2012,8,15,815,3,"August","8/15/2012",201208,"8/1/2012","Wednesday","Week 33",33,13910525,1391,5,25,525,4,"مرداد","1391/05/25",13910525,"1391/05","چهارشنبه","هفته 22",22,"چهارشنبه 25 مرداد 1391",2,"تابستان",0,0,139105
20120816,2012-08-16 00:00:00.000,2012,8,16,816,4,"August","8/16/2012",201208,"8/1/2012","Thursday","Week 33",33,13910526,1391,5,26,526,5,"مرداد","1391/05/26",13910526,"1391/05","پنج شنبه","هفته 22",22,"پنج شنبه 26 مرداد 1391",2,"تابستان",0,0,139105
20120817,2012-08-17 00:00:00.000,2012,8,17,817,5,"August","8/17/2012",201208,"8/1/2012","Friday","Week 33",33,13910527,1391,5,27,527,6,"مرداد","1391/05/27",13910527,"1391/05","جمعه","هفته 22",22,"جمعه 27 مرداد 1391",2,"تابستان",0,0,139105
20120818,2012-08-18 00:00:00.000,2012,8,18,818,6,"August","8/18/2012",201208,"8/1/2012","Saturday","Week 33",33,13910528,1391,5,28,528,0,"مرداد","1391/05/28",13910528,"1391/05","شنبه","هفته 23",23,"شنبه 28 مرداد 1391",2,"تابستان",0,0,139105
20120819,2012-08-19 00:00:00.000,2012,8,19,819,0,"August","8/19/2012",201208,"8/1/2012","Sunday","Week 34",34,13910529,1391,5,29,529,1,"مرداد","1391/05/29",13910529,"1391/05","یکشنبه","هفته 23",23,"یکشنبه 29 مرداد 1391",2,"تابستان",0,0,139105
20120820,2012-08-20 00:00:00.000,2012,8,20,820,1,"August","8/20/2012",201208,"8/1/2012","Monday","Week 34",34,13910530,1391,5,30,530,2,"مرداد","1391/05/30",13910530,"1391/05","دوشنبه","هفته 23",23,"دوشنبه 30 مرداد 1391",2,"تابستان",0,0,139105
20120821,2012-08-21 00:00:00.000,2012,8,21,821,2,"August","8/21/2012",201208,"8/1/2012","Tuesday","Week 34",34,13910531,1391,5,31,531,3,"مرداد","1391/05/31",13910531,"1391/05","سه شنبه","هفته 23",23,"سه شنبه 31 مرداد 1391",2,"تابستان",0,0,139105
20120822,2012-08-22 00:00:00.000,2012,8,22,822,3,"August","8/22/2012",201208,"8/1/2012","Wednesday","Week 34",34,13910601,1391,6,1,601,4,"شهریور","1391/06/01",13910601,"1391/06","چهارشنبه","هفته 23",23,"چهارشنبه 1 شهریور 1391",2,"تابستان",0,0,139106
20120823,2012-08-23 00:00:00.000,2012,8,23,823,4,"August","8/23/2012",201208,"8/1/2012","Thursday","Week 34",34,13910602,1391,6,2,602,5,"شهریور","1391/06/02",13910602,"1391/06","پنج شنبه","هفته 23",23,"پنج شنبه 2 شهریور 1391",2,"تابستان",0,0,139106
20120824,2012-08-24 00:00:00.000,2012,8,24,824,5,"August","8/24/2012",201208,"8/1/2012","Friday","Week 34",34,13910603,1391,6,3,603,6,"شهریور","1391/06/03",13910603,"1391/06","جمعه","هفته 23",23,"جمعه 3 شهریور 1391",2,"تابستان",0,0,139106
20120825,2012-08-25 00:00:00.000,2012,8,25,825,6,"August","8/25/2012",201208,"8/1/2012","Saturday","Week 34",34,13910604,1391,6,4,604,0,"شهریور","1391/06/04",13910604,"1391/06","شنبه","هفته 24",24,"شنبه 4 شهریور 1391",2,"تابستان",0,0,139106
20120826,2012-08-26 00:00:00.000,2012,8,26,826,0,"August","8/26/2012",201208,"8/1/2012","Sunday","Week 35",35,13910605,1391,6,5,605,1,"شهریور","1391/06/05",13910605,"1391/06","یکشنبه","هفته 24",24,"یکشنبه 5 شهریور 1391",2,"تابستان",0,0,139106
20120827,2012-08-27 00:00:00.000,2012,8,27,827,1,"August","8/27/2012",201208,"8/1/2012","Monday","Week 35",35,13910606,1391,6,6,606,2,"شهریور","1391/06/06",13910606,"1391/06","دوشنبه","هفته 24",24,"دوشنبه 6 شهریور 1391",2,"تابستان",0,0,139106
20120828,2012-08-28 00:00:00.000,2012,8,28,828,2,"August","8/28/2012",201208,"8/1/2012","Tuesday","Week 35",35,13910607,1391,6,7,607,3,"شهریور","1391/06/07",13910607,"1391/06","سه شنبه","هفته 24",24,"سه شنبه 7 شهریور 1391",2,"تابستان",0,0,139106
20120829,2012-08-29 00:00:00.000,2012,8,29,829,3,"August","8/29/2012",201208,"8/1/2012","Wednesday","Week 35",35,13910608,1391,6,8,608,4,"شهریور","1391/06/08",13910608,"1391/06","چهارشنبه","هفته 24",24,"چهارشنبه 8 شهریور 1391",2,"تابستان",0,0,139106
20120830,2012-08-30 00:00:00.000,2012,8,30,830,4,"August","8/30/2012",201208,"8/1/2012","Thursday","Week 35",35,13910609,1391,6,9,609,5,"شهریور","1391/06/09",13910609,"1391/06","پنج شنبه","هفته 24",24,"پنج شنبه 9 شهریور 1391",2,"تابستان",0,0,139106
20120831,2012-08-31 00:00:00.000,2012,8,31,831,5,"August","8/31/2012",201208,"8/1/2012","Friday","Week 35",35,13910610,1391,6,10,610,6,"شهریور","1391/06/10",13910610,"1391/06","جمعه","هفته 24",24,"جمعه 10 شهریور 1391",2,"تابستان",0,0,139106
20120901,2012-09-01 00:00:00.000,2012,9,1,901,6,"September","9/1/2012",201209,"9/1/2012","Saturday","Week 35",35,13910611,1391,6,11,611,0,"شهریور","1391/06/11",13910611,"1391/06","شنبه","هفته 25",25,"شنبه 11 شهریور 1391",2,"تابستان",0,0,139106
20120902,2012-09-02 00:00:00.000,2012,9,2,902,0,"September","9/2/2012",201209,"9/1/2012","Sunday","Week 36",36,13910612,1391,6,12,612,1,"شهریور","1391/06/12",13910612,"1391/06","یکشنبه","هفته 25",25,"یکشنبه 12 شهریور 1391",2,"تابستان",0,0,139106
20120903,2012-09-03 00:00:00.000,2012,9,3,903,1,"September","9/3/2012",201209,"9/1/2012","Monday","Week 36",36,13910613,1391,6,13,613,2,"شهریور","1391/06/13",13910613,"1391/06","دوشنبه","هفته 25",25,"دوشنبه 13 شهریور 1391",2,"تابستان",0,0,139106
20120904,2012-09-04 00:00:00.000,2012,9,4,904,2,"September","9/4/2012",201209,"9/1/2012","Tuesday","Week 36",36,13910614,1391,6,14,614,3,"شهریور","1391/06/14",13910614,"1391/06","سه شنبه","هفته 25",25,"سه شنبه 14 شهریور 1391",2,"تابستان",0,0,139106
20120905,2012-09-05 00:00:00.000,2012,9,5,905,3,"September","9/5/2012",201209,"9/1/2012","Wednesday","Week 36",36,13910615,1391,6,15,615,4,"شهریور","1391/06/15",13910615,"1391/06","چهارشنبه","هفته 25",25,"چهارشنبه 15 شهریور 1391",2,"تابستان",0,0,139106
20120906,2012-09-06 00:00:00.000,2012,9,6,906,4,"September","9/6/2012",201209,"9/1/2012","Thursday","Week 36",36,13910616,1391,6,16,616,5,"شهریور","1391/06/16",13910616,"1391/06","پنج شنبه","هفته 25",25,"پنج شنبه 16 شهریور 1391",2,"تابستان",0,0,139106
20120907,2012-09-07 00:00:00.000,2012,9,7,907,5,"September","9/7/2012",201209,"9/1/2012","Friday","Week 36",36,13910617,1391,6,17,617,6,"شهریور","1391/06/17",13910617,"1391/06","جمعه","هفته 25",25,"جمعه 17 شهریور 1391",2,"تابستان",0,0,139106
20120908,2012-09-08 00:00:00.000,2012,9,8,908,6,"September","9/8/2012",201209,"9/1/2012","Saturday","Week 36",36,13910618,1391,6,18,618,0,"شهریور","1391/06/18",13910618,"1391/06","شنبه","هفته 26",26,"شنبه 18 شهریور 1391",2,"تابستان",0,0,139106
20120909,2012-09-09 00:00:00.000,2012,9,9,909,0,"September","9/9/2012",201209,"9/1/2012","Sunday","Week 37",37,13910619,1391,6,19,619,1,"شهریور","1391/06/19",13910619,"1391/06","یکشنبه","هفته 26",26,"یکشنبه 19 شهریور 1391",2,"تابستان",0,0,139106
20120910,2012-09-10 00:00:00.000,2012,9,10,910,1,"September","9/10/2012",201209,"9/1/2012","Monday","Week 37",37,13910620,1391,6,20,620,2,"شهریور","1391/06/20",13910620,"1391/06","دوشنبه","هفته 26",26,"دوشنبه 20 شهریور 1391",2,"تابستان",0,0,139106
20120911,2012-09-11 00:00:00.000,2012,9,11,911,2,"September","9/11/2012",201209,"9/1/2012","Tuesday","Week 37",37,13910621,1391,6,21,621,3,"شهریور","1391/06/21",13910621,"1391/06","سه شنبه","هفته 26",26,"سه شنبه 21 شهریور 1391",2,"تابستان",0,0,139106
20120912,2012-09-12 00:00:00.000,2012,9,12,912,3,"September","9/12/2012",201209,"9/1/2012","Wednesday","Week 37",37,13910622,1391,6,22,622,4,"شهریور","1391/06/22",13910622,"1391/06","چهارشنبه","هفته 26",26,"چهارشنبه 22 شهریور 1391",2,"تابستان",0,0,139106
20120913,2012-09-13 00:00:00.000,2012,9,13,913,4,"September","9/13/2012",201209,"9/1/2012","Thursday","Week 37",37,13910623,1391,6,23,623,5,"شهریور","1391/06/23",13910623,"1391/06","پنج شنبه","هفته 26",26,"پنج شنبه 23 شهریور 1391",2,"تابستان",0,0,139106
20120914,2012-09-14 00:00:00.000,2012,9,14,914,5,"September","9/14/2012",201209,"9/1/2012","Friday","Week 37",37,13910624,1391,6,24,624,6,"شهریور","1391/06/24",13910624,"1391/06","جمعه","هفته 26",26,"جمعه 24 شهریور 1391",2,"تابستان",0,0,139106
20120915,2012-09-15 00:00:00.000,2012,9,15,915,6,"September","9/15/2012",201209,"9/1/2012","Saturday","Week 37",37,13910625,1391,6,25,625,0,"شهریور","1391/06/25",13910625,"1391/06","شنبه","هفته 27",27,"شنبه 25 شهریور 1391",2,"تابستان",0,0,139106
20120916,2012-09-16 00:00:00.000,2012,9,16,916,0,"September","9/16/2012",201209,"9/1/2012","Sunday","Week 38",38,13910626,1391,6,26,626,1,"شهریور","1391/06/26",13910626,"1391/06","یکشنبه","هفته 27",27,"یکشنبه 26 شهریور 1391",2,"تابستان",0,0,139106
20120917,2012-09-17 00:00:00.000,2012,9,17,917,1,"September","9/17/2012",201209,"9/1/2012","Monday","Week 38",38,13910627,1391,6,27,627,2,"شهریور","1391/06/27",13910627,"1391/06","دوشنبه","هفته 27",27,"دوشنبه 27 شهریور 1391",2,"تابستان",0,0,139106
20120918,2012-09-18 00:00:00.000,2012,9,18,918,2,"September","9/18/2012",201209,"9/1/2012","Tuesday","Week 38",38,13910628,1391,6,28,628,3,"شهریور","1391/06/28",13910628,"1391/06","سه شنبه","هفته 27",27,"سه شنبه 28 شهریور 1391",2,"تابستان",0,0,139106
20120919,2012-09-19 00:00:00.000,2012,9,19,919,3,"September","9/19/2012",201209,"9/1/2012","Wednesday","Week 38",38,13910629,1391,6,29,629,4,"شهریور","1391/06/29",13910629,"1391/06","چهارشنبه","هفته 27",27,"چهارشنبه 29 شهریور 1391",2,"تابستان",0,0,139106
20120920,2012-09-20 00:00:00.000,2012,9,20,920,4,"September","9/20/2012",201209,"9/1/2012","Thursday","Week 38",38,13910630,1391,6,30,630,5,"شهریور","1391/06/30",13910630,"1391/06","پنج شنبه","هفته 27",27,"پنج شنبه 30 شهریور 1391",2,"تابستان",0,0,139106
20120921,2012-09-21 00:00:00.000,2012,9,21,921,5,"September","9/21/2012",201209,"9/1/2012","Friday","Week 38",38,13910631,1391,6,31,631,6,"شهریور","1391/06/31",13910631,"1391/06","جمعه","هفته 27",27,"جمعه 31 شهریور 1391",2,"تابستان",0,0,139106
20120922,2012-09-22 00:00:00.000,2012,9,22,922,6,"September","9/22/2012",201209,"9/1/2012","Saturday","Week 38",38,13910701,1391,7,1,701,0,"مهر","1391/07/01",13910701,"1391/07","شنبه","هفته 28",28,"شنبه 1 مهر 1391",3,"پاییز",0,0,139107
20120923,2012-09-23 00:00:00.000,2012,9,23,923,0,"September","9/23/2012",201209,"9/1/2012","Sunday","Week 39",39,13910702,1391,7,2,702,1,"مهر","1391/07/02",13910702,"1391/07","یکشنبه","هفته 28",28,"یکشنبه 2 مهر 1391",3,"پاییز",0,0,139107
20120924,2012-09-24 00:00:00.000,2012,9,24,924,1,"September","9/24/2012",201209,"9/1/2012","Monday","Week 39",39,13910703,1391,7,3,703,2,"مهر","1391/07/03",13910703,"1391/07","دوشنبه","هفته 28",28,"دوشنبه 3 مهر 1391",3,"پاییز",0,0,139107
20120925,2012-09-25 00:00:00.000,2012,9,25,925,2,"September","9/25/2012",201209,"9/1/2012","Tuesday","Week 39",39,13910704,1391,7,4,704,3,"مهر","1391/07/04",13910704,"1391/07","سه شنبه","هفته 28",28,"سه شنبه 4 مهر 1391",3,"پاییز",0,0,139107
20120926,2012-09-26 00:00:00.000,2012,9,26,926,3,"September","9/26/2012",201209,"9/1/2012","Wednesday","Week 39",39,13910705,1391,7,5,705,4,"مهر","1391/07/05",13910705,"1391/07","چهارشنبه","هفته 28",28,"چهارشنبه 5 مهر 1391",3,"پاییز",0,0,139107
20120927,2012-09-27 00:00:00.000,2012,9,27,927,4,"September","9/27/2012",201209,"9/1/2012","Thursday","Week 39",39,13910706,1391,7,6,706,5,"مهر","1391/07/06",13910706,"1391/07","پنج شنبه","هفته 28",28,"پنج شنبه 6 مهر 1391",3,"پاییز",0,0,139107
20120928,2012-09-28 00:00:00.000,2012,9,28,928,5,"September","9/28/2012",201209,"9/1/2012","Friday","Week 39",39,13910707,1391,7,7,707,6,"مهر","1391/07/07",13910707,"1391/07","جمعه","هفته 28",28,"جمعه 7 مهر 1391",3,"پاییز",0,0,139107
20120929,2012-09-29 00:00:00.000,2012,9,29,929,6,"September","9/29/2012",201209,"9/1/2012","Saturday","Week 39",39,13910708,1391,7,8,708,0,"مهر","1391/07/08",13910708,"1391/07","شنبه","هفته 29",29,"شنبه 8 مهر 1391",3,"پاییز",0,0,139107
20120930,2012-09-30 00:00:00.000,2012,9,30,930,0,"September","9/30/2012",201209,"9/1/2012","Sunday","Week 40",40,13910709,1391,7,9,709,1,"مهر","1391/07/09",13910709,"1391/07","یکشنبه","هفته 29",29,"یکشنبه 9 مهر 1391",3,"پاییز",0,0,139107
20121001,2012-10-01 00:00:00.000,2012,10,1,1001,1,"October","10/1/2012",201210,"10/1/2012","Monday","Week 40",40,13910710,1391,7,10,710,2,"مهر","1391/07/10",13910710,"1391/07","دوشنبه","هفته 29",29,"دوشنبه 10 مهر 1391",3,"پاییز",0,0,139107
20121002,2012-10-02 00:00:00.000,2012,10,2,1002,2,"October","10/2/2012",201210,"10/1/2012","Tuesday","Week 40",40,13910711,1391,7,11,711,3,"مهر","1391/07/11",13910711,"1391/07","سه شنبه","هفته 29",29,"سه شنبه 11 مهر 1391",3,"پاییز",0,0,139107
20121003,2012-10-03 00:00:00.000,2012,10,3,1003,3,"October","10/3/2012",201210,"10/1/2012","Wednesday","Week 40",40,13910712,1391,7,12,712,4,"مهر","1391/07/12",13910712,"1391/07","چهارشنبه","هفته 29",29,"چهارشنبه 12 مهر 1391",3,"پاییز",0,0,139107
20121004,2012-10-04 00:00:00.000,2012,10,4,1004,4,"October","10/4/2012",201210,"10/1/2012","Thursday","Week 40",40,13910713,1391,7,13,713,5,"مهر","1391/07/13",13910713,"1391/07","پنج شنبه","هفته 29",29,"پنج شنبه 13 مهر 1391",3,"پاییز",0,0,139107
20121005,2012-10-05 00:00:00.000,2012,10,5,1005,5,"October","10/5/2012",201210,"10/1/2012","Friday","Week 40",40,13910714,1391,7,14,714,6,"مهر","1391/07/14",13910714,"1391/07","جمعه","هفته 29",29,"جمعه 14 مهر 1391",3,"پاییز",0,0,139107
20121006,2012-10-06 00:00:00.000,2012,10,6,1006,6,"October","10/6/2012",201210,"10/1/2012","Saturday","Week 40",40,13910715,1391,7,15,715,0,"مهر","1391/07/15",13910715,"1391/07","شنبه","هفته 30",30,"شنبه 15 مهر 1391",3,"پاییز",0,0,139107
20121007,2012-10-07 00:00:00.000,2012,10,7,1007,0,"October","10/7/2012",201210,"10/1/2012","Sunday","Week 41",41,13910716,1391,7,16,716,1,"مهر","1391/07/16",13910716,"1391/07","یکشنبه","هفته 30",30,"یکشنبه 16 مهر 1391",3,"پاییز",0,0,139107
20121008,2012-10-08 00:00:00.000,2012,10,8,1008,1,"October","10/8/2012",201210,"10/1/2012","Monday","Week 41",41,13910717,1391,7,17,717,2,"مهر","1391/07/17",13910717,"1391/07","دوشنبه","هفته 30",30,"دوشنبه 17 مهر 1391",3,"پاییز",0,0,139107
20121009,2012-10-09 00:00:00.000,2012,10,9,1009,2,"October","10/9/2012",201210,"10/1/2012","Tuesday","Week 41",41,13910718,1391,7,18,718,3,"مهر","1391/07/18",13910718,"1391/07","سه شنبه","هفته 30",30,"سه شنبه 18 مهر 1391",3,"پاییز",0,0,139107
20121010,2012-10-10 00:00:00.000,2012,10,10,1010,3,"October","10/10/2012",201210,"10/1/2012","Wednesday","Week 41",41,13910719,1391,7,19,719,4,"مهر","1391/07/19",13910719,"1391/07","چهارشنبه","هفته 30",30,"چهارشنبه 19 مهر 1391",3,"پاییز",0,0,139107
20121011,2012-10-11 00:00:00.000,2012,10,11,1011,4,"October","10/11/2012",201210,"10/1/2012","Thursday","Week 41",41,13910720,1391,7,20,720,5,"مهر","1391/07/20",13910720,"1391/07","پنج شنبه","هفته 30",30,"پنج شنبه 20 مهر 1391",3,"پاییز",0,0,139107
20121012,2012-10-12 00:00:00.000,2012,10,12,1012,5,"October","10/12/2012",201210,"10/1/2012","Friday","Week 41",41,13910721,1391,7,21,721,6,"مهر","1391/07/21",13910721,"1391/07","جمعه","هفته 30",30,"جمعه 21 مهر 1391",3,"پاییز",0,0,139107
20121013,2012-10-13 00:00:00.000,2012,10,13,1013,6,"October","10/13/2012",201210,"10/1/2012","Saturday","Week 41",41,13910722,1391,7,22,722,0,"مهر","1391/07/22",13910722,"1391/07","شنبه","هفته 31",31,"شنبه 22 مهر 1391",3,"پاییز",0,0,139107
20121014,2012-10-14 00:00:00.000,2012,10,14,1014,0,"October","10/14/2012",201210,"10/1/2012","Sunday","Week 42",42,13910723,1391,7,23,723,1,"مهر","1391/07/23",13910723,"1391/07","یکشنبه","هفته 31",31,"یکشنبه 23 مهر 1391",3,"پاییز",0,0,139107
20121015,2012-10-15 00:00:00.000,2012,10,15,1015,1,"October","10/15/2012",201210,"10/1/2012","Monday","Week 42",42,13910724,1391,7,24,724,2,"مهر","1391/07/24",13910724,"1391/07","دوشنبه","هفته 31",31,"دوشنبه 24 مهر 1391",3,"پاییز",0,0,139107
20121016,2012-10-16 00:00:00.000,2012,10,16,1016,2,"October","10/16/2012",201210,"10/1/2012","Tuesday","Week 42",42,13910725,1391,7,25,725,3,"مهر","1391/07/25",13910725,"1391/07","سه شنبه","هفته 31",31,"سه شنبه 25 مهر 1391",3,"پاییز",0,0,139107
20121017,2012-10-17 00:00:00.000,2012,10,17,1017,3,"October","10/17/2012",201210,"10/1/2012","Wednesday","Week 42",42,13910726,1391,7,26,726,4,"مهر","1391/07/26",13910726,"1391/07","چهارشنبه","هفته 31",31,"چهارشنبه 26 مهر 1391",3,"پاییز",0,0,139107
20121018,2012-10-18 00:00:00.000,2012,10,18,1018,4,"October","10/18/2012",201210,"10/1/2012","Thursday","Week 42",42,13910727,1391,7,27,727,5,"مهر","1391/07/27",13910727,"1391/07","پنج شنبه","هفته 31",31,"پنج شنبه 27 مهر 1391",3,"پاییز",0,0,139107
20121019,2012-10-19 00:00:00.000,2012,10,19,1019,5,"October","10/19/2012",201210,"10/1/2012","Friday","Week 42",42,13910728,1391,7,28,728,6,"مهر","1391/07/28",13910728,"1391/07","جمعه","هفته 31",31,"جمعه 28 مهر 1391",3,"پاییز",0,0,139107
20121020,2012-10-20 00:00:00.000,2012,10,20,1020,6,"October","10/20/2012",201210,"10/1/2012","Saturday","Week 42",42,13910729,1391,7,29,729,0,"مهر","1391/07/29",13910729,"1391/07","شنبه","هفته 32",32,"شنبه 29 مهر 1391",3,"پاییز",0,0,139107
20121021,2012-10-21 00:00:00.000,2012,10,21,1021,0,"October","10/21/2012",201210,"10/1/2012","Sunday","Week 43",43,13910730,1391,7,30,730,1,"مهر","1391/07/30",13910730,"1391/07","یکشنبه","هفته 32",32,"یکشنبه 30 مهر 1391",3,"پاییز",0,0,139107
20121022,2012-10-22 00:00:00.000,2012,10,22,1022,1,"October","10/22/2012",201210,"10/1/2012","Monday","Week 43",43,13910801,1391,8,1,801,2,"آبان","1391/08/01",13910801,"1391/08","دوشنبه","هفته 32",32,"دوشنبه 1 آبان 1391",3,"پاییز",0,0,139108
20121023,2012-10-23 00:00:00.000,2012,10,23,1023,2,"October","10/23/2012",201210,"10/1/2012","Tuesday","Week 43",43,13910802,1391,8,2,802,3,"آبان","1391/08/02",13910802,"1391/08","سه شنبه","هفته 32",32,"سه شنبه 2 آبان 1391",3,"پاییز",0,0,139108
20121024,2012-10-24 00:00:00.000,2012,10,24,1024,3,"October","10/24/2012",201210,"10/1/2012","Wednesday","Week 43",43,13910803,1391,8,3,803,4,"آبان","1391/08/03",13910803,"1391/08","چهارشنبه","هفته 32",32,"چهارشنبه 3 آبان 1391",3,"پاییز",0,0,139108
20121025,2012-10-25 00:00:00.000,2012,10,25,1025,4,"October","10/25/2012",201210,"10/1/2012","Thursday","Week 43",43,13910804,1391,8,4,804,5,"آبان","1391/08/04",13910804,"1391/08","پنج شنبه","هفته 32",32,"پنج شنبه 4 آبان 1391",3,"پاییز",0,0,139108
20121026,2012-10-26 00:00:00.000,2012,10,26,1026,5,"October","10/26/2012",201210,"10/1/2012","Friday","Week 43",43,13910805,1391,8,5,805,6,"آبان","1391/08/05",13910805,"1391/08","جمعه","هفته 32",32,"جمعه 5 آبان 1391",3,"پاییز",0,0,139108
20121027,2012-10-27 00:00:00.000,2012,10,27,1027,6,"October","10/27/2012",201210,"10/1/2012","Saturday","Week 43",43,13910806,1391,8,6,806,0,"آبان","1391/08/06",13910806,"1391/08","شنبه","هفته 33",33,"شنبه 6 آبان 1391",3,"پاییز",0,0,139108
20121028,2012-10-28 00:00:00.000,2012,10,28,1028,0,"October","10/28/2012",201210,"10/1/2012","Sunday","Week 44",44,13910807,1391,8,7,807,1,"آبان","1391/08/07",13910807,"1391/08","یکشنبه","هفته 33",33,"یکشنبه 7 آبان 1391",3,"پاییز",0,0,139108
20121029,2012-10-29 00:00:00.000,2012,10,29,1029,1,"October","10/29/2012",201210,"10/1/2012","Monday","Week 44",44,13910808,1391,8,8,808,2,"آبان","1391/08/08",13910808,"1391/08","دوشنبه","هفته 33",33,"دوشنبه 8 آبان 1391",3,"پاییز",0,0,139108
20121030,2012-10-30 00:00:00.000,2012,10,30,1030,2,"October","10/30/2012",201210,"10/1/2012","Tuesday","Week 44",44,13910809,1391,8,9,809,3,"آبان","1391/08/09",13910809,"1391/08","سه شنبه","هفته 33",33,"سه شنبه 9 آبان 1391",3,"پاییز",0,0,139108
20121031,2012-10-31 00:00:00.000,2012,10,31,1031,3,"October","10/31/2012",201210,"10/1/2012","Wednesday","Week 44",44,13910810,1391,8,10,810,4,"آبان","1391/08/10",13910810,"1391/08","چهارشنبه","هفته 33",33,"چهارشنبه 10 آبان 1391",3,"پاییز",0,0,139108
20121101,2012-11-01 00:00:00.000,2012,11,1,1101,4,"November","11/1/2012",201211,"11/1/2012","Thursday","Week 44",44,13910811,1391,8,11,811,5,"آبان","1391/08/11",13910811,"1391/08","پنج شنبه","هفته 33",33,"پنج شنبه 11 آبان 1391",3,"پاییز",0,0,139108
20121102,2012-11-02 00:00:00.000,2012,11,2,1102,5,"November","11/2/2012",201211,"11/1/2012","Friday","Week 44",44,13910812,1391,8,12,812,6,"آبان","1391/08/12",13910812,"1391/08","جمعه","هفته 33",33,"جمعه 12 آبان 1391",3,"پاییز",0,0,139108
20121103,2012-11-03 00:00:00.000,2012,11,3,1103,6,"November","11/3/2012",201211,"11/1/2012","Saturday","Week 44",44,13910813,1391,8,13,813,0,"آبان","1391/08/13",13910813,"1391/08","شنبه","هفته 34",34,"شنبه 13 آبان 1391",3,"پاییز",0,0,139108
20121104,2012-11-04 00:00:00.000,2012,11,4,1104,0,"November","11/4/2012",201211,"11/1/2012","Sunday","Week 45",45,13910814,1391,8,14,814,1,"آبان","1391/08/14",13910814,"1391/08","یکشنبه","هفته 34",34,"یکشنبه 14 آبان 1391",3,"پاییز",0,0,139108
20121105,2012-11-05 00:00:00.000,2012,11,5,1105,1,"November","11/5/2012",201211,"11/1/2012","Monday","Week 45",45,13910815,1391,8,15,815,2,"آبان","1391/08/15",13910815,"1391/08","دوشنبه","هفته 34",34,"دوشنبه 15 آبان 1391",3,"پاییز",0,0,139108
20121106,2012-11-06 00:00:00.000,2012,11,6,1106,2,"November","11/6/2012",201211,"11/1/2012","Tuesday","Week 45",45,13910816,1391,8,16,816,3,"آبان","1391/08/16",13910816,"1391/08","سه شنبه","هفته 34",34,"سه شنبه 16 آبان 1391",3,"پاییز",0,0,139108
20121107,2012-11-07 00:00:00.000,2012,11,7,1107,3,"November","11/7/2012",201211,"11/1/2012","Wednesday","Week 45",45,13910817,1391,8,17,817,4,"آبان","1391/08/17",13910817,"1391/08","چهارشنبه","هفته 34",34,"چهارشنبه 17 آبان 1391",3,"پاییز",0,0,139108
20121108,2012-11-08 00:00:00.000,2012,11,8,1108,4,"November","11/8/2012",201211,"11/1/2012","Thursday","Week 45",45,13910818,1391,8,18,818,5,"آبان","1391/08/18",13910818,"1391/08","پنج شنبه","هفته 34",34,"پنج شنبه 18 آبان 1391",3,"پاییز",0,0,139108
20121109,2012-11-09 00:00:00.000,2012,11,9,1109,5,"November","11/9/2012",201211,"11/1/2012","Friday","Week 45",45,13910819,1391,8,19,819,6,"آبان","1391/08/19",13910819,"1391/08","جمعه","هفته 34",34,"جمعه 19 آبان 1391",3,"پاییز",0,0,139108
20121110,2012-11-10 00:00:00.000,2012,11,10,1110,6,"November","11/10/2012",201211,"11/1/2012","Saturday","Week 45",45,13910820,1391,8,20,820,0,"آبان","1391/08/20",13910820,"1391/08","شنبه","هفته 35",35,"شنبه 20 آبان 1391",3,"پاییز",0,0,139108
20121111,2012-11-11 00:00:00.000,2012,11,11,1111,0,"November","11/11/2012",201211,"11/1/2012","Sunday","Week 46",46,13910821,1391,8,21,821,1,"آبان","1391/08/21",13910821,"1391/08","یکشنبه","هفته 35",35,"یکشنبه 21 آبان 1391",3,"پاییز",0,0,139108
20121112,2012-11-12 00:00:00.000,2012,11,12,1112,1,"November","11/12/2012",201211,"11/1/2012","Monday","Week 46",46,13910822,1391,8,22,822,2,"آبان","1391/08/22",13910822,"1391/08","دوشنبه","هفته 35",35,"دوشنبه 22 آبان 1391",3,"پاییز",0,0,139108
20121113,2012-11-13 00:00:00.000,2012,11,13,1113,2,"November","11/13/2012",201211,"11/1/2012","Tuesday","Week 46",46,13910823,1391,8,23,823,3,"آبان","1391/08/23",13910823,"1391/08","سه شنبه","هفته 35",35,"سه شنبه 23 آبان 1391",3,"پاییز",0,0,139108
20121114,2012-11-14 00:00:00.000,2012,11,14,1114,3,"November","11/14/2012",201211,"11/1/2012","Wednesday","Week 46",46,13910824,1391,8,24,824,4,"آبان","1391/08/24",13910824,"1391/08","چهارشنبه","هفته 35",35,"چهارشنبه 24 آبان 1391",3,"پاییز",0,0,139108
20121115,2012-11-15 00:00:00.000,2012,11,15,1115,4,"November","11/15/2012",201211,"11/1/2012","Thursday","Week 46",46,13910825,1391,8,25,825,5,"آبان","1391/08/25",13910825,"1391/08","پنج شنبه","هفته 35",35,"پنج شنبه 25 آبان 1391",3,"پاییز",0,0,139108
20121116,2012-11-16 00:00:00.000,2012,11,16,1116,5,"November","11/16/2012",201211,"11/1/2012","Friday","Week 46",46,13910826,1391,8,26,826,6,"آبان","1391/08/26",13910826,"1391/08","جمعه","هفته 35",35,"جمعه 26 آبان 1391",3,"پاییز",0,0,139108
20121117,2012-11-17 00:00:00.000,2012,11,17,1117,6,"November","11/17/2012",201211,"11/1/2012","Saturday","Week 46",46,13910827,1391,8,27,827,0,"آبان","1391/08/27",13910827,"1391/08","شنبه","هفته 36",36,"شنبه 27 آبان 1391",3,"پاییز",0,0,139108
20121118,2012-11-18 00:00:00.000,2012,11,18,1118,0,"November","11/18/2012",201211,"11/1/2012","Sunday","Week 47",47,13910828,1391,8,28,828,1,"آبان","1391/08/28",13910828,"1391/08","یکشنبه","هفته 36",36,"یکشنبه 28 آبان 1391",3,"پاییز",0,0,139108
20121119,2012-11-19 00:00:00.000,2012,11,19,1119,1,"November","11/19/2012",201211,"11/1/2012","Monday","Week 47",47,13910829,1391,8,29,829,2,"آبان","1391/08/29",13910829,"1391/08","دوشنبه","هفته 36",36,"دوشنبه 29 آبان 1391",3,"پاییز",0,0,139108
20121120,2012-11-20 00:00:00.000,2012,11,20,1120,2,"November","11/20/2012",201211,"11/1/2012","Tuesday","Week 47",47,13910830,1391,8,30,830,3,"آبان","1391/08/30",13910830,"1391/08","سه شنبه","هفته 36",36,"سه شنبه 30 آبان 1391",3,"پاییز",0,0,139108
20121121,2012-11-21 00:00:00.000,2012,11,21,1121,3,"November","11/21/2012",201211,"11/1/2012","Wednesday","Week 47",47,13910901,1391,9,1,901,4,"آذر","1391/09/01",13910901,"1391/09","چهارشنبه","هفته 36",36,"چهارشنبه 1 آذر 1391",3,"پاییز",0,0,139109
20121122,2012-11-22 00:00:00.000,2012,11,22,1122,4,"November","11/22/2012",201211,"11/1/2012","Thursday","Week 47",47,13910902,1391,9,2,902,5,"آذر","1391/09/02",13910902,"1391/09","پنج شنبه","هفته 36",36,"پنج شنبه 2 آذر 1391",3,"پاییز",0,0,139109
20121123,2012-11-23 00:00:00.000,2012,11,23,1123,5,"November","11/23/2012",201211,"11/1/2012","Friday","Week 47",47,13910903,1391,9,3,903,6,"آذر","1391/09/03",13910903,"1391/09","جمعه","هفته 36",36,"جمعه 3 آذر 1391",3,"پاییز",0,0,139109
20121124,2012-11-24 00:00:00.000,2012,11,24,1124,6,"November","11/24/2012",201211,"11/1/2012","Saturday","Week 47",47,13910904,1391,9,4,904,0,"آذر","1391/09/04",13910904,"1391/09","شنبه","هفته 37",37,"شنبه 4 آذر 1391",3,"پاییز",0,0,139109
20121125,2012-11-25 00:00:00.000,2012,11,25,1125,0,"November","11/25/2012",201211,"11/1/2012","Sunday","Week 48",48,13910905,1391,9,5,905,1,"آذر","1391/09/05",13910905,"1391/09","یکشنبه","هفته 37",37,"یکشنبه 5 آذر 1391",3,"پاییز",0,0,139109
20121126,2012-11-26 00:00:00.000,2012,11,26,1126,1,"November","11/26/2012",201211,"11/1/2012","Monday","Week 48",48,13910906,1391,9,6,906,2,"آذر","1391/09/06",13910906,"1391/09","دوشنبه","هفته 37",37,"دوشنبه 6 آذر 1391",3,"پاییز",0,0,139109
20121127,2012-11-27 00:00:00.000,2012,11,27,1127,2,"November","11/27/2012",201211,"11/1/2012","Tuesday","Week 48",48,13910907,1391,9,7,907,3,"آذر","1391/09/07",13910907,"1391/09","سه شنبه","هفته 37",37,"سه شنبه 7 آذر 1391",3,"پاییز",0,0,139109
20121128,2012-11-28 00:00:00.000,2012,11,28,1128,3,"November","11/28/2012",201211,"11/1/2012","Wednesday","Week 48",48,13910908,1391,9,8,908,4,"آذر","1391/09/08",13910908,"1391/09","چهارشنبه","هفته 37",37,"چهارشنبه 8 آذر 1391",3,"پاییز",0,0,139109
20121129,2012-11-29 00:00:00.000,2012,11,29,1129,4,"November","11/29/2012",201211,"11/1/2012","Thursday","Week 48",48,13910909,1391,9,9,909,5,"آذر","1391/09/09",13910909,"1391/09","پنج شنبه","هفته 37",37,"پنج شنبه 9 آذر 1391",3,"پاییز",0,0,139109
20121130,2012-11-30 00:00:00.000,2012,11,30,1130,5,"November","11/30/2012",201211,"11/1/2012","Friday","Week 48",48,13910910,1391,9,10,910,6,"آذر","1391/09/10",13910910,"1391/09","جمعه","هفته 37",37,"جمعه 10 آذر 1391",3,"پاییز",0,0,139109
20121201,2012-12-01 00:00:00.000,2012,12,1,1201,6,"December","12/1/2012",201212,"12/1/2012","Saturday","Week 48",48,13910911,1391,9,11,911,0,"آذر","1391/09/11",13910911,"1391/09","شنبه","هفته 38",38,"شنبه 11 آذر 1391",3,"پاییز",0,0,139109
20121202,2012-12-02 00:00:00.000,2012,12,2,1202,0,"December","12/2/2012",201212,"12/1/2012","Sunday","Week 49",49,13910912,1391,9,12,912,1,"آذر","1391/09/12",13910912,"1391/09","یکشنبه","هفته 38",38,"یکشنبه 12 آذر 1391",3,"پاییز",0,0,139109
20121203,2012-12-03 00:00:00.000,2012,12,3,1203,1,"December","12/3/2012",201212,"12/1/2012","Monday","Week 49",49,13910913,1391,9,13,913,2,"آذر","1391/09/13",13910913,"1391/09","دوشنبه","هفته 38",38,"دوشنبه 13 آذر 1391",3,"پاییز",0,0,139109
20121204,2012-12-04 00:00:00.000,2012,12,4,1204,2,"December","12/4/2012",201212,"12/1/2012","Tuesday","Week 49",49,13910914,1391,9,14,914,3,"آذر","1391/09/14",13910914,"1391/09","سه شنبه","هفته 38",38,"سه شنبه 14 آذر 1391",3,"پاییز",0,0,139109
20121205,2012-12-05 00:00:00.000,2012,12,5,1205,3,"December","12/5/2012",201212,"12/1/2012","Wednesday","Week 49",49,13910915,1391,9,15,915,4,"آذر","1391/09/15",13910915,"1391/09","چهارشنبه","هفته 38",38,"چهارشنبه 15 آذر 1391",3,"پاییز",0,0,139109
20121206,2012-12-06 00:00:00.000,2012,12,6,1206,4,"December","12/6/2012",201212,"12/1/2012","Thursday","Week 49",49,13910916,1391,9,16,916,5,"آذر","1391/09/16",13910916,"1391/09","پنج شنبه","هفته 38",38,"پنج شنبه 16 آذر 1391",3,"پاییز",0,0,139109
20121207,2012-12-07 00:00:00.000,2012,12,7,1207,5,"December","12/7/2012",201212,"12/1/2012","Friday","Week 49",49,13910917,1391,9,17,917,6,"آذر","1391/09/17",13910917,"1391/09","جمعه","هفته 38",38,"جمعه 17 آذر 1391",3,"پاییز",0,0,139109
20121208,2012-12-08 00:00:00.000,2012,12,8,1208,6,"December","12/8/2012",201212,"12/1/2012","Saturday","Week 49",49,13910918,1391,9,18,918,0,"آذر","1391/09/18",13910918,"1391/09","شنبه","هفته 39",39,"شنبه 18 آذر 1391",3,"پاییز",0,0,139109
20121209,2012-12-09 00:00:00.000,2012,12,9,1209,0,"December","12/9/2012",201212,"12/1/2012","Sunday","Week 50",50,13910919,1391,9,19,919,1,"آذر","1391/09/19",13910919,"1391/09","یکشنبه","هفته 39",39,"یکشنبه 19 آذر 1391",3,"پاییز",0,0,139109
20121210,2012-12-10 00:00:00.000,2012,12,10,1210,1,"December","12/10/2012",201212,"12/1/2012","Monday","Week 50",50,13910920,1391,9,20,920,2,"آذر","1391/09/20",13910920,"1391/09","دوشنبه","هفته 39",39,"دوشنبه 20 آذر 1391",3,"پاییز",0,0,139109
20121211,2012-12-11 00:00:00.000,2012,12,11,1211,2,"December","12/11/2012",201212,"12/1/2012","Tuesday","Week 50",50,13910921,1391,9,21,921,3,"آذر","1391/09/21",13910921,"1391/09","سه شنبه","هفته 39",39,"سه شنبه 21 آذر 1391",3,"پاییز",0,0,139109
20121212,2012-12-12 00:00:00.000,2012,12,12,1212,3,"December","12/12/2012",201212,"12/1/2012","Wednesday","Week 50",50,13910922,1391,9,22,922,4,"آذر","1391/09/22",13910922,"1391/09","چهارشنبه","هفته 39",39,"چهارشنبه 22 آذر 1391",3,"پاییز",0,0,139109
20121213,2012-12-13 00:00:00.000,2012,12,13,1213,4,"December","12/13/2012",201212,"12/1/2012","Thursday","Week 50",50,13910923,1391,9,23,923,5,"آذر","1391/09/23",13910923,"1391/09","پنج شنبه","هفته 39",39,"پنج شنبه 23 آذر 1391",3,"پاییز",0,0,139109
20121214,2012-12-14 00:00:00.000,2012,12,14,1214,5,"December","12/14/2012",201212,"12/1/2012","Friday","Week 50",50,13910924,1391,9,24,924,6,"آذر","1391/09/24",13910924,"1391/09","جمعه","هفته 39",39,"جمعه 24 آذر 1391",3,"پاییز",0,0,139109
20121215,2012-12-15 00:00:00.000,2012,12,15,1215,6,"December","12/15/2012",201212,"12/1/2012","Saturday","Week 50",50,13910925,1391,9,25,925,0,"آذر","1391/09/25",13910925,"1391/09","شنبه","هفته 40",40,"شنبه 25 آذر 1391",3,"پاییز",0,0,139109
20121216,2012-12-16 00:00:00.000,2012,12,16,1216,0,"December","12/16/2012",201212,"12/1/2012","Sunday","Week 51",51,13910926,1391,9,26,926,1,"آذر","1391/09/26",13910926,"1391/09","یکشنبه","هفته 40",40,"یکشنبه 26 آذر 1391",3,"پاییز",0,0,139109
20121217,2012-12-17 00:00:00.000,2012,12,17,1217,1,"December","12/17/2012",201212,"12/1/2012","Monday","Week 51",51,13910927,1391,9,27,927,2,"آذر","1391/09/27",13910927,"1391/09","دوشنبه","هفته 40",40,"دوشنبه 27 آذر 1391",3,"پاییز",0,0,139109
20121218,2012-12-18 00:00:00.000,2012,12,18,1218,2,"December","12/18/2012",201212,"12/1/2012","Tuesday","Week 51",51,13910928,1391,9,28,928,3,"آذر","1391/09/28",13910928,"1391/09","سه شنبه","هفته 40",40,"سه شنبه 28 آذر 1391",3,"پاییز",0,0,139109
20121219,2012-12-19 00:00:00.000,2012,12,19,1219,3,"December","12/19/2012",201212,"12/1/2012","Wednesday","Week 51",51,13910929,1391,9,29,929,4,"آذر","1391/09/29",13910929,"1391/09","چهارشنبه","هفته 40",40,"چهارشنبه 29 آذر 1391",3,"پاییز",0,0,139109
20121220,2012-12-20 00:00:00.000,2012,12,20,1220,4,"December","12/20/2012",201212,"12/1/2012","Thursday","Week 51",51,13910930,1391,9,30,930,5,"آذر","1391/09/30",13910930,"1391/09","پنج شنبه","هفته 40",40,"پنج شنبه 30 آذر 1391",3,"پاییز",0,0,139109
20121221,2012-12-21 00:00:00.000,2012,12,21,1221,5,"December","12/21/2012",201212,"12/1/2012","Friday","Week 51",51,13911001,1391,10,1,1001,6,"دی","1391/10/01",13911001,"1391/10","جمعه","هفته 40",40,"جمعه 1 دی 1391",4,"زمستان",0,0,139110
20121222,2012-12-22 00:00:00.000,2012,12,22,1222,6,"December","12/22/2012",201212,"12/1/2012","Saturday","Week 51",51,13911002,1391,10,2,1002,0,"دی","1391/10/02",13911002,"1391/10","شنبه","هفته 41",41,"شنبه 2 دی 1391",4,"زمستان",0,0,139110
20121223,2012-12-23 00:00:00.000,2012,12,23,1223,0,"December","12/23/2012",201212,"12/1/2012","Sunday","Week 52",52,13911003,1391,10,3,1003,1,"دی","1391/10/03",13911003,"1391/10","یکشنبه","هفته 41",41,"یکشنبه 3 دی 1391",4,"زمستان",0,0,139110
20121224,2012-12-24 00:00:00.000,2012,12,24,1224,1,"December","12/24/2012",201212,"12/1/2012","Monday","Week 52",52,13911004,1391,10,4,1004,2,"دی","1391/10/04",13911004,"1391/10","دوشنبه","هفته 41",41,"دوشنبه 4 دی 1391",4,"زمستان",0,0,139110
20121225,2012-12-25 00:00:00.000,2012,12,25,1225,2,"December","12/25/2012",201212,"12/1/2012","Tuesday","Week 52",52,13911005,1391,10,5,1005,3,"دی","1391/10/05",13911005,"1391/10","سه شنبه","هفته 41",41,"سه شنبه 5 دی 1391",4,"زمستان",0,0,139110
20121226,2012-12-26 00:00:00.000,2012,12,26,1226,3,"December","12/26/2012",201212,"12/1/2012","Wednesday","Week 52",52,13911006,1391,10,6,1006,4,"دی","1391/10/06",13911006,"1391/10","چهارشنبه","هفته 41",41,"چهارشنبه 6 دی 1391",4,"زمستان",0,0,139110
20121227,2012-12-27 00:00:00.000,2012,12,27,1227,4,"December","12/27/2012",201212,"12/1/2012","Thursday","Week 52",52,13911007,1391,10,7,1007,5,"دی","1391/10/07",13911007,"1391/10","پنج شنبه","هفته 41",41,"پنج شنبه 7 دی 1391",4,"زمستان",0,0,139110
20121228,2012-12-28 00:00:00.000,2012,12,28,1228,5,"December","12/28/2012",201212,"12/1/2012","Friday","Week 52",52,13911008,1391,10,8,1008,6,"دی","1391/10/08",13911008,"1391/10","جمعه","هفته 41",41,"جمعه 8 دی 1391",4,"زمستان",0,0,139110
20121229,2012-12-29 00:00:00.000,2012,12,29,1229,6,"December","12/29/2012",201212,"12/1/2012","Saturday","Week 52",52,13911009,1391,10,9,1009,0,"دی","1391/10/09",13911009,"1391/10","شنبه","هفته 42",42,"شنبه 9 دی 1391",4,"زمستان",0,0,139110
20121230,2012-12-30 00:00:00.000,2012,12,30,1230,0,"December","12/30/2012",201212,"12/1/2012","Sunday","Week 53",53,13911010,1391,10,10,1010,1,"دی","1391/10/10",13911010,"1391/10","یکشنبه","هفته 42",42,"یکشنبه 10 دی 1391",4,"زمستان",0,0,139110
20121231,2012-12-31 00:00:00.000,2012,12,31,1231,1,"December","12/31/2012",201212,"12/1/2012","Monday","Week 53",53,13911011,1391,10,11,1011,2,"دی","1391/10/11",13911011,"1391/10","دوشنبه","هفته 42",42,"دوشنبه 11 دی 1391",4,"زمستان",0,0,139110
20120320,2012-03-20 00:00:00.000,2012,3,20,320,2,"March","3/20/2012",201203,"3/1/2012","Tuesday","Week 12",12,13910101,1391,1,1,101,3,"فروردین","1391/01/01",13910101,"1391/01","سه شنبه","هفته 1",1,"سه شنبه 1 فروردین 1391",1,"بهار",0,0,139101
20120321,2012-03-21 00:00:00.000,2012,3,21,321,3,"March","3/21/2012",201203,"3/1/2012","Wednesday","Week 12",12,13910102,1391,1,2,102,4,"فروردین","1391/01/02",13910102,"1391/01","چهارشنبه","هفته 1",1,"چهارشنبه 2 فروردین 1391",1,"بهار",0,0,139101
20120322,2012-03-22 00:00:00.000,2012,3,22,322,4,"March","3/22/2012",201203,"3/1/2012","Thursday","Week 12",12,13910103,1391,1,3,103,5,"فروردین","1391/01/03",13910103,"1391/01","پنج شنبه","هفته 1",1,"پنج شنبه 3 فروردین 1391",1,"بهار",0,0,139101
20120323,2012-03-23 00:00:00.000,2012,3,23,323,5,"March","3/23/2012",201203,"3/1/2012","Friday","Week 12",12,13910104,1391,1,4,104,6,"فروردین","1391/01/04",13910104,"1391/01","جمعه","هفته 1",1,"جمعه 4 فروردین 1391",1,"بهار",0,0,139101
20120324,2012-03-24 00:00:00.000,2012,3,24,324,6,"March","3/24/2012",201203,"3/1/2012","Saturday","Week 12",12,13910105,1391,1,5,105,0,"فروردین","1391/01/05",13910105,"1391/01","شنبه","هفته 2",2,"شنبه 5 فروردین 1391",1,"بهار",0,0,139101
20120325,2012-03-25 00:00:00.000,2012,3,25,325,0,"March","3/25/2012",201203,"3/1/2012","Sunday","Week 13",13,13910106,1391,1,6,106,1,"فروردین","1391/01/06",13910106,"1391/01","یکشنبه","هفته 2",2,"یکشنبه 6 فروردین 1391",1,"بهار",0,0,139101
20120326,2012-03-26 00:00:00.000,2012,3,26,326,1,"March","3/26/2012",201203,"3/1/2012","Monday","Week 13",13,13910107,1391,1,7,107,2,"فروردین","1391/01/07",13910107,"1391/01","دوشنبه","هفته 2",2,"دوشنبه 7 فروردین 1391",1,"بهار",0,0,139101
20120327,2012-03-27 00:00:00.000,2012,3,27,327,2,"March","3/27/2012",201203,"3/1/2012","Tuesday","Week 13",13,13910108,1391,1,8,108,3,"فروردین","1391/01/08",13910108,"1391/01","سه شنبه","هفته 2",2,"سه شنبه 8 فروردین 1391",1,"بهار",0,0,139101
20120328,2012-03-28 00:00:00.000,2012,3,28,328,3,"March","3/28/2012",201203,"3/1/2012","Wednesday","Week 13",13,13910109,1391,1,9,109,4,"فروردین","1391/01/09",13910109,"1391/01","چهارشنبه","هفته 2",2,"چهارشنبه 9 فروردین 1391",1,"بهار",0,0,139101
20120329,2012-03-29 00:00:00.000,2012,3,29,329,4,"March","3/29/2012",201203,"3/1/2012","Thursday","Week 13",13,13910110,1391,1,10,110,5,"فروردین","1391/01/10",13910110,"1391/01","پنج شنبه","هفته 2",2,"پنج شنبه 10 فروردین 1391",1,"بهار",0,0,139101
20120330,2012-03-30 00:00:00.000,2012,3,30,330,5,"March","3/30/2012",201203,"3/1/2012","Friday","Week 13",13,13910111,1391,1,11,111,6,"فروردین","1391/01/11",13910111,"1391/01","جمعه","هفته 2",2,"جمعه 11 فروردین 1391",1,"بهار",0,0,139101
20120331,2012-03-31 00:00:00.000,2012,3,31,331,6,"March","3/31/2012",201203,"3/1/2012","Saturday","Week 13",13,13910112,1391,1,12,112,0,"فروردین","1391/01/12",13910112,"1391/01","شنبه","هفته 3",3,"شنبه 12 فروردین 1391",1,"بهار",0,0,139101
20120401,2012-04-01 00:00:00.000,2012,4,1,401,0,"April","4/1/2012",201204,"4/1/2012","Sunday","Week 14",14,13910113,1391,1,13,113,1,"فروردین","1391/01/13",13910113,"1391/01","یکشنبه","هفته 3",3,"یکشنبه 13 فروردین 1391",1,"بهار",0,0,139101
20120402,2012-04-02 00:00:00.000,2012,4,2,402,1,"April","4/2/2012",201204,"4/1/2012","Monday","Week 14",14,13910114,1391,1,14,114,2,"فروردین","1391/01/14",13910114,"1391/01","دوشنبه","هفته 3",3,"دوشنبه 14 فروردین 1391",1,"بهار",0,0,139101
20120403,2012-04-03 00:00:00.000,2012,4,3,403,2,"April","4/3/2012",201204,"4/1/2012","Tuesday","Week 14",14,13910115,1391,1,15,115,3,"فروردین","1391/01/15",13910115,"1391/01","سه شنبه","هفته 3",3,"سه شنبه 15 فروردین 1391",1,"بهار",0,0,139101
20120404,2012-04-04 00:00:00.000,2012,4,4,404,3,"April","4/4/2012",201204,"4/1/2012","Wednesday","Week 14",14,13910116,1391,1,16,116,4,"فروردین","1391/01/16",13910116,"1391/01","چهارشنبه","هفته 3",3,"چهارشنبه 16 فروردین 1391",1,"بهار",0,0,139101
20120405,2012-04-05 00:00:00.000,2012,4,5,405,4,"April","4/5/2012",201204,"4/1/2012","Thursday","Week 14",14,13910117,1391,1,17,117,5,"فروردین","1391/01/17",13910117,"1391/01","پنج شنبه","هفته 3",3,"پنج شنبه 17 فروردین 1391",1,"بهار",0,0,139101
20120406,2012-04-06 00:00:00.000,2012,4,6,406,5,"April","4/6/2012",201204,"4/1/2012","Friday","Week 14",14,13910118,1391,1,18,118,6,"فروردین","1391/01/18",13910118,"1391/01","جمعه","هفته 3",3,"جمعه 18 فروردین 1391",1,"بهار",0,0,139101
20120407,2012-04-07 00:00:00.000,2012,4,7,407,6,"April","4/7/2012",201204,"4/1/2012","Saturday","Week 14",14,13910119,1391,1,19,119,0,"فروردین","1391/01/19",13910119,"1391/01","شنبه","هفته 4",4,"شنبه 19 فروردین 1391",1,"بهار",0,0,139101
20120408,2012-04-08 00:00:00.000,2012,4,8,408,0,"April","4/8/2012",201204,"4/1/2012","Sunday","Week 15",15,13910120,1391,1,20,120,1,"فروردین","1391/01/20",13910120,"1391/01","یکشنبه","هفته 4",4,"یکشنبه 20 فروردین 1391",1,"بهار",0,0,139101
20120409,2012-04-09 00:00:00.000,2012,4,9,409,1,"April","4/9/2012",201204,"4/1/2012","Monday","Week 15",15,13910121,1391,1,21,121,2,"فروردین","1391/01/21",13910121,"1391/01","دوشنبه","هفته 4",4,"دوشنبه 21 فروردین 1391",1,"بهار",0,0,139101
20120410,2012-04-10 00:00:00.000,2012,4,10,410,2,"April","4/10/2012",201204,"4/1/2012","Tuesday","Week 15",15,13910122,1391,1,22,122,3,"فروردین","1391/01/22",13910122,"1391/01","سه شنبه","هفته 4",4,"سه شنبه 22 فروردین 1391",1,"بهار",0,0,139101
20120411,2012-04-11 00:00:00.000,2012,4,11,411,3,"April","4/11/2012",201204,"4/1/2012","Wednesday","Week 15",15,13910123,1391,1,23,123,4,"فروردین","1391/01/23",13910123,"1391/01","چهارشنبه","هفته 4",4,"چهارشنبه 23 فروردین 1391",1,"بهار",0,0,139101
20120412,2012-04-12 00:00:00.000,2012,4,12,412,4,"April","4/12/2012",201204,"4/1/2012","Thursday","Week 15",15,13910124,1391,1,24,124,5,"فروردین","1391/01/24",13910124,"1391/01","پنج شنبه","هفته 4",4,"پنج شنبه 24 فروردین 1391",1,"بهار",0,0,139101
20120413,2012-04-13 00:00:00.000,2012,4,13,413,5,"April","4/13/2012",201204,"4/1/2012","Friday","Week 15",15,13910125,1391,1,25,125,6,"فروردین","1391/01/25",13910125,"1391/01","جمعه","هفته 4",4,"جمعه 25 فروردین 1391",1,"بهار",0,0,139101
20120414,2012-04-14 00:00:00.000,2012,4,14,414,6,"April","4/14/2012",201204,"4/1/2012","Saturday","Week 15",15,13910126,1391,1,26,126,0,"فروردین","1391/01/26",13910126,"1391/01","شنبه","هفته 5",5,"شنبه 26 فروردین 1391",1,"بهار",0,0,139101
20120415,2012-04-15 00:00:00.000,2012,4,15,415,0,"April","4/15/2012",201204,"4/1/2012","Sunday","Week 16",16,13910127,1391,1,27,127,1,"فروردین","1391/01/27",13910127,"1391/01","یکشنبه","هفته 5",5,"یکشنبه 27 فروردین 1391",1,"بهار",0,0,139101
20120416,2012-04-16 00:00:00.000,2012,4,16,416,1,"April","4/16/2012",201204,"4/1/2012","Monday","Week 16",16,13910128,1391,1,28,128,2,"فروردین","1391/01/28",13910128,"1391/01","دوشنبه","هفته 5",5,"دوشنبه 28 فروردین 1391",1,"بهار",0,0,139101
20120417,2012-04-17 00:00:00.000,2012,4,17,417,2,"April","4/17/2012",201204,"4/1/2012","Tuesday","Week 16",16,13910129,1391,1,29,129,3,"فروردین","1391/01/29",13910129,"1391/01","سه شنبه","هفته 5",5,"سه شنبه 29 فروردین 1391",1,"بهار",0,0,139101
20120418,2012-04-18 00:00:00.000,2012,4,18,418,3,"April","4/18/2012",201204,"4/1/2012","Wednesday","Week 16",16,13910130,1391,1,30,130,4,"فروردین","1391/01/30",13910130,"1391/01","چهارشنبه","هفته 5",5,"چهارشنبه 30 فروردین 1391",1,"بهار",0,0,139101
20120419,2012-04-19 00:00:00.000,2012,4,19,419,4,"April","4/19/2012",201204,"4/1/2012","Thursday","Week 16",16,13910131,1391,1,31,131,5,"فروردین","1391/01/31",13910131,"1391/01","پنج شنبه","هفته 5",5,"پنج شنبه 31 فروردین 1391",1,"بهار",0,0,139101
20120420,2012-04-20 00:00:00.000,2012,4,20,420,5,"April","4/20/2012",201204,"4/1/2012","Friday","Week 16",16,13910201,1391,2,1,201,6,"اردیبهشت","1391/02/01",13910201,"1391/02","جمعه","هفته 5",5,"جمعه 1 اردیبهشت 1391",1,"بهار",0,0,139102
20120421,2012-04-21 00:00:00.000,2012,4,21,421,6,"April","4/21/2012",201204,"4/1/2012","Saturday","Week 16",16,13910202,1391,2,2,202,0,"اردیبهشت","1391/02/02",13910202,"1391/02","شنبه","هفته 6",6,"شنبه 2 اردیبهشت 1391",1,"بهار",0,0,139102
20120422,2012-04-22 00:00:00.000,2012,4,22,422,0,"April","4/22/2012",201204,"4/1/2012","Sunday","Week 17",17,13910203,1391,2,3,203,1,"اردیبهشت","1391/02/03",13910203,"1391/02","یکشنبه","هفته 6",6,"یکشنبه 3 اردیبهشت 1391",1,"بهار",0,0,139102
20120423,2012-04-23 00:00:00.000,2012,4,23,423,1,"April","4/23/2012",201204,"4/1/2012","Monday","Week 17",17,13910204,1391,2,4,204,2,"اردیبهشت","1391/02/04",13910204,"1391/02","دوشنبه","هفته 6",6,"دوشنبه 4 اردیبهشت 1391",1,"بهار",0,0,139102
20120424,2012-04-24 00:00:00.000,2012,4,24,424,2,"April","4/24/2012",201204,"4/1/2012","Tuesday","Week 17",17,13910205,1391,2,5,205,3,"اردیبهشت","1391/02/05",13910205,"1391/02","سه شنبه","هفته 6",6,"سه شنبه 5 اردیبهشت 1391",1,"بهار",0,0,139102
20120425,2012-04-25 00:00:00.000,2012,4,25,425,3,"April","4/25/2012",201204,"4/1/2012","Wednesday","Week 17",17,13910206,1391,2,6,206,4,"اردیبهشت","1391/02/06",13910206,"1391/02","چهارشنبه","هفته 6",6,"چهارشنبه 6 اردیبهشت 1391",1,"بهار",0,0,139102
20120426,2012-04-26 00:00:00.000,2012,4,26,426,4,"April","4/26/2012",201204,"4/1/2012","Thursday","Week 17",17,13910207,1391,2,7,207,5,"اردیبهشت","1391/02/07",13910207,"1391/02","پنج شنبه","هفته 6",6,"پنج شنبه 7 اردیبهشت 1391",1,"بهار",0,0,139102
20120427,2012-04-27 00:00:00.000,2012,4,27,427,5,"April","4/27/2012",201204,"4/1/2012","Friday","Week 17",17,13910208,1391,2,8,208,6,"اردیبهشت","1391/02/08",13910208,"1391/02","جمعه","هفته 6",6,"جمعه 8 اردیبهشت 1391",1,"بهار",0,0,139102
20120428,2012-04-28 00:00:00.000,2012,4,28,428,6,"April","4/28/2012",201204,"4/1/2012","Saturday","Week 17",17,13910209,1391,2,9,209,0,"اردیبهشت","1391/02/09",13910209,"1391/02","شنبه","هفته 7",7,"شنبه 9 اردیبهشت 1391",1,"بهار",0,0,139102
20120429,2012-04-29 00:00:00.000,2012,4,29,429,0,"April","4/29/2012",201204,"4/1/2012","Sunday","Week 18",18,13910210,1391,2,10,210,1,"اردیبهشت","1391/02/10",13910210,"1391/02","یکشنبه","هفته 7",7,"یکشنبه 10 اردیبهشت 1391",1,"بهار",0,0,139102
20120430,2012-04-30 00:00:00.000,2012,4,30,430,1,"April","4/30/2012",201204,"4/1/2012","Monday","Week 18",18,13910211,1391,2,11,211,2,"اردیبهشت","1391/02/11",13910211,"1391/02","دوشنبه","هفته 7",7,"دوشنبه 11 اردیبهشت 1391",1,"بهار",0,0,139102
20120501,2012-05-01 00:00:00.000,2012,5,1,501,2,"May","5/1/2012",201205,"5/1/2012","Tuesday","Week 18",18,13910212,1391,2,12,212,3,"اردیبهشت","1391/02/12",13910212,"1391/02","سه شنبه","هفته 7",7,"سه شنبه 12 اردیبهشت 1391",1,"بهار",0,0,139102
20120502,2012-05-02 00:00:00.000,2012,5,2,502,3,"May","5/2/2012",201205,"5/1/2012","Wednesday","Week 18",18,13910213,1391,2,13,213,4,"اردیبهشت","1391/02/13",13910213,"1391/02","چهارشنبه","هفته 7",7,"چهارشنبه 13 اردیبهشت 1391",1,"بهار",0,0,139102
20120503,2012-05-03 00:00:00.000,2012,5,3,503,4,"May","5/3/2012",201205,"5/1/2012","Thursday","Week 18",18,13910214,1391,2,14,214,5,"اردیبهشت","1391/02/14",13910214,"1391/02","پنج شنبه","هفته 7",7,"پنج شنبه 14 اردیبهشت 1391",1,"بهار",0,0,139102
20120504,2012-05-04 00:00:00.000,2012,5,4,504,5,"May","5/4/2012",201205,"5/1/2012","Friday","Week 18",18,13910215,1391,2,15,215,6,"اردیبهشت","1391/02/15",13910215,"1391/02","جمعه","هفته 7",7,"جمعه 15 اردیبهشت 1391",1,"بهار",0,0,139102
20120505,2012-05-05 00:00:00.000,2012,5,5,505,6,"May","5/5/2012",201205,"5/1/2012","Saturday","Week 18",18,13910216,1391,2,16,216,0,"اردیبهشت","1391/02/16",13910216,"1391/02","شنبه","هفته 8",8,"شنبه 16 اردیبهشت 1391",1,"بهار",0,0,139102
20120506,2012-05-06 00:00:00.000,2012,5,6,506,0,"May","5/6/2012",201205,"5/1/2012","Sunday","Week 19",19,13910217,1391,2,17,217,1,"اردیبهشت","1391/02/17",13910217,"1391/02","یکشنبه","هفته 8",8,"یکشنبه 17 اردیبهشت 1391",1,"بهار",0,0,139102
20120507,2012-05-07 00:00:00.000,2012,5,7,507,1,"May","5/7/2012",201205,"5/1/2012","Monday","Week 19",19,13910218,1391,2,18,218,2,"اردیبهشت","1391/02/18",13910218,"1391/02","دوشنبه","هفته 8",8,"دوشنبه 18 اردیبهشت 1391",1,"بهار",0,0,139102
20120508,2012-05-08 00:00:00.000,2012,5,8,508,2,"May","5/8/2012",201205,"5/1/2012","Tuesday","Week 19",19,13910219,1391,2,19,219,3,"اردیبهشت","1391/02/19",13910219,"1391/02","سه شنبه","هفته 8",8,"سه شنبه 19 اردیبهشت 1391",1,"بهار",0,0,139102
20120509,2012-05-09 00:00:00.000,2012,5,9,509,3,"May","5/9/2012",201205,"5/1/2012","Wednesday","Week 19",19,13910220,1391,2,20,220,4,"اردیبهشت","1391/02/20",13910220,"1391/02","چهارشنبه","هفته 8",8,"چهارشنبه 20 اردیبهشت 1391",1,"بهار",0,0,139102
20120510,2012-05-10 00:00:00.000,2012,5,10,510,4,"May","5/10/2012",201205,"5/1/2012","Thursday","Week 19",19,13910221,1391,2,21,221,5,"اردیبهشت","1391/02/21",13910221,"1391/02","پنج شنبه","هفته 8",8,"پنج شنبه 21 اردیبهشت 1391",1,"بهار",0,0,139102
20120511,2012-05-11 00:00:00.000,2012,5,11,511,5,"May","5/11/2012",201205,"5/1/2012","Friday","Week 19",19,13910222,1391,2,22,222,6,"اردیبهشت","1391/02/22",13910222,"1391/02","جمعه","هفته 8",8,"جمعه 22 اردیبهشت 1391",1,"بهار",0,0,139102
20120512,2012-05-12 00:00:00.000,2012,5,12,512,6,"May","5/12/2012",201205,"5/1/2012","Saturday","Week 19",19,13910223,1391,2,23,223,0,"اردیبهشت","1391/02/23",13910223,"1391/02","شنبه","هفته 9",9,"شنبه 23 اردیبهشت 1391",1,"بهار",0,0,139102
20120513,2012-05-13 00:00:00.000,2012,5,13,513,0,"May","5/13/2012",201205,"5/1/2012","Sunday","Week 20",20,13910224,1391,2,24,224,1,"اردیبهشت","1391/02/24",13910224,"1391/02","یکشنبه","هفته 9",9,"یکشنبه 24 اردیبهشت 1391",1,"بهار",0,0,139102
20120514,2012-05-14 00:00:00.000,2012,5,14,514,1,"May","5/14/2012",201205,"5/1/2012","Monday","Week 20",20,13910225,1391,2,25,225,2,"اردیبهشت","1391/02/25",13910225,"1391/02","دوشنبه","هفته 9",9,"دوشنبه 25 اردیبهشت 1391",1,"بهار",0,0,139102
20120515,2012-05-15 00:00:00.000,2012,5,15,515,2,"May","5/15/2012",201205,"5/1/2012","Tuesday","Week 20",20,13910226,1391,2,26,226,3,"اردیبهشت","1391/02/26",13910226,"1391/02","سه شنبه","هفته 9",9,"سه شنبه 26 اردیبهشت 1391",1,"بهار",0,0,139102
20120516,2012-05-16 00:00:00.000,2012,5,16,516,3,"May","5/16/2012",201205,"5/1/2012","Wednesday","Week 20",20,13910227,1391,2,27,227,4,"اردیبهشت","1391/02/27",13910227,"1391/02","چهارشنبه","هفته 9",9,"چهارشنبه 27 اردیبهشت 1391",1,"بهار",0,0,139102
20120517,2012-05-17 00:00:00.000,2012,5,17,517,4,"May","5/17/2012",201205,"5/1/2012","Thursday","Week 20",20,13910228,1391,2,28,228,5,"اردیبهشت","1391/02/28",13910228,"1391/02","پنج شنبه","هفته 9",9,"پنج شنبه 28 اردیبهشت 1391",1,"بهار",0,0,139102
20120518,2012-05-18 00:00:00.000,2012,5,18,518,5,"May","5/18/2012",201205,"5/1/2012","Friday","Week 20",20,13910229,1391,2,29,229,6,"اردیبهشت","1391/02/29",13910229,"1391/02","جمعه","هفته 9",9,"جمعه 29 اردیبهشت 1391",1,"بهار",0,0,139102
20120519,2012-05-19 00:00:00.000,2012,5,19,519,6,"May","5/19/2012",201205,"5/1/2012","Saturday","Week 20",20,13910230,1391,2,30,230,0,"اردیبهشت","1391/02/30",13910230,"1391/02","شنبه","هفته 10",10,"شنبه 30 اردیبهشت 1391",1,"بهار",0,0,139102
20120520,2012-05-20 00:00:00.000,2012,5,20,520,0,"May","5/20/2012",201205,"5/1/2012","Sunday","Week 21",21,13910231,1391,2,31,231,1,"اردیبهشت","1391/02/31",13910231,"1391/02","یکشنبه","هفته 10",10,"یکشنبه 31 اردیبهشت 1391",1,"بهار",0,0,139102
20120521,2012-05-21 00:00:00.000,2012,5,21,521,1,"May","5/21/2012",201205,"5/1/2012","Monday","Week 21",21,13910301,1391,3,1,301,2,"خرداد","1391/03/01",13910301,"1391/03","دوشنبه","هفته 10",10,"دوشنبه 1 خرداد 1391",1,"بهار",0,0,139103
20120522,2012-05-22 00:00:00.000,2012,5,22,522,2,"May","5/22/2012",201205,"5/1/2012","Tuesday","Week 21",21,13910302,1391,3,2,302,3,"خرداد","1391/03/02",13910302,"1391/03","سه شنبه","هفته 10",10,"سه شنبه 2 خرداد 1391",1,"بهار",0,0,139103
20120523,2012-05-23 00:00:00.000,2012,5,23,523,3,"May","5/23/2012",201205,"5/1/2012","Wednesday","Week 21",21,13910303,1391,3,3,303,4,"خرداد","1391/03/03",13910303,"1391/03","چهارشنبه","هفته 10",10,"چهارشنبه 3 خرداد 1391",1,"بهار",0,0,139103
20120524,2012-05-24 00:00:00.000,2012,5,24,524,4,"May","5/24/2012",201205,"5/1/2012","Thursday","Week 21",21,13910304,1391,3,4,304,5,"خرداد","1391/03/04",13910304,"1391/03","پنج شنبه","هفته 10",10,"پنج شنبه 4 خرداد 1391",1,"بهار",0,0,139103
20120525,2012-05-25 00:00:00.000,2012,5,25,525,5,"May","5/25/2012",201205,"5/1/2012","Friday","Week 21",21,13910305,1391,3,5,305,6,"خرداد","1391/03/05",13910305,"1391/03","جمعه","هفته 10",10,"جمعه 5 خرداد 1391",1,"بهار",0,0,139103
20120526,2012-05-26 00:00:00.000,2012,5,26,526,6,"May","5/26/2012",201205,"5/1/2012","Saturday","Week 21",21,13910306,1391,3,6,306,0,"خرداد","1391/03/06",13910306,"1391/03","شنبه","هفته 11",11,"شنبه 6 خرداد 1391",1,"بهار",0,0,139103
20120527,2012-05-27 00:00:00.000,2012,5,27,527,0,"May","5/27/2012",201205,"5/1/2012","Sunday","Week 22",22,13910307,1391,3,7,307,1,"خرداد","1391/03/07",13910307,"1391/03","یکشنبه","هفته 11",11,"یکشنبه 7 خرداد 1391",1,"بهار",0,0,139103
20120528,2012-05-28 00:00:00.000,2012,5,28,528,1,"May","5/28/2012",201205,"5/1/2012","Monday","Week 22",22,13910308,1391,3,8,308,2,"خرداد","1391/03/08",13910308,"1391/03","دوشنبه","هفته 11",11,"دوشنبه 8 خرداد 1391",1,"بهار",0,0,139103
20120529,2012-05-29 00:00:00.000,2012,5,29,529,2,"May","5/29/2012",201205,"5/1/2012","Tuesday","Week 22",22,13910309,1391,3,9,309,3,"خرداد","1391/03/09",13910309,"1391/03","سه شنبه","هفته 11",11,"سه شنبه 9 خرداد 1391",1,"بهار",0,0,139103
20120530,2012-05-30 00:00:00.000,2012,5,30,530,3,"May","5/30/2012",201205,"5/1/2012","Wednesday","Week 22",22,13910310,1391,3,10,310,4,"خرداد","1391/03/10",13910310,"1391/03","چهارشنبه","هفته 11",11,"چهارشنبه 10 خرداد 1391",1,"بهار",0,0,139103
20120531,2012-05-31 00:00:00.000,2012,5,31,531,4,"May","5/31/2012",201205,"5/1/2012","Thursday","Week 22",22,13910311,1391,3,11,311,5,"خرداد","1391/03/11",13910311,"1391/03","پنج شنبه","هفته 11",11,"پنج شنبه 11 خرداد 1391",1,"بهار",0,0,139103
20120601,2012-06-01 00:00:00.000,2012,6,1,601,5,"June","6/1/2012",201206,"6/1/2012","Friday","Week 22",22,13910312,1391,3,12,312,6,"خرداد","1391/03/12",13910312,"1391/03","جمعه","هفته 11",11,"جمعه 12 خرداد 1391",1,"بهار",0,0,139103
20120602,2012-06-02 00:00:00.000,2012,6,2,602,6,"June","6/2/2012",201206,"6/1/2012","Saturday","Week 22",22,13910313,1391,3,13,313,0,"خرداد","1391/03/13",13910313,"1391/03","شنبه","هفته 12",12,"شنبه 13 خرداد 1391",1,"بهار",0,0,139103
20120603,2012-06-03 00:00:00.000,2012,6,3,603,0,"June","6/3/2012",201206,"6/1/2012","Sunday","Week 23",23,13910314,1391,3,14,314,1,"خرداد","1391/03/14",13910314,"1391/03","یکشنبه","هفته 12",12,"یکشنبه 14 خرداد 1391",1,"بهار",0,0,139103
20120604,2012-06-04 00:00:00.000,2012,6,4,604,1,"June","6/4/2012",201206,"6/1/2012","Monday","Week 23",23,13910315,1391,3,15,315,2,"خرداد","1391/03/15",13910315,"1391/03","دوشنبه","هفته 12",12,"دوشنبه 15 خرداد 1391",1,"بهار",0,0,139103
20120605,2012-06-05 00:00:00.000,2012,6,5,605,2,"June","6/5/2012",201206,"6/1/2012","Tuesday","Week 23",23,13910316,1391,3,16,316,3,"خرداد","1391/03/16",13910316,"1391/03","سه شنبه","هفته 12",12,"سه شنبه 16 خرداد 1391",1,"بهار",0,0,139103
20120606,2012-06-06 00:00:00.000,2012,6,6,606,3,"June","6/6/2012",201206,"6/1/2012","Wednesday","Week 23",23,13910317,1391,3,17,317,4,"خرداد","1391/03/17",13910317,"1391/03","چهارشنبه","هفته 12",12,"چهارشنبه 17 خرداد 1391",1,"بهار",0,0,139103
20120607,2012-06-07 00:00:00.000,2012,6,7,607,4,"June","6/7/2012",201206,"6/1/2012","Thursday","Week 23",23,13910318,1391,3,18,318,5,"خرداد","1391/03/18",13910318,"1391/03","پنج شنبه","هفته 12",12,"پنج شنبه 18 خرداد 1391",1,"بهار",0,0,139103
20120608,2012-06-08 00:00:00.000,2012,6,8,608,5,"June","6/8/2012",201206,"6/1/2012","Friday","Week 23",23,13910319,1391,3,19,319,6,"خرداد","1391/03/19",13910319,"1391/03","جمعه","هفته 12",12,"جمعه 19 خرداد 1391",1,"بهار",0,0,139103
20120609,2012-06-09 00:00:00.000,2012,6,9,609,6,"June","6/9/2012",201206,"6/1/2012","Saturday","Week 23",23,13910320,1391,3,20,320,0,"خرداد","1391/03/20",13910320,"1391/03","شنبه","هفته 13",13,"شنبه 20 خرداد 1391",1,"بهار",0,0,139103
20120610,2012-06-10 00:00:00.000,2012,6,10,610,0,"June","6/10/2012",201206,"6/1/2012","Sunday","Week 24",24,13910321,1391,3,21,321,1,"خرداد","1391/03/21",13910321,"1391/03","یکشنبه","هفته 13",13,"یکشنبه 21 خرداد 1391",1,"بهار",0,0,139103
20120611,2012-06-11 00:00:00.000,2012,6,11,611,1,"June","6/11/2012",201206,"6/1/2012","Monday","Week 24",24,13910322,1391,3,22,322,2,"خرداد","1391/03/22",13910322,"1391/03","دوشنبه","هفته 13",13,"دوشنبه 22 خرداد 1391",1,"بهار",0,0,139103
20120612,2012-06-12 00:00:00.000,2012,6,12,612,2,"June","6/12/2012",201206,"6/1/2012","Tuesday","Week 24",24,13910323,1391,3,23,323,3,"خرداد","1391/03/23",13910323,"1391/03","سه شنبه","هفته 13",13,"سه شنبه 23 خرداد 1391",1,"بهار",0,0,139103
20120613,2012-06-13 00:00:00.000,2012,6,13,613,3,"June","6/13/2012",201206,"6/1/2012","Wednesday","Week 24",24,13910324,1391,3,24,324,4,"خرداد","1391/03/24",13910324,"1391/03","چهارشنبه","هفته 13",13,"چهارشنبه 24 خرداد 1391",1,"بهار",0,0,139103
20120614,2012-06-14 00:00:00.000,2012,6,14,614,4,"June","6/14/2012",201206,"6/1/2012","Thursday","Week 24",24,13910325,1391,3,25,325,5,"خرداد","1391/03/25",13910325,"1391/03","پنج شنبه","هفته 13",13,"پنج شنبه 25 خرداد 1391",1,"بهار",0,0,139103
20120615,2012-06-15 00:00:00.000,2012,6,15,615,5,"June","6/15/2012",201206,"6/1/2012","Friday","Week 24",24,13910326,1391,3,26,326,6,"خرداد","1391/03/26",13910326,"1391/03","جمعه","هفته 13",13,"جمعه 26 خرداد 1391",1,"بهار",0,0,139103
20120616,2012-06-16 00:00:00.000,2012,6,16,616,6,"June","6/16/2012",201206,"6/1/2012","Saturday","Week 24",24,13910327,1391,3,27,327,0,"خرداد","1391/03/27",13910327,"1391/03","شنبه","هفته 14",14,"شنبه 27 خرداد 1391",1,"بهار",0,0,139103
20120617,2012-06-17 00:00:00.000,2012,6,17,617,0,"June","6/17/2012",201206,"6/1/2012","Sunday","Week 25",25,13910328,1391,3,28,328,1,"خرداد","1391/03/28",13910328,"1391/03","یکشنبه","هفته 14",14,"یکشنبه 28 خرداد 1391",1,"بهار",0,0,139103
20120618,2012-06-18 00:00:00.000,2012,6,18,618,1,"June","6/18/2012",201206,"6/1/2012","Monday","Week 25",25,13910329,1391,3,29,329,2,"خرداد","1391/03/29",13910329,"1391/03","دوشنبه","هفته 14",14,"دوشنبه 29 خرداد 1391",1,"بهار",0,0,139103
20120619,2012-06-19 00:00:00.000,2012,6,19,619,2,"June","6/19/2012",201206,"6/1/2012","Tuesday","Week 25",25,13910330,1391,3,30,330,3,"خرداد","1391/03/30",13910330,"1391/03","سه شنبه","هفته 14",14,"سه شنبه 30 خرداد 1391",1,"بهار",0,0,139103
20120620,2012-06-20 00:00:00.000,2012,6,20,620,3,"June","6/20/2012",201206,"6/1/2012","Wednesday","Week 25",25,13910331,1391,3,31,331,4,"خرداد","1391/03/31",13910331,"1391/03","چهارشنبه","هفته 14",14,"چهارشنبه 31 خرداد 1391",1,"بهار",0,0,139103
20140321,2014-03-21 00:00:00.000,2014,3,21,321,5,"March","3/21/2014",201403,"3/1/2014","Friday","Week 12",12,13930101,1393,1,1,101,6,"فروردین","1393/01/01",13930101,"1393/01","جمعه","هفته 1",1,"جمعه 1 فروردین 1393",1,"بهار",0,0,139301
20140322,2014-03-22 00:00:00.000,2014,3,22,322,6,"March","3/22/2014",201403,"3/1/2014","Saturday","Week 12",12,13930102,1393,1,2,102,0,"فروردین","1393/01/02",13930102,"1393/01","شنبه","هفته 2",2,"شنبه 2 فروردین 1393",1,"بهار",0,0,139301
20140323,2014-03-23 00:00:00.000,2014,3,23,323,0,"March","3/23/2014",201403,"3/1/2014","Sunday","Week 13",13,13930103,1393,1,3,103,1,"فروردین","1393/01/03",13930103,"1393/01","یکشنبه","هفته 2",2,"یکشنبه 3 فروردین 1393",1,"بهار",0,0,139301
20140324,2014-03-24 00:00:00.000,2014,3,24,324,1,"March","3/24/2014",201403,"3/1/2014","Monday","Week 13",13,13930104,1393,1,4,104,2,"فروردین","1393/01/04",13930104,"1393/01","دوشنبه","هفته 2",2,"دوشنبه 4 فروردین 1393",1,"بهار",0,0,139301
20140325,2014-03-25 00:00:00.000,2014,3,25,325,2,"March","3/25/2014",201403,"3/1/2014","Tuesday","Week 13",13,13930105,1393,1,5,105,3,"فروردین","1393/01/05",13930105,"1393/01","سه شنبه","هفته 2",2,"سه شنبه 5 فروردین 1393",1,"بهار",0,0,139301
20140326,2014-03-26 00:00:00.000,2014,3,26,326,3,"March","3/26/2014",201403,"3/1/2014","Wednesday","Week 13",13,13930106,1393,1,6,106,4,"فروردین","1393/01/06",13930106,"1393/01","چهارشنبه","هفته 2",2,"چهارشنبه 6 فروردین 1393",1,"بهار",0,0,139301
20140327,2014-03-27 00:00:00.000,2014,3,27,327,4,"March","3/27/2014",201403,"3/1/2014","Thursday","Week 13",13,13930107,1393,1,7,107,5,"فروردین","1393/01/07",13930107,"1393/01","پنج شنبه","هفته 2",2,"پنج شنبه 7 فروردین 1393",1,"بهار",0,0,139301
20140328,2014-03-28 00:00:00.000,2014,3,28,328,5,"March","3/28/2014",201403,"3/1/2014","Friday","Week 13",13,13930108,1393,1,8,108,6,"فروردین","1393/01/08",13930108,"1393/01","جمعه","هفته 2",2,"جمعه 8 فروردین 1393",1,"بهار",0,0,139301
20140329,2014-03-29 00:00:00.000,2014,3,29,329,6,"March","3/29/2014",201403,"3/1/2014","Saturday","Week 13",13,13930109,1393,1,9,109,0,"فروردین","1393/01/09",13930109,"1393/01","شنبه","هفته 3",3,"شنبه 9 فروردین 1393",1,"بهار",0,0,139301
20140330,2014-03-30 00:00:00.000,2014,3,30,330,0,"March","3/30/2014",201403,"3/1/2014","Sunday","Week 14",14,13930110,1393,1,10,110,1,"فروردین","1393/01/10",13930110,"1393/01","یکشنبه","هفته 3",3,"یکشنبه 10 فروردین 1393",1,"بهار",0,0,139301
20140331,2014-03-31 00:00:00.000,2014,3,31,331,1,"March","3/31/2014",201403,"3/1/2014","Monday","Week 14",14,13930111,1393,1,11,111,2,"فروردین","1393/01/11",13930111,"1393/01","دوشنبه","هفته 3",3,"دوشنبه 11 فروردین 1393",1,"بهار",0,0,139301
20140401,2014-04-01 00:00:00.000,2014,4,1,401,2,"April","4/1/2014",201404,"4/1/2014","Tuesday","Week 14",14,13930112,1393,1,12,112,3,"فروردین","1393/01/12",13930112,"1393/01","سه شنبه","هفته 3",3,"سه شنبه 12 فروردین 1393",1,"بهار",0,0,139301
20140402,2014-04-02 00:00:00.000,2014,4,2,402,3,"April","4/2/2014",201404,"4/1/2014","Wednesday","Week 14",14,13930113,1393,1,13,113,4,"فروردین","1393/01/13",13930113,"1393/01","چهارشنبه","هفته 3",3,"چهارشنبه 13 فروردین 1393",1,"بهار",0,0,139301
20140403,2014-04-03 00:00:00.000,2014,4,3,403,4,"April","4/3/2014",201404,"4/1/2014","Thursday","Week 14",14,13930114,1393,1,14,114,5,"فروردین","1393/01/14",13930114,"1393/01","پنج شنبه","هفته 3",3,"پنج شنبه 14 فروردین 1393",1,"بهار",0,0,139301
20140404,2014-04-04 00:00:00.000,2014,4,4,404,5,"April","4/4/2014",201404,"4/1/2014","Friday","Week 14",14,13930115,1393,1,15,115,6,"فروردین","1393/01/15",13930115,"1393/01","جمعه","هفته 3",3,"جمعه 15 فروردین 1393",1,"بهار",0,0,139301
20140405,2014-04-05 00:00:00.000,2014,4,5,405,6,"April","4/5/2014",201404,"4/1/2014","Saturday","Week 14",14,13930116,1393,1,16,116,0,"فروردین","1393/01/16",13930116,"1393/01","شنبه","هفته 4",4,"شنبه 16 فروردین 1393",1,"بهار",0,0,139301
20140406,2014-04-06 00:00:00.000,2014,4,6,406,0,"April","4/6/2014",201404,"4/1/2014","Sunday","Week 15",15,13930117,1393,1,17,117,1,"فروردین","1393/01/17",13930117,"1393/01","یکشنبه","هفته 4",4,"یکشنبه 17 فروردین 1393",1,"بهار",0,0,139301
20140407,2014-04-07 00:00:00.000,2014,4,7,407,1,"April","4/7/2014",201404,"4/1/2014","Monday","Week 15",15,13930118,1393,1,18,118,2,"فروردین","1393/01/18",13930118,"1393/01","دوشنبه","هفته 4",4,"دوشنبه 18 فروردین 1393",1,"بهار",0,0,139301
20140408,2014-04-08 00:00:00.000,2014,4,8,408,2,"April","4/8/2014",201404,"4/1/2014","Tuesday","Week 15",15,13930119,1393,1,19,119,3,"فروردین","1393/01/19",13930119,"1393/01","سه شنبه","هفته 4",4,"سه شنبه 19 فروردین 1393",1,"بهار",0,0,139301
20140409,2014-04-09 00:00:00.000,2014,4,9,409,3,"April","4/9/2014",201404,"4/1/2014","Wednesday","Week 15",15,13930120,1393,1,20,120,4,"فروردین","1393/01/20",13930120,"1393/01","چهارشنبه","هفته 4",4,"چهارشنبه 20 فروردین 1393",1,"بهار",0,0,139301
20140410,2014-04-10 00:00:00.000,2014,4,10,410,4,"April","4/10/2014",201404,"4/1/2014","Thursday","Week 15",15,13930121,1393,1,21,121,5,"فروردین","1393/01/21",13930121,"1393/01","پنج شنبه","هفته 4",4,"پنج شنبه 21 فروردین 1393",1,"بهار",0,0,139301
20140411,2014-04-11 00:00:00.000,2014,4,11,411,5,"April","4/11/2014",201404,"4/1/2014","Friday","Week 15",15,13930122,1393,1,22,122,6,"فروردین","1393/01/22",13930122,"1393/01","جمعه","هفته 4",4,"جمعه 22 فروردین 1393",1,"بهار",0,0,139301
20140412,2014-04-12 00:00:00.000,2014,4,12,412,6,"April","4/12/2014",201404,"4/1/2014","Saturday","Week 15",15,13930123,1393,1,23,123,0,"فروردین","1393/01/23",13930123,"1393/01","شنبه","هفته 5",5,"شنبه 23 فروردین 1393",1,"بهار",0,0,139301
20140413,2014-04-13 00:00:00.000,2014,4,13,413,0,"April","4/13/2014",201404,"4/1/2014","Sunday","Week 16",16,13930124,1393,1,24,124,1,"فروردین","1393/01/24",13930124,"1393/01","یکشنبه","هفته 5",5,"یکشنبه 24 فروردین 1393",1,"بهار",0,0,139301
20140414,2014-04-14 00:00:00.000,2014,4,14,414,1,"April","4/14/2014",201404,"4/1/2014","Monday","Week 16",16,13930125,1393,1,25,125,2,"فروردین","1393/01/25",13930125,"1393/01","دوشنبه","هفته 5",5,"دوشنبه 25 فروردین 1393",1,"بهار",0,0,139301
20140415,2014-04-15 00:00:00.000,2014,4,15,415,2,"April","4/15/2014",201404,"4/1/2014","Tuesday","Week 16",16,13930126,1393,1,26,126,3,"فروردین","1393/01/26",13930126,"1393/01","سه شنبه","هفته 5",5,"سه شنبه 26 فروردین 1393",1,"بهار",0,0,139301
20140416,2014-04-16 00:00:00.000,2014,4,16,416,3,"April","4/16/2014",201404,"4/1/2014","Wednesday","Week 16",16,13930127,1393,1,27,127,4,"فروردین","1393/01/27",13930127,"1393/01","چهارشنبه","هفته 5",5,"چهارشنبه 27 فروردین 1393",1,"بهار",0,0,139301
20140417,2014-04-17 00:00:00.000,2014,4,17,417,4,"April","4/17/2014",201404,"4/1/2014","Thursday","Week 16",16,13930128,1393,1,28,128,5,"فروردین","1393/01/28",13930128,"1393/01","پنج شنبه","هفته 5",5,"پنج شنبه 28 فروردین 1393",1,"بهار",0,0,139301
20140418,2014-04-18 00:00:00.000,2014,4,18,418,5,"April","4/18/2014",201404,"4/1/2014","Friday","Week 16",16,13930129,1393,1,29,129,6,"فروردین","1393/01/29",13930129,"1393/01","جمعه","هفته 5",5,"جمعه 29 فروردین 1393",1,"بهار",0,0,139301
20140419,2014-04-19 00:00:00.000,2014,4,19,419,6,"April","4/19/2014",201404,"4/1/2014","Saturday","Week 16",16,13930130,1393,1,30,130,0,"فروردین","1393/01/30",13930130,"1393/01","شنبه","هفته 6",6,"شنبه 30 فروردین 1393",1,"بهار",0,0,139301
20140420,2014-04-20 00:00:00.000,2014,4,20,420,0,"April","4/20/2014",201404,"4/1/2014","Sunday","Week 17",17,13930131,1393,1,31,131,1,"فروردین","1393/01/31",13930131,"1393/01","یکشنبه","هفته 6",6,"یکشنبه 31 فروردین 1393",1,"بهار",0,0,139301
20140421,2014-04-21 00:00:00.000,2014,4,21,421,1,"April","4/21/2014",201404,"4/1/2014","Monday","Week 17",17,13930201,1393,2,1,201,2,"اردیبهشت","1393/02/01",13930201,"1393/02","دوشنبه","هفته 6",6,"دوشنبه 1 اردیبهشت 1393",1,"بهار",0,0,139302
20140422,2014-04-22 00:00:00.000,2014,4,22,422,2,"April","4/22/2014",201404,"4/1/2014","Tuesday","Week 17",17,13930202,1393,2,2,202,3,"اردیبهشت","1393/02/02",13930202,"1393/02","سه شنبه","هفته 6",6,"سه شنبه 2 اردیبهشت 1393",1,"بهار",0,0,139302
20140423,2014-04-23 00:00:00.000,2014,4,23,423,3,"April","4/23/2014",201404,"4/1/2014","Wednesday","Week 17",17,13930203,1393,2,3,203,4,"اردیبهشت","1393/02/03",13930203,"1393/02","چهارشنبه","هفته 6",6,"چهارشنبه 3 اردیبهشت 1393",1,"بهار",0,0,139302
20140424,2014-04-24 00:00:00.000,2014,4,24,424,4,"April","4/24/2014",201404,"4/1/2014","Thursday","Week 17",17,13930204,1393,2,4,204,5,"اردیبهشت","1393/02/04",13930204,"1393/02","پنج شنبه","هفته 6",6,"پنج شنبه 4 اردیبهشت 1393",1,"بهار",0,0,139302
20140425,2014-04-25 00:00:00.000,2014,4,25,425,5,"April","4/25/2014",201404,"4/1/2014","Friday","Week 17",17,13930205,1393,2,5,205,6,"اردیبهشت","1393/02/05",13930205,"1393/02","جمعه","هفته 6",6,"جمعه 5 اردیبهشت 1393",1,"بهار",0,0,139302
20140426,2014-04-26 00:00:00.000,2014,4,26,426,6,"April","4/26/2014",201404,"4/1/2014","Saturday","Week 17",17,13930206,1393,2,6,206,0,"اردیبهشت","1393/02/06",13930206,"1393/02","شنبه","هفته 7",7,"شنبه 6 اردیبهشت 1393",1,"بهار",0,0,139302
20140427,2014-04-27 00:00:00.000,2014,4,27,427,0,"April","4/27/2014",201404,"4/1/2014","Sunday","Week 18",18,13930207,1393,2,7,207,1,"اردیبهشت","1393/02/07",13930207,"1393/02","یکشنبه","هفته 7",7,"یکشنبه 7 اردیبهشت 1393",1,"بهار",0,0,139302
20140428,2014-04-28 00:00:00.000,2014,4,28,428,1,"April","4/28/2014",201404,"4/1/2014","Monday","Week 18",18,13930208,1393,2,8,208,2,"اردیبهشت","1393/02/08",13930208,"1393/02","دوشنبه","هفته 7",7,"دوشنبه 8 اردیبهشت 1393",1,"بهار",0,0,139302
20140429,2014-04-29 00:00:00.000,2014,4,29,429,2,"April","4/29/2014",201404,"4/1/2014","Tuesday","Week 18",18,13930209,1393,2,9,209,3,"اردیبهشت","1393/02/09",13930209,"1393/02","سه شنبه","هفته 7",7,"سه شنبه 9 اردیبهشت 1393",1,"بهار",0,0,139302
20140430,2014-04-30 00:00:00.000,2014,4,30,430,3,"April","4/30/2014",201404,"4/1/2014","Wednesday","Week 18",18,13930210,1393,2,10,210,4,"اردیبهشت","1393/02/10",13930210,"1393/02","چهارشنبه","هفته 7",7,"چهارشنبه 10 اردیبهشت 1393",1,"بهار",0,0,139302
20140501,2014-05-01 00:00:00.000,2014,5,1,501,4,"May","5/1/2014",201405,"5/1/2014","Thursday","Week 18",18,13930211,1393,2,11,211,5,"اردیبهشت","1393/02/11",13930211,"1393/02","پنج شنبه","هفته 7",7,"پنج شنبه 11 اردیبهشت 1393",1,"بهار",0,0,139302
20140502,2014-05-02 00:00:00.000,2014,5,2,502,5,"May","5/2/2014",201405,"5/1/2014","Friday","Week 18",18,13930212,1393,2,12,212,6,"اردیبهشت","1393/02/12",13930212,"1393/02","جمعه","هفته 7",7,"جمعه 12 اردیبهشت 1393",1,"بهار",0,0,139302
20140503,2014-05-03 00:00:00.000,2014,5,3,503,6,"May","5/3/2014",201405,"5/1/2014","Saturday","Week 18",18,13930213,1393,2,13,213,0,"اردیبهشت","1393/02/13",13930213,"1393/02","شنبه","هفته 8",8,"شنبه 13 اردیبهشت 1393",1,"بهار",0,0,139302
20140504,2014-05-04 00:00:00.000,2014,5,4,504,0,"May","5/4/2014",201405,"5/1/2014","Sunday","Week 19",19,13930214,1393,2,14,214,1,"اردیبهشت","1393/02/14",13930214,"1393/02","یکشنبه","هفته 8",8,"یکشنبه 14 اردیبهشت 1393",1,"بهار",0,0,139302
20140505,2014-05-05 00:00:00.000,2014,5,5,505,1,"May","5/5/2014",201405,"5/1/2014","Monday","Week 19",19,13930215,1393,2,15,215,2,"اردیبهشت","1393/02/15",13930215,"1393/02","دوشنبه","هفته 8",8,"دوشنبه 15 اردیبهشت 1393",1,"بهار",0,0,139302
20140506,2014-05-06 00:00:00.000,2014,5,6,506,2,"May","5/6/2014",201405,"5/1/2014","Tuesday","Week 19",19,13930216,1393,2,16,216,3,"اردیبهشت","1393/02/16",13930216,"1393/02","سه شنبه","هفته 8",8,"سه شنبه 16 اردیبهشت 1393",1,"بهار",0,0,139302
20140507,2014-05-07 00:00:00.000,2014,5,7,507,3,"May","5/7/2014",201405,"5/1/2014","Wednesday","Week 19",19,13930217,1393,2,17,217,4,"اردیبهشت","1393/02/17",13930217,"1393/02","چهارشنبه","هفته 8",8,"چهارشنبه 17 اردیبهشت 1393",1,"بهار",0,0,139302
20140508,2014-05-08 00:00:00.000,2014,5,8,508,4,"May","5/8/2014",201405,"5/1/2014","Thursday","Week 19",19,13930218,1393,2,18,218,5,"اردیبهشت","1393/02/18",13930218,"1393/02","پنج شنبه","هفته 8",8,"پنج شنبه 18 اردیبهشت 1393",1,"بهار",0,0,139302
20140509,2014-05-09 00:00:00.000,2014,5,9,509,5,"May","5/9/2014",201405,"5/1/2014","Friday","Week 19",19,13930219,1393,2,19,219,6,"اردیبهشت","1393/02/19",13930219,"1393/02","جمعه","هفته 8",8,"جمعه 19 اردیبهشت 1393",1,"بهار",0,0,139302
20140510,2014-05-10 00:00:00.000,2014,5,10,510,6,"May","5/10/2014",201405,"5/1/2014","Saturday","Week 19",19,13930220,1393,2,20,220,0,"اردیبهشت","1393/02/20",13930220,"1393/02","شنبه","هفته 9",9,"شنبه 20 اردیبهشت 1393",1,"بهار",0,0,139302
20140511,2014-05-11 00:00:00.000,2014,5,11,511,0,"May","5/11/2014",201405,"5/1/2014","Sunday","Week 20",20,13930221,1393,2,21,221,1,"اردیبهشت","1393/02/21",13930221,"1393/02","یکشنبه","هفته 9",9,"یکشنبه 21 اردیبهشت 1393",1,"بهار",0,0,139302
20140512,2014-05-12 00:00:00.000,2014,5,12,512,1,"May","5/12/2014",201405,"5/1/2014","Monday","Week 20",20,13930222,1393,2,22,222,2,"اردیبهشت","1393/02/22",13930222,"1393/02","دوشنبه","هفته 9",9,"دوشنبه 22 اردیبهشت 1393",1,"بهار",0,0,139302
20140513,2014-05-13 00:00:00.000,2014,5,13,513,2,"May","5/13/2014",201405,"5/1/2014","Tuesday","Week 20",20,13930223,1393,2,23,223,3,"اردیبهشت","1393/02/23",13930223,"1393/02","سه شنبه","هفته 9",9,"سه شنبه 23 اردیبهشت 1393",1,"بهار",0,0,139302
20140514,2014-05-14 00:00:00.000,2014,5,14,514,3,"May","5/14/2014",201405,"5/1/2014","Wednesday","Week 20",20,13930224,1393,2,24,224,4,"اردیبهشت","1393/02/24",13930224,"1393/02","چهارشنبه","هفته 9",9,"چهارشنبه 24 اردیبهشت 1393",1,"بهار",0,0,139302
20140515,2014-05-15 00:00:00.000,2014,5,15,515,4,"May","5/15/2014",201405,"5/1/2014","Thursday","Week 20",20,13930225,1393,2,25,225,5,"اردیبهشت","1393/02/25",13930225,"1393/02","پنج شنبه","هفته 9",9,"پنج شنبه 25 اردیبهشت 1393",1,"بهار",0,0,139302
20140516,2014-05-16 00:00:00.000,2014,5,16,516,5,"May","5/16/2014",201405,"5/1/2014","Friday","Week 20",20,13930226,1393,2,26,226,6,"اردیبهشت","1393/02/26",13930226,"1393/02","جمعه","هفته 9",9,"جمعه 26 اردیبهشت 1393",1,"بهار",0,0,139302
20140517,2014-05-17 00:00:00.000,2014,5,17,517,6,"May","5/17/2014",201405,"5/1/2014","Saturday","Week 20",20,13930227,1393,2,27,227,0,"اردیبهشت","1393/02/27",13930227,"1393/02","شنبه","هفته 10",10,"شنبه 27 اردیبهشت 1393",1,"بهار",0,0,139302
20140518,2014-05-18 00:00:00.000,2014,5,18,518,0,"May","5/18/2014",201405,"5/1/2014","Sunday","Week 21",21,13930228,1393,2,28,228,1,"اردیبهشت","1393/02/28",13930228,"1393/02","یکشنبه","هفته 10",10,"یکشنبه 28 اردیبهشت 1393",1,"بهار",0,0,139302
20140519,2014-05-19 00:00:00.000,2014,5,19,519,1,"May","5/19/2014",201405,"5/1/2014","Monday","Week 21",21,13930229,1393,2,29,229,2,"اردیبهشت","1393/02/29",13930229,"1393/02","دوشنبه","هفته 10",10,"دوشنبه 29 اردیبهشت 1393",1,"بهار",0,0,139302
20140520,2014-05-20 00:00:00.000,2014,5,20,520,2,"May","5/20/2014",201405,"5/1/2014","Tuesday","Week 21",21,13930230,1393,2,30,230,3,"اردیبهشت","1393/02/30",13930230,"1393/02","سه شنبه","هفته 10",10,"سه شنبه 30 اردیبهشت 1393",1,"بهار",0,0,139302
20140521,2014-05-21 00:00:00.000,2014,5,21,521,3,"May","5/21/2014",201405,"5/1/2014","Wednesday","Week 21",21,13930231,1393,2,31,231,4,"اردیبهشت","1393/02/31",13930231,"1393/02","چهارشنبه","هفته 10",10,"چهارشنبه 31 اردیبهشت 1393",1,"بهار",0,0,139302
20140522,2014-05-22 00:00:00.000,2014,5,22,522,4,"May","5/22/2014",201405,"5/1/2014","Thursday","Week 21",21,13930301,1393,3,1,301,5,"خرداد","1393/03/01",13930301,"1393/03","پنج شنبه","هفته 10",10,"پنج شنبه 1 خرداد 1393",1,"بهار",0,0,139303
20140523,2014-05-23 00:00:00.000,2014,5,23,523,5,"May","5/23/2014",201405,"5/1/2014","Friday","Week 21",21,13930302,1393,3,2,302,6,"خرداد","1393/03/02",13930302,"1393/03","جمعه","هفته 10",10,"جمعه 2 خرداد 1393",1,"بهار",0,0,139303
20140524,2014-05-24 00:00:00.000,2014,5,24,524,6,"May","5/24/2014",201405,"5/1/2014","Saturday","Week 21",21,13930303,1393,3,3,303,0,"خرداد","1393/03/03",13930303,"1393/03","شنبه","هفته 11",11,"شنبه 3 خرداد 1393",1,"بهار",0,0,139303
20140525,2014-05-25 00:00:00.000,2014,5,25,525,0,"May","5/25/2014",201405,"5/1/2014","Sunday","Week 22",22,13930304,1393,3,4,304,1,"خرداد","1393/03/04",13930304,"1393/03","یکشنبه","هفته 11",11,"یکشنبه 4 خرداد 1393",1,"بهار",0,0,139303
20140526,2014-05-26 00:00:00.000,2014,5,26,526,1,"May","5/26/2014",201405,"5/1/2014","Monday","Week 22",22,13930305,1393,3,5,305,2,"خرداد","1393/03/05",13930305,"1393/03","دوشنبه","هفته 11",11,"دوشنبه 5 خرداد 1393",1,"بهار",0,0,139303
20140527,2014-05-27 00:00:00.000,2014,5,27,527,2,"May","5/27/2014",201405,"5/1/2014","Tuesday","Week 22",22,13930306,1393,3,6,306,3,"خرداد","1393/03/06",13930306,"1393/03","سه شنبه","هفته 11",11,"سه شنبه 6 خرداد 1393",1,"بهار",0,0,139303
20140528,2014-05-28 00:00:00.000,2014,5,28,528,3,"May","5/28/2014",201405,"5/1/2014","Wednesday","Week 22",22,13930307,1393,3,7,307,4,"خرداد","1393/03/07",13930307,"1393/03","چهارشنبه","هفته 11",11,"چهارشنبه 7 خرداد 1393",1,"بهار",0,0,139303
20140529,2014-05-29 00:00:00.000,2014,5,29,529,4,"May","5/29/2014",201405,"5/1/2014","Thursday","Week 22",22,13930308,1393,3,8,308,5,"خرداد","1393/03/08",13930308,"1393/03","پنج شنبه","هفته 11",11,"پنج شنبه 8 خرداد 1393",1,"بهار",0,0,139303
20140530,2014-05-30 00:00:00.000,2014,5,30,530,5,"May","5/30/2014",201405,"5/1/2014","Friday","Week 22",22,13930309,1393,3,9,309,6,"خرداد","1393/03/09",13930309,"1393/03","جمعه","هفته 11",11,"جمعه 9 خرداد 1393",1,"بهار",0,0,139303
20140531,2014-05-31 00:00:00.000,2014,5,31,531,6,"May","5/31/2014",201405,"5/1/2014","Saturday","Week 22",22,13930310,1393,3,10,310,0,"خرداد","1393/03/10",13930310,"1393/03","شنبه","هفته 12",12,"شنبه 10 خرداد 1393",1,"بهار",0,0,139303
20140601,2014-06-01 00:00:00.000,2014,6,1,601,0,"June","6/1/2014",201406,"6/1/2014","Sunday","Week 23",23,13930311,1393,3,11,311,1,"خرداد","1393/03/11",13930311,"1393/03","یکشنبه","هفته 12",12,"یکشنبه 11 خرداد 1393",1,"بهار",0,0,139303
20140602,2014-06-02 00:00:00.000,2014,6,2,602,1,"June","6/2/2014",201406,"6/1/2014","Monday","Week 23",23,13930312,1393,3,12,312,2,"خرداد","1393/03/12",13930312,"1393/03","دوشنبه","هفته 12",12,"دوشنبه 12 خرداد 1393",1,"بهار",0,0,139303
20140603,2014-06-03 00:00:00.000,2014,6,3,603,2,"June","6/3/2014",201406,"6/1/2014","Tuesday","Week 23",23,13930313,1393,3,13,313,3,"خرداد","1393/03/13",13930313,"1393/03","سه شنبه","هفته 12",12,"سه شنبه 13 خرداد 1393",1,"بهار",0,0,139303
20140604,2014-06-04 00:00:00.000,2014,6,4,604,3,"June","6/4/2014",201406,"6/1/2014","Wednesday","Week 23",23,13930314,1393,3,14,314,4,"خرداد","1393/03/14",13930314,"1393/03","چهارشنبه","هفته 12",12,"چهارشنبه 14 خرداد 1393",1,"بهار",0,0,139303
20140605,2014-06-05 00:00:00.000,2014,6,5,605,4,"June","6/5/2014",201406,"6/1/2014","Thursday","Week 23",23,13930315,1393,3,15,315,5,"خرداد","1393/03/15",13930315,"1393/03","پنج شنبه","هفته 12",12,"پنج شنبه 15 خرداد 1393",1,"بهار",0,0,139303
20140606,2014-06-06 00:00:00.000,2014,6,6,606,5,"June","6/6/2014",201406,"6/1/2014","Friday","Week 23",23,13930316,1393,3,16,316,6,"خرداد","1393/03/16",13930316,"1393/03","جمعه","هفته 12",12,"جمعه 16 خرداد 1393",1,"بهار",0,0,139303
20140607,2014-06-07 00:00:00.000,2014,6,7,607,6,"June","6/7/2014",201406,"6/1/2014","Saturday","Week 23",23,13930317,1393,3,17,317,0,"خرداد","1393/03/17",13930317,"1393/03","شنبه","هفته 13",13,"شنبه 17 خرداد 1393",1,"بهار",0,0,139303
20140608,2014-06-08 00:00:00.000,2014,6,8,608,0,"June","6/8/2014",201406,"6/1/2014","Sunday","Week 24",24,13930318,1393,3,18,318,1,"خرداد","1393/03/18",13930318,"1393/03","یکشنبه","هفته 13",13,"یکشنبه 18 خرداد 1393",1,"بهار",0,0,139303
20140609,2014-06-09 00:00:00.000,2014,6,9,609,1,"June","6/9/2014",201406,"6/1/2014","Monday","Week 24",24,13930319,1393,3,19,319,2,"خرداد","1393/03/19",13930319,"1393/03","دوشنبه","هفته 13",13,"دوشنبه 19 خرداد 1393",1,"بهار",0,0,139303
20140610,2014-06-10 00:00:00.000,2014,6,10,610,2,"June","6/10/2014",201406,"6/1/2014","Tuesday","Week 24",24,13930320,1393,3,20,320,3,"خرداد","1393/03/20",13930320,"1393/03","سه شنبه","هفته 13",13,"سه شنبه 20 خرداد 1393",1,"بهار",0,0,139303
20140611,2014-06-11 00:00:00.000,2014,6,11,611,3,"June","6/11/2014",201406,"6/1/2014","Wednesday","Week 24",24,13930321,1393,3,21,321,4,"خرداد","1393/03/21",13930321,"1393/03","چهارشنبه","هفته 13",13,"چهارشنبه 21 خرداد 1393",1,"بهار",0,0,139303
20140612,2014-06-12 00:00:00.000,2014,6,12,612,4,"June","6/12/2014",201406,"6/1/2014","Thursday","Week 24",24,13930322,1393,3,22,322,5,"خرداد","1393/03/22",13930322,"1393/03","پنج شنبه","هفته 13",13,"پنج شنبه 22 خرداد 1393",1,"بهار",0,0,139303
20140613,2014-06-13 00:00:00.000,2014,6,13,613,5,"June","6/13/2014",201406,"6/1/2014","Friday","Week 24",24,13930323,1393,3,23,323,6,"خرداد","1393/03/23",13930323,"1393/03","جمعه","هفته 13",13,"جمعه 23 خرداد 1393",1,"بهار",0,0,139303
20140614,2014-06-14 00:00:00.000,2014,6,14,614,6,"June","6/14/2014",201406,"6/1/2014","Saturday","Week 24",24,13930324,1393,3,24,324,0,"خرداد","1393/03/24",13930324,"1393/03","شنبه","هفته 14",14,"شنبه 24 خرداد 1393",1,"بهار",0,0,139303
20140615,2014-06-15 00:00:00.000,2014,6,15,615,0,"June","6/15/2014",201406,"6/1/2014","Sunday","Week 25",25,13930325,1393,3,25,325,1,"خرداد","1393/03/25",13930325,"1393/03","یکشنبه","هفته 14",14,"یکشنبه 25 خرداد 1393",1,"بهار",0,0,139303
20140616,2014-06-16 00:00:00.000,2014,6,16,616,1,"June","6/16/2014",201406,"6/1/2014","Monday","Week 25",25,13930326,1393,3,26,326,2,"خرداد","1393/03/26",13930326,"1393/03","دوشنبه","هفته 14",14,"دوشنبه 26 خرداد 1393",1,"بهار",0,0,139303
20140617,2014-06-17 00:00:00.000,2014,6,17,617,2,"June","6/17/2014",201406,"6/1/2014","Tuesday","Week 25",25,13930327,1393,3,27,327,3,"خرداد","1393/03/27",13930327,"1393/03","سه شنبه","هفته 14",14,"سه شنبه 27 خرداد 1393",1,"بهار",0,0,139303
20140618,2014-06-18 00:00:00.000,2014,6,18,618,3,"June","6/18/2014",201406,"6/1/2014","Wednesday","Week 25",25,13930328,1393,3,28,328,4,"خرداد","1393/03/28",13930328,"1393/03","چهارشنبه","هفته 14",14,"چهارشنبه 28 خرداد 1393",1,"بهار",0,0,139303
20140619,2014-06-19 00:00:00.000,2014,6,19,619,4,"June","6/19/2014",201406,"6/1/2014","Thursday","Week 25",25,13930329,1393,3,29,329,5,"خرداد","1393/03/29",13930329,"1393/03","پنج شنبه","هفته 14",14,"پنج شنبه 29 خرداد 1393",1,"بهار",0,0,139303
20140620,2014-06-20 00:00:00.000,2014,6,20,620,5,"June","6/20/2014",201406,"6/1/2014","Friday","Week 25",25,13930330,1393,3,30,330,6,"خرداد","1393/03/30",13930330,"1393/03","جمعه","هفته 14",14,"جمعه 30 خرداد 1393",1,"بهار",0,0,139303
20140621,2014-06-21 00:00:00.000,2014,6,21,621,6,"June","6/21/2014",201406,"6/1/2014","Saturday","Week 25",25,13930331,1393,3,31,331,0,"خرداد","1393/03/31",13930331,"1393/03","شنبه","هفته 15",15,"شنبه 31 خرداد 1393",1,"بهار",0,0,139303
20140622,2014-06-22 00:00:00.000,2014,6,22,622,0,"June","6/22/2014",201406,"6/1/2014","Sunday","Week 26",26,13930401,1393,4,1,401,1,"تیر","1393/04/01",13930401,"1393/04","یکشنبه","هفته 15",15,"یکشنبه 1 تیر 1393",2,"تابستان",0,0,139304
20140623,2014-06-23 00:00:00.000,2014,6,23,623,1,"June","6/23/2014",201406,"6/1/2014","Monday","Week 26",26,13930402,1393,4,2,402,2,"تیر","1393/04/02",13930402,"1393/04","دوشنبه","هفته 15",15,"دوشنبه 2 تیر 1393",2,"تابستان",0,0,139304
20140624,2014-06-24 00:00:00.000,2014,6,24,624,2,"June","6/24/2014",201406,"6/1/2014","Tuesday","Week 26",26,13930403,1393,4,3,403,3,"تیر","1393/04/03",13930403,"1393/04","سه شنبه","هفته 15",15,"سه شنبه 3 تیر 1393",2,"تابستان",0,0,139304
20140625,2014-06-25 00:00:00.000,2014,6,25,625,3,"June","6/25/2014",201406,"6/1/2014","Wednesday","Week 26",26,13930404,1393,4,4,404,4,"تیر","1393/04/04",13930404,"1393/04","چهارشنبه","هفته 15",15,"چهارشنبه 4 تیر 1393",2,"تابستان",0,0,139304
20140626,2014-06-26 00:00:00.000,2014,6,26,626,4,"June","6/26/2014",201406,"6/1/2014","Thursday","Week 26",26,13930405,1393,4,5,405,5,"تیر","1393/04/05",13930405,"1393/04","پنج شنبه","هفته 15",15,"پنج شنبه 5 تیر 1393",2,"تابستان",0,0,139304
20140627,2014-06-27 00:00:00.000,2014,6,27,627,5,"June","6/27/2014",201406,"6/1/2014","Friday","Week 26",26,13930406,1393,4,6,406,6,"تیر","1393/04/06",13930406,"1393/04","جمعه","هفته 15",15,"جمعه 6 تیر 1393",2,"تابستان",0,0,139304
20140628,2014-06-28 00:00:00.000,2014,6,28,628,6,"June","6/28/2014",201406,"6/1/2014","Saturday","Week 26",26,13930407,1393,4,7,407,0,"تیر","1393/04/07",13930407,"1393/04","شنبه","هفته 16",16,"شنبه 7 تیر 1393",2,"تابستان",0,0,139304
20140629,2014-06-29 00:00:00.000,2014,6,29,629,0,"June","6/29/2014",201406,"6/1/2014","Sunday","Week 27",27,13930408,1393,4,8,408,1,"تیر","1393/04/08",13930408,"1393/04","یکشنبه","هفته 16",16,"یکشنبه 8 تیر 1393",2,"تابستان",0,0,139304
20140630,2014-06-30 00:00:00.000,2014,6,30,630,1,"June","6/30/2014",201406,"6/1/2014","Monday","Week 27",27,13930409,1393,4,9,409,2,"تیر","1393/04/09",13930409,"1393/04","دوشنبه","هفته 16",16,"دوشنبه 9 تیر 1393",2,"تابستان",0,0,139304
20140701,2014-07-01 00:00:00.000,2014,7,1,701,2,"July","7/1/2014",201407,"7/1/2014","Tuesday","Week 27",27,13930410,1393,4,10,410,3,"تیر","1393/04/10",13930410,"1393/04","سه شنبه","هفته 16",16,"سه شنبه 10 تیر 1393",2,"تابستان",0,0,139304
20140702,2014-07-02 00:00:00.000,2014,7,2,702,3,"July","7/2/2014",201407,"7/1/2014","Wednesday","Week 27",27,13930411,1393,4,11,411,4,"تیر","1393/04/11",13930411,"1393/04","چهارشنبه","هفته 16",16,"چهارشنبه 11 تیر 1393",2,"تابستان",0,0,139304
20140703,2014-07-03 00:00:00.000,2014,7,3,703,4,"July","7/3/2014",201407,"7/1/2014","Thursday","Week 27",27,13930412,1393,4,12,412,5,"تیر","1393/04/12",13930412,"1393/04","پنج شنبه","هفته 16",16,"پنج شنبه 12 تیر 1393",2,"تابستان",0,0,139304
20140704,2014-07-04 00:00:00.000,2014,7,4,704,5,"July","7/4/2014",201407,"7/1/2014","Friday","Week 27",27,13930413,1393,4,13,413,6,"تیر","1393/04/13",13930413,"1393/04","جمعه","هفته 16",16,"جمعه 13 تیر 1393",2,"تابستان",0,0,139304
20140705,2014-07-05 00:00:00.000,2014,7,5,705,6,"July","7/5/2014",201407,"7/1/2014","Saturday","Week 27",27,13930414,1393,4,14,414,0,"تیر","1393/04/14",13930414,"1393/04","شنبه","هفته 17",17,"شنبه 14 تیر 1393",2,"تابستان",0,0,139304
20140706,2014-07-06 00:00:00.000,2014,7,6,706,0,"July","7/6/2014",201407,"7/1/2014","Sunday","Week 28",28,13930415,1393,4,15,415,1,"تیر","1393/04/15",13930415,"1393/04","یکشنبه","هفته 17",17,"یکشنبه 15 تیر 1393",2,"تابستان",0,0,139304
20140707,2014-07-07 00:00:00.000,2014,7,7,707,1,"July","7/7/2014",201407,"7/1/2014","Monday","Week 28",28,13930416,1393,4,16,416,2,"تیر","1393/04/16",13930416,"1393/04","دوشنبه","هفته 17",17,"دوشنبه 16 تیر 1393",2,"تابستان",0,0,139304
20140708,2014-07-08 00:00:00.000,2014,7,8,708,2,"July","7/8/2014",201407,"7/1/2014","Tuesday","Week 28",28,13930417,1393,4,17,417,3,"تیر","1393/04/17",13930417,"1393/04","سه شنبه","هفته 17",17,"سه شنبه 17 تیر 1393",2,"تابستان",0,0,139304
20140709,2014-07-09 00:00:00.000,2014,7,9,709,3,"July","7/9/2014",201407,"7/1/2014","Wednesday","Week 28",28,13930418,1393,4,18,418,4,"تیر","1393/04/18",13930418,"1393/04","چهارشنبه","هفته 17",17,"چهارشنبه 18 تیر 1393",2,"تابستان",0,0,139304
20140710,2014-07-10 00:00:00.000,2014,7,10,710,4,"July","7/10/2014",201407,"7/1/2014","Thursday","Week 28",28,13930419,1393,4,19,419,5,"تیر","1393/04/19",13930419,"1393/04","پنج شنبه","هفته 17",17,"پنج شنبه 19 تیر 1393",2,"تابستان",0,0,139304
20140711,2014-07-11 00:00:00.000,2014,7,11,711,5,"July","7/11/2014",201407,"7/1/2014","Friday","Week 28",28,13930420,1393,4,20,420,6,"تیر","1393/04/20",13930420,"1393/04","جمعه","هفته 17",17,"جمعه 20 تیر 1393",2,"تابستان",0,0,139304
20140712,2014-07-12 00:00:00.000,2014,7,12,712,6,"July","7/12/2014",201407,"7/1/2014","Saturday","Week 28",28,13930421,1393,4,21,421,0,"تیر","1393/04/21",13930421,"1393/04","شنبه","هفته 18",18,"شنبه 21 تیر 1393",2,"تابستان",0,0,139304
20140713,2014-07-13 00:00:00.000,2014,7,13,713,0,"July","7/13/2014",201407,"7/1/2014","Sunday","Week 29",29,13930422,1393,4,22,422,1,"تیر","1393/04/22",13930422,"1393/04","یکشنبه","هفته 18",18,"یکشنبه 22 تیر 1393",2,"تابستان",0,0,139304
20140714,2014-07-14 00:00:00.000,2014,7,14,714,1,"July","7/14/2014",201407,"7/1/2014","Monday","Week 29",29,13930423,1393,4,23,423,2,"تیر","1393/04/23",13930423,"1393/04","دوشنبه","هفته 18",18,"دوشنبه 23 تیر 1393",2,"تابستان",0,0,139304
20140715,2014-07-15 00:00:00.000,2014,7,15,715,2,"July","7/15/2014",201407,"7/1/2014","Tuesday","Week 29",29,13930424,1393,4,24,424,3,"تیر","1393/04/24",13930424,"1393/04","سه شنبه","هفته 18",18,"سه شنبه 24 تیر 1393",2,"تابستان",0,0,139304
20140716,2014-07-16 00:00:00.000,2014,7,16,716,3,"July","7/16/2014",201407,"7/1/2014","Wednesday","Week 29",29,13930425,1393,4,25,425,4,"تیر","1393/04/25",13930425,"1393/04","چهارشنبه","هفته 18",18,"چهارشنبه 25 تیر 1393",2,"تابستان",0,0,139304
20140717,2014-07-17 00:00:00.000,2014,7,17,717,4,"July","7/17/2014",201407,"7/1/2014","Thursday","Week 29",29,13930426,1393,4,26,426,5,"تیر","1393/04/26",13930426,"1393/04","پنج شنبه","هفته 18",18,"پنج شنبه 26 تیر 1393",2,"تابستان",0,0,139304
20140718,2014-07-18 00:00:00.000,2014,7,18,718,5,"July","7/18/2014",201407,"7/1/2014","Friday","Week 29",29,13930427,1393,4,27,427,6,"تیر","1393/04/27",13930427,"1393/04","جمعه","هفته 18",18,"جمعه 27 تیر 1393",2,"تابستان",0,0,139304
20140719,2014-07-19 00:00:00.000,2014,7,19,719,6,"July","7/19/2014",201407,"7/1/2014","Saturday","Week 29",29,13930428,1393,4,28,428,0,"تیر","1393/04/28",13930428,"1393/04","شنبه","هفته 19",19,"شنبه 28 تیر 1393",2,"تابستان",0,0,139304
20140720,2014-07-20 00:00:00.000,2014,7,20,720,0,"July","7/20/2014",201407,"7/1/2014","Sunday","Week 30",30,13930429,1393,4,29,429,1,"تیر","1393/04/29",13930429,"1393/04","یکشنبه","هفته 19",19,"یکشنبه 29 تیر 1393",2,"تابستان",0,0,139304
20140721,2014-07-21 00:00:00.000,2014,7,21,721,1,"July","7/21/2014",201407,"7/1/2014","Monday","Week 30",30,13930430,1393,4,30,430,2,"تیر","1393/04/30",13930430,"1393/04","دوشنبه","هفته 19",19,"دوشنبه 30 تیر 1393",2,"تابستان",0,0,139304
20140722,2014-07-22 00:00:00.000,2014,7,22,722,2,"July","7/22/2014",201407,"7/1/2014","Tuesday","Week 30",30,13930431,1393,4,31,431,3,"تیر","1393/04/31",13930431,"1393/04","سه شنبه","هفته 19",19,"سه شنبه 31 تیر 1393",2,"تابستان",0,0,139304
20140723,2014-07-23 00:00:00.000,2014,7,23,723,3,"July","7/23/2014",201407,"7/1/2014","Wednesday","Week 30",30,13930501,1393,5,1,501,4,"مرداد","1393/05/01",13930501,"1393/05","چهارشنبه","هفته 19",19,"چهارشنبه 1 مرداد 1393",2,"تابستان",0,0,139305
20140724,2014-07-24 00:00:00.000,2014,7,24,724,4,"July","7/24/2014",201407,"7/1/2014","Thursday","Week 30",30,13930502,1393,5,2,502,5,"مرداد","1393/05/02",13930502,"1393/05","پنج شنبه","هفته 19",19,"پنج شنبه 2 مرداد 1393",2,"تابستان",0,0,139305
20140725,2014-07-25 00:00:00.000,2014,7,25,725,5,"July","7/25/2014",201407,"7/1/2014","Friday","Week 30",30,13930503,1393,5,3,503,6,"مرداد","1393/05/03",13930503,"1393/05","جمعه","هفته 19",19,"جمعه 3 مرداد 1393",2,"تابستان",0,0,139305
20140726,2014-07-26 00:00:00.000,2014,7,26,726,6,"July","7/26/2014",201407,"7/1/2014","Saturday","Week 30",30,13930504,1393,5,4,504,0,"مرداد","1393/05/04",13930504,"1393/05","شنبه","هفته 20",20,"شنبه 4 مرداد 1393",2,"تابستان",0,0,139305
20140727,2014-07-27 00:00:00.000,2014,7,27,727,0,"July","7/27/2014",201407,"7/1/2014","Sunday","Week 31",31,13930505,1393,5,5,505,1,"مرداد","1393/05/05",13930505,"1393/05","یکشنبه","هفته 20",20,"یکشنبه 5 مرداد 1393",2,"تابستان",0,0,139305
20140728,2014-07-28 00:00:00.000,2014,7,28,728,1,"July","7/28/2014",201407,"7/1/2014","Monday","Week 31",31,13930506,1393,5,6,506,2,"مرداد","1393/05/06",13930506,"1393/05","دوشنبه","هفته 20",20,"دوشنبه 6 مرداد 1393",2,"تابستان",0,0,139305
20140729,2014-07-29 00:00:00.000,2014,7,29,729,2,"July","7/29/2014",201407,"7/1/2014","Tuesday","Week 31",31,13930507,1393,5,7,507,3,"مرداد","1393/05/07",13930507,"1393/05","سه شنبه","هفته 20",20,"سه شنبه 7 مرداد 1393",2,"تابستان",0,0,139305
20140730,2014-07-30 00:00:00.000,2014,7,30,730,3,"July","7/30/2014",201407,"7/1/2014","Wednesday","Week 31",31,13930508,1393,5,8,508,4,"مرداد","1393/05/08",13930508,"1393/05","چهارشنبه","هفته 20",20,"چهارشنبه 8 مرداد 1393",2,"تابستان",0,0,139305
20140731,2014-07-31 00:00:00.000,2014,7,31,731,4,"July","7/31/2014",201407,"7/1/2014","Thursday","Week 31",31,13930509,1393,5,9,509,5,"مرداد","1393/05/09",13930509,"1393/05","پنج شنبه","هفته 20",20,"پنج شنبه 9 مرداد 1393",2,"تابستان",0,0,139305
20140801,2014-08-01 00:00:00.000,2014,8,1,801,5,"August","8/1/2014",201408,"8/1/2014","Friday","Week 31",31,13930510,1393,5,10,510,6,"مرداد","1393/05/10",13930510,"1393/05","جمعه","هفته 20",20,"جمعه 10 مرداد 1393",2,"تابستان",0,0,139305
20140802,2014-08-02 00:00:00.000,2014,8,2,802,6,"August","8/2/2014",201408,"8/1/2014","Saturday","Week 31",31,13930511,1393,5,11,511,0,"مرداد","1393/05/11",13930511,"1393/05","شنبه","هفته 21",21,"شنبه 11 مرداد 1393",2,"تابستان",0,0,139305
20140803,2014-08-03 00:00:00.000,2014,8,3,803,0,"August","8/3/2014",201408,"8/1/2014","Sunday","Week 32",32,13930512,1393,5,12,512,1,"مرداد","1393/05/12",13930512,"1393/05","یکشنبه","هفته 21",21,"یکشنبه 12 مرداد 1393",2,"تابستان",0,0,139305
20140804,2014-08-04 00:00:00.000,2014,8,4,804,1,"August","8/4/2014",201408,"8/1/2014","Monday","Week 32",32,13930513,1393,5,13,513,2,"مرداد","1393/05/13",13930513,"1393/05","دوشنبه","هفته 21",21,"دوشنبه 13 مرداد 1393",2,"تابستان",0,0,139305
20140805,2014-08-05 00:00:00.000,2014,8,5,805,2,"August","8/5/2014",201408,"8/1/2014","Tuesday","Week 32",32,13930514,1393,5,14,514,3,"مرداد","1393/05/14",13930514,"1393/05","سه شنبه","هفته 21",21,"سه شنبه 14 مرداد 1393",2,"تابستان",0,0,139305
20140806,2014-08-06 00:00:00.000,2014,8,6,806,3,"August","8/6/2014",201408,"8/1/2014","Wednesday","Week 32",32,13930515,1393,5,15,515,4,"مرداد","1393/05/15",13930515,"1393/05","چهارشنبه","هفته 21",21,"چهارشنبه 15 مرداد 1393",2,"تابستان",0,0,139305
20140807,2014-08-07 00:00:00.000,2014,8,7,807,4,"August","8/7/2014",201408,"8/1/2014","Thursday","Week 32",32,13930516,1393,5,16,516,5,"مرداد","1393/05/16",13930516,"1393/05","پنج شنبه","هفته 21",21,"پنج شنبه 16 مرداد 1393",2,"تابستان",0,0,139305
20140808,2014-08-08 00:00:00.000,2014,8,8,808,5,"August","8/8/2014",201408,"8/1/2014","Friday","Week 32",32,13930517,1393,5,17,517,6,"مرداد","1393/05/17",13930517,"1393/05","جمعه","هفته 21",21,"جمعه 17 مرداد 1393",2,"تابستان",0,0,139305
20140809,2014-08-09 00:00:00.000,2014,8,9,809,6,"August","8/9/2014",201408,"8/1/2014","Saturday","Week 32",32,13930518,1393,5,18,518,0,"مرداد","1393/05/18",13930518,"1393/05","شنبه","هفته 22",22,"شنبه 18 مرداد 1393",2,"تابستان",0,0,139305
20140810,2014-08-10 00:00:00.000,2014,8,10,810,0,"August","8/10/2014",201408,"8/1/2014","Sunday","Week 33",33,13930519,1393,5,19,519,1,"مرداد","1393/05/19",13930519,"1393/05","یکشنبه","هفته 22",22,"یکشنبه 19 مرداد 1393",2,"تابستان",0,0,139305
20140811,2014-08-11 00:00:00.000,2014,8,11,811,1,"August","8/11/2014",201408,"8/1/2014","Monday","Week 33",33,13930520,1393,5,20,520,2,"مرداد","1393/05/20",13930520,"1393/05","دوشنبه","هفته 22",22,"دوشنبه 20 مرداد 1393",2,"تابستان",0,0,139305
20140812,2014-08-12 00:00:00.000,2014,8,12,812,2,"August","8/12/2014",201408,"8/1/2014","Tuesday","Week 33",33,13930521,1393,5,21,521,3,"مرداد","1393/05/21",13930521,"1393/05","سه شنبه","هفته 22",22,"سه شنبه 21 مرداد 1393",2,"تابستان",0,0,139305
20140813,2014-08-13 00:00:00.000,2014,8,13,813,3,"August","8/13/2014",201408,"8/1/2014","Wednesday","Week 33",33,13930522,1393,5,22,522,4,"مرداد","1393/05/22",13930522,"1393/05","چهارشنبه","هفته 22",22,"چهارشنبه 22 مرداد 1393",2,"تابستان",0,0,139305
20140814,2014-08-14 00:00:00.000,2014,8,14,814,4,"August","8/14/2014",201408,"8/1/2014","Thursday","Week 33",33,13930523,1393,5,23,523,5,"مرداد","1393/05/23",13930523,"1393/05","پنج شنبه","هفته 22",22,"پنج شنبه 23 مرداد 1393",2,"تابستان",0,0,139305
20140815,2014-08-15 00:00:00.000,2014,8,15,815,5,"August","8/15/2014",201408,"8/1/2014","Friday","Week 33",33,13930524,1393,5,24,524,6,"مرداد","1393/05/24",13930524,"1393/05","جمعه","هفته 22",22,"جمعه 24 مرداد 1393",2,"تابستان",0,0,139305
20140816,2014-08-16 00:00:00.000,2014,8,16,816,6,"August","8/16/2014",201408,"8/1/2014","Saturday","Week 33",33,13930525,1393,5,25,525,0,"مرداد","1393/05/25",13930525,"1393/05","شنبه","هفته 23",23,"شنبه 25 مرداد 1393",2,"تابستان",0,0,139305
20140817,2014-08-17 00:00:00.000,2014,8,17,817,0,"August","8/17/2014",201408,"8/1/2014","Sunday","Week 34",34,13930526,1393,5,26,526,1,"مرداد","1393/05/26",13930526,"1393/05","یکشنبه","هفته 23",23,"یکشنبه 26 مرداد 1393",2,"تابستان",0,0,139305
20140818,2014-08-18 00:00:00.000,2014,8,18,818,1,"August","8/18/2014",201408,"8/1/2014","Monday","Week 34",34,13930527,1393,5,27,527,2,"مرداد","1393/05/27",13930527,"1393/05","دوشنبه","هفته 23",23,"دوشنبه 27 مرداد 1393",2,"تابستان",0,0,139305
20140819,2014-08-19 00:00:00.000,2014,8,19,819,2,"August","8/19/2014",201408,"8/1/2014","Tuesday","Week 34",34,13930528,1393,5,28,528,3,"مرداد","1393/05/28",13930528,"1393/05","سه شنبه","هفته 23",23,"سه شنبه 28 مرداد 1393",2,"تابستان",0,0,139305
20140820,2014-08-20 00:00:00.000,2014,8,20,820,3,"August","8/20/2014",201408,"8/1/2014","Wednesday","Week 34",34,13930529,1393,5,29,529,4,"مرداد","1393/05/29",13930529,"1393/05","چهارشنبه","هفته 23",23,"چهارشنبه 29 مرداد 1393",2,"تابستان",0,0,139305
20140821,2014-08-21 00:00:00.000,2014,8,21,821,4,"August","8/21/2014",201408,"8/1/2014","Thursday","Week 34",34,13930530,1393,5,30,530,5,"مرداد","1393/05/30",13930530,"1393/05","پنج شنبه","هفته 23",23,"پنج شنبه 30 مرداد 1393",2,"تابستان",0,0,139305
20140822,2014-08-22 00:00:00.000,2014,8,22,822,5,"August","8/22/2014",201408,"8/1/2014","Friday","Week 34",34,13930531,1393,5,31,531,6,"مرداد","1393/05/31",13930531,"1393/05","جمعه","هفته 23",23,"جمعه 31 مرداد 1393",2,"تابستان",0,0,139305
20140823,2014-08-23 00:00:00.000,2014,8,23,823,6,"August","8/23/2014",201408,"8/1/2014","Saturday","Week 34",34,13930601,1393,6,1,601,0,"شهریور","1393/06/01",13930601,"1393/06","شنبه","هفته 24",24,"شنبه 1 شهریور 1393",2,"تابستان",0,0,139306
20140824,2014-08-24 00:00:00.000,2014,8,24,824,0,"August","8/24/2014",201408,"8/1/2014","Sunday","Week 35",35,13930602,1393,6,2,602,1,"شهریور","1393/06/02",13930602,"1393/06","یکشنبه","هفته 24",24,"یکشنبه 2 شهریور 1393",2,"تابستان",0,0,139306
20140825,2014-08-25 00:00:00.000,2014,8,25,825,1,"August","8/25/2014",201408,"8/1/2014","Monday","Week 35",35,13930603,1393,6,3,603,2,"شهریور","1393/06/03",13930603,"1393/06","دوشنبه","هفته 24",24,"دوشنبه 3 شهریور 1393",2,"تابستان",0,0,139306
20140826,2014-08-26 00:00:00.000,2014,8,26,826,2,"August","8/26/2014",201408,"8/1/2014","Tuesday","Week 35",35,13930604,1393,6,4,604,3,"شهریور","1393/06/04",13930604,"1393/06","سه شنبه","هفته 24",24,"سه شنبه 4 شهریور 1393",2,"تابستان",0,0,139306
20140827,2014-08-27 00:00:00.000,2014,8,27,827,3,"August","8/27/2014",201408,"8/1/2014","Wednesday","Week 35",35,13930605,1393,6,5,605,4,"شهریور","1393/06/05",13930605,"1393/06","چهارشنبه","هفته 24",24,"چهارشنبه 5 شهریور 1393",2,"تابستان",0,0,139306
20140828,2014-08-28 00:00:00.000,2014,8,28,828,4,"August","8/28/2014",201408,"8/1/2014","Thursday","Week 35",35,13930606,1393,6,6,606,5,"شهریور","1393/06/06",13930606,"1393/06","پنج شنبه","هفته 24",24,"پنج شنبه 6 شهریور 1393",2,"تابستان",0,0,139306
20140829,2014-08-29 00:00:00.000,2014,8,29,829,5,"August","8/29/2014",201408,"8/1/2014","Friday","Week 35",35,13930607,1393,6,7,607,6,"شهریور","1393/06/07",13930607,"1393/06","جمعه","هفته 24",24,"جمعه 7 شهریور 1393",2,"تابستان",0,0,139306
20140830,2014-08-30 00:00:00.000,2014,8,30,830,6,"August","8/30/2014",201408,"8/1/2014","Saturday","Week 35",35,13930608,1393,6,8,608,0,"شهریور","1393/06/08",13930608,"1393/06","شنبه","هفته 25",25,"شنبه 8 شهریور 1393",2,"تابستان",0,0,139306
20140831,2014-08-31 00:00:00.000,2014,8,31,831,0,"August","8/31/2014",201408,"8/1/2014","Sunday","Week 36",36,13930609,1393,6,9,609,1,"شهریور","1393/06/09",13930609,"1393/06","یکشنبه","هفته 25",25,"یکشنبه 9 شهریور 1393",2,"تابستان",0,0,139306
20140901,2014-09-01 00:00:00.000,2014,9,1,901,1,"September","9/1/2014",201409,"9/1/2014","Monday","Week 36",36,13930610,1393,6,10,610,2,"شهریور","1393/06/10",13930610,"1393/06","دوشنبه","هفته 25",25,"دوشنبه 10 شهریور 1393",2,"تابستان",0,0,139306
20140902,2014-09-02 00:00:00.000,2014,9,2,902,2,"September","9/2/2014",201409,"9/1/2014","Tuesday","Week 36",36,13930611,1393,6,11,611,3,"شهریور","1393/06/11",13930611,"1393/06","سه شنبه","هفته 25",25,"سه شنبه 11 شهریور 1393",2,"تابستان",0,0,139306
20140903,2014-09-03 00:00:00.000,2014,9,3,903,3,"September","9/3/2014",201409,"9/1/2014","Wednesday","Week 36",36,13930612,1393,6,12,612,4,"شهریور","1393/06/12",13930612,"1393/06","چهارشنبه","هفته 25",25,"چهارشنبه 12 شهریور 1393",2,"تابستان",0,0,139306
20140904,2014-09-04 00:00:00.000,2014,9,4,904,4,"September","9/4/2014",201409,"9/1/2014","Thursday","Week 36",36,13930613,1393,6,13,613,5,"شهریور","1393/06/13",13930613,"1393/06","پنج شنبه","هفته 25",25,"پنج شنبه 13 شهریور 1393",2,"تابستان",0,0,139306
20140905,2014-09-05 00:00:00.000,2014,9,5,905,5,"September","9/5/2014",201409,"9/1/2014","Friday","Week 36",36,13930614,1393,6,14,614,6,"شهریور","1393/06/14",13930614,"1393/06","جمعه","هفته 25",25,"جمعه 14 شهریور 1393",2,"تابستان",0,0,139306
20140906,2014-09-06 00:00:00.000,2014,9,6,906,6,"September","9/6/2014",201409,"9/1/2014","Saturday","Week 36",36,13930615,1393,6,15,615,0,"شهریور","1393/06/15",13930615,"1393/06","شنبه","هفته 26",26,"شنبه 15 شهریور 1393",2,"تابستان",0,0,139306
20140907,2014-09-07 00:00:00.000,2014,9,7,907,0,"September","9/7/2014",201409,"9/1/2014","Sunday","Week 37",37,13930616,1393,6,16,616,1,"شهریور","1393/06/16",13930616,"1393/06","یکشنبه","هفته 26",26,"یکشنبه 16 شهریور 1393",2,"تابستان",0,0,139306
20140908,2014-09-08 00:00:00.000,2014,9,8,908,1,"September","9/8/2014",201409,"9/1/2014","Monday","Week 37",37,13930617,1393,6,17,617,2,"شهریور","1393/06/17",13930617,"1393/06","دوشنبه","هفته 26",26,"دوشنبه 17 شهریور 1393",2,"تابستان",0,0,139306
20140909,2014-09-09 00:00:00.000,2014,9,9,909,2,"September","9/9/2014",201409,"9/1/2014","Tuesday","Week 37",37,13930618,1393,6,18,618,3,"شهریور","1393/06/18",13930618,"1393/06","سه شنبه","هفته 26",26,"سه شنبه 18 شهریور 1393",2,"تابستان",0,0,139306
20140910,2014-09-10 00:00:00.000,2014,9,10,910,3,"September","9/10/2014",201409,"9/1/2014","Wednesday","Week 37",37,13930619,1393,6,19,619,4,"شهریور","1393/06/19",13930619,"1393/06","چهارشنبه","هفته 26",26,"چهارشنبه 19 شهریور 1393",2,"تابستان",0,0,139306
20140911,2014-09-11 00:00:00.000,2014,9,11,911,4,"September","9/11/2014",201409,"9/1/2014","Thursday","Week 37",37,13930620,1393,6,20,620,5,"شهریور","1393/06/20",13930620,"1393/06","پنج شنبه","هفته 26",26,"پنج شنبه 20 شهریور 1393",2,"تابستان",0,0,139306
20140912,2014-09-12 00:00:00.000,2014,9,12,912,5,"September","9/12/2014",201409,"9/1/2014","Friday","Week 37",37,13930621,1393,6,21,621,6,"شهریور","1393/06/21",13930621,"1393/06","جمعه","هفته 26",26,"جمعه 21 شهریور 1393",2,"تابستان",0,0,139306
20140913,2014-09-13 00:00:00.000,2014,9,13,913,6,"September","9/13/2014",201409,"9/1/2014","Saturday","Week 37",37,13930622,1393,6,22,622,0,"شهریور","1393/06/22",13930622,"1393/06","شنبه","هفته 27",27,"شنبه 22 شهریور 1393",2,"تابستان",0,0,139306
20140914,2014-09-14 00:00:00.000,2014,9,14,914,0,"September","9/14/2014",201409,"9/1/2014","Sunday","Week 38",38,13930623,1393,6,23,623,1,"شهریور","1393/06/23",13930623,"1393/06","یکشنبه","هفته 27",27,"یکشنبه 23 شهریور 1393",2,"تابستان",0,0,139306
20140915,2014-09-15 00:00:00.000,2014,9,15,915,1,"September","9/15/2014",201409,"9/1/2014","Monday","Week 38",38,13930624,1393,6,24,624,2,"شهریور","1393/06/24",13930624,"1393/06","دوشنبه","هفته 27",27,"دوشنبه 24 شهریور 1393",2,"تابستان",0,0,139306
20140916,2014-09-16 00:00:00.000,2014,9,16,916,2,"September","9/16/2014",201409,"9/1/2014","Tuesday","Week 38",38,13930625,1393,6,25,625,3,"شهریور","1393/06/25",13930625,"1393/06","سه شنبه","هفته 27",27,"سه شنبه 25 شهریور 1393",2,"تابستان",0,0,139306
20140917,2014-09-17 00:00:00.000,2014,9,17,917,3,"September","9/17/2014",201409,"9/1/2014","Wednesday","Week 38",38,13930626,1393,6,26,626,4,"شهریور","1393/06/26",13930626,"1393/06","چهارشنبه","هفته 27",27,"چهارشنبه 26 شهریور 1393",2,"تابستان",0,0,139306
20140918,2014-09-18 00:00:00.000,2014,9,18,918,4,"September","9/18/2014",201409,"9/1/2014","Thursday","Week 38",38,13930627,1393,6,27,627,5,"شهریور","1393/06/27",13930627,"1393/06","پنج شنبه","هفته 27",27,"پنج شنبه 27 شهریور 1393",2,"تابستان",0,0,139306
20140919,2014-09-19 00:00:00.000,2014,9,19,919,5,"September","9/19/2014",201409,"9/1/2014","Friday","Week 38",38,13930628,1393,6,28,628,6,"شهریور","1393/06/28",13930628,"1393/06","جمعه","هفته 27",27,"جمعه 28 شهریور 1393",2,"تابستان",0,0,139306
20140920,2014-09-20 00:00:00.000,2014,9,20,920,6,"September","9/20/2014",201409,"9/1/2014","Saturday","Week 38",38,13930629,1393,6,29,629,0,"شهریور","1393/06/29",13930629,"1393/06","شنبه","هفته 28",28,"شنبه 29 شهریور 1393",2,"تابستان",0,0,139306
20140921,2014-09-21 00:00:00.000,2014,9,21,921,0,"September","9/21/2014",201409,"9/1/2014","Sunday","Week 39",39,13930630,1393,6,30,630,1,"شهریور","1393/06/30",13930630,"1393/06","یکشنبه","هفته 28",28,"یکشنبه 30 شهریور 1393",2,"تابستان",0,0,139306
20140922,2014-09-22 00:00:00.000,2014,9,22,922,1,"September","9/22/2014",201409,"9/1/2014","Monday","Week 39",39,13930631,1393,6,31,631,2,"شهریور","1393/06/31",13930631,"1393/06","دوشنبه","هفته 28",28,"دوشنبه 31 شهریور 1393",2,"تابستان",0,0,139306
20140923,2014-09-23 00:00:00.000,2014,9,23,923,2,"September","9/23/2014",201409,"9/1/2014","Tuesday","Week 39",39,13930701,1393,7,1,701,3,"مهر","1393/07/01",13930701,"1393/07","سه شنبه","هفته 28",28,"سه شنبه 1 مهر 1393",3,"پاییز",0,0,139307
20140924,2014-09-24 00:00:00.000,2014,9,24,924,3,"September","9/24/2014",201409,"9/1/2014","Wednesday","Week 39",39,13930702,1393,7,2,702,4,"مهر","1393/07/02",13930702,"1393/07","چهارشنبه","هفته 28",28,"چهارشنبه 2 مهر 1393",3,"پاییز",0,0,139307
20140925,2014-09-25 00:00:00.000,2014,9,25,925,4,"September","9/25/2014",201409,"9/1/2014","Thursday","Week 39",39,13930703,1393,7,3,703,5,"مهر","1393/07/03",13930703,"1393/07","پنج شنبه","هفته 28",28,"پنج شنبه 3 مهر 1393",3,"پاییز",0,0,139307
20140926,2014-09-26 00:00:00.000,2014,9,26,926,5,"September","9/26/2014",201409,"9/1/2014","Friday","Week 39",39,13930704,1393,7,4,704,6,"مهر","1393/07/04",13930704,"1393/07","جمعه","هفته 28",28,"جمعه 4 مهر 1393",3,"پاییز",0,0,139307
20140927,2014-09-27 00:00:00.000,2014,9,27,927,6,"September","9/27/2014",201409,"9/1/2014","Saturday","Week 39",39,13930705,1393,7,5,705,0,"مهر","1393/07/05",13930705,"1393/07","شنبه","هفته 29",29,"شنبه 5 مهر 1393",3,"پاییز",0,0,139307
20140928,2014-09-28 00:00:00.000,2014,9,28,928,0,"September","9/28/2014",201409,"9/1/2014","Sunday","Week 40",40,13930706,1393,7,6,706,1,"مهر","1393/07/06",13930706,"1393/07","یکشنبه","هفته 29",29,"یکشنبه 6 مهر 1393",3,"پاییز",0,0,139307
20140929,2014-09-29 00:00:00.000,2014,9,29,929,1,"September","9/29/2014",201409,"9/1/2014","Monday","Week 40",40,13930707,1393,7,7,707,2,"مهر","1393/07/07",13930707,"1393/07","دوشنبه","هفته 29",29,"دوشنبه 7 مهر 1393",3,"پاییز",0,0,139307
20140930,2014-09-30 00:00:00.000,2014,9,30,930,2,"September","9/30/2014",201409,"9/1/2014","Tuesday","Week 40",40,13930708,1393,7,8,708,3,"مهر","1393/07/08",13930708,"1393/07","سه شنبه","هفته 29",29,"سه شنبه 8 مهر 1393",3,"پاییز",0,0,139307
20141001,2014-10-01 00:00:00.000,2014,10,1,1001,3,"October","10/1/2014",201410,"10/1/2014","Wednesday","Week 40",40,13930709,1393,7,9,709,4,"مهر","1393/07/09",13930709,"1393/07","چهارشنبه","هفته 29",29,"چهارشنبه 9 مهر 1393",3,"پاییز",0,0,139307
20141002,2014-10-02 00:00:00.000,2014,10,2,1002,4,"October","10/2/2014",201410,"10/1/2014","Thursday","Week 40",40,13930710,1393,7,10,710,5,"مهر","1393/07/10",13930710,"1393/07","پنج شنبه","هفته 29",29,"پنج شنبه 10 مهر 1393",3,"پاییز",0,0,139307
20141003,2014-10-03 00:00:00.000,2014,10,3,1003,5,"October","10/3/2014",201410,"10/1/2014","Friday","Week 40",40,13930711,1393,7,11,711,6,"مهر","1393/07/11",13930711,"1393/07","جمعه","هفته 29",29,"جمعه 11 مهر 1393",3,"پاییز",0,0,139307
20141004,2014-10-04 00:00:00.000,2014,10,4,1004,6,"October","10/4/2014",201410,"10/1/2014","Saturday","Week 40",40,13930712,1393,7,12,712,0,"مهر","1393/07/12",13930712,"1393/07","شنبه","هفته 30",30,"شنبه 12 مهر 1393",3,"پاییز",0,0,139307
20141005,2014-10-05 00:00:00.000,2014,10,5,1005,0,"October","10/5/2014",201410,"10/1/2014","Sunday","Week 41",41,13930713,1393,7,13,713,1,"مهر","1393/07/13",13930713,"1393/07","یکشنبه","هفته 30",30,"یکشنبه 13 مهر 1393",3,"پاییز",0,0,139307
20141006,2014-10-06 00:00:00.000,2014,10,6,1006,1,"October","10/6/2014",201410,"10/1/2014","Monday","Week 41",41,13930714,1393,7,14,714,2,"مهر","1393/07/14",13930714,"1393/07","دوشنبه","هفته 30",30,"دوشنبه 14 مهر 1393",3,"پاییز",0,0,139307
20141007,2014-10-07 00:00:00.000,2014,10,7,1007,2,"October","10/7/2014",201410,"10/1/2014","Tuesday","Week 41",41,13930715,1393,7,15,715,3,"مهر","1393/07/15",13930715,"1393/07","سه شنبه","هفته 30",30,"سه شنبه 15 مهر 1393",3,"پاییز",0,0,139307
20141008,2014-10-08 00:00:00.000,2014,10,8,1008,3,"October","10/8/2014",201410,"10/1/2014","Wednesday","Week 41",41,13930716,1393,7,16,716,4,"مهر","1393/07/16",13930716,"1393/07","چهارشنبه","هفته 30",30,"چهارشنبه 16 مهر 1393",3,"پاییز",0,0,139307
20141009,2014-10-09 00:00:00.000,2014,10,9,1009,4,"October","10/9/2014",201410,"10/1/2014","Thursday","Week 41",41,13930717,1393,7,17,717,5,"مهر","1393/07/17",13930717,"1393/07","پنج شنبه","هفته 30",30,"پنج شنبه 17 مهر 1393",3,"پاییز",0,0,139307
20141010,2014-10-10 00:00:00.000,2014,10,10,1010,5,"October","10/10/2014",201410,"10/1/2014","Friday","Week 41",41,13930718,1393,7,18,718,6,"مهر","1393/07/18",13930718,"1393/07","جمعه","هفته 30",30,"جمعه 18 مهر 1393",3,"پاییز",0,0,139307
20141011,2014-10-11 00:00:00.000,2014,10,11,1011,6,"October","10/11/2014",201410,"10/1/2014","Saturday","Week 41",41,13930719,1393,7,19,719,0,"مهر","1393/07/19",13930719,"1393/07","شنبه","هفته 31",31,"شنبه 19 مهر 1393",3,"پاییز",0,0,139307
20141012,2014-10-12 00:00:00.000,2014,10,12,1012,0,"October","10/12/2014",201410,"10/1/2014","Sunday","Week 42",42,13930720,1393,7,20,720,1,"مهر","1393/07/20",13930720,"1393/07","یکشنبه","هفته 31",31,"یکشنبه 20 مهر 1393",3,"پاییز",0,0,139307
20141013,2014-10-13 00:00:00.000,2014,10,13,1013,1,"October","10/13/2014",201410,"10/1/2014","Monday","Week 42",42,13930721,1393,7,21,721,2,"مهر","1393/07/21",13930721,"1393/07","دوشنبه","هفته 31",31,"دوشنبه 21 مهر 1393",3,"پاییز",0,0,139307
20141014,2014-10-14 00:00:00.000,2014,10,14,1014,2,"October","10/14/2014",201410,"10/1/2014","Tuesday","Week 42",42,13930722,1393,7,22,722,3,"مهر","1393/07/22",13930722,"1393/07","سه شنبه","هفته 31",31,"سه شنبه 22 مهر 1393",3,"پاییز",0,0,139307
20141015,2014-10-15 00:00:00.000,2014,10,15,1015,3,"October","10/15/2014",201410,"10/1/2014","Wednesday","Week 42",42,13930723,1393,7,23,723,4,"مهر","1393/07/23",13930723,"1393/07","چهارشنبه","هفته 31",31,"چهارشنبه 23 مهر 1393",3,"پاییز",0,0,139307
20141016,2014-10-16 00:00:00.000,2014,10,16,1016,4,"October","10/16/2014",201410,"10/1/2014","Thursday","Week 42",42,13930724,1393,7,24,724,5,"مهر","1393/07/24",13930724,"1393/07","پنج شنبه","هفته 31",31,"پنج شنبه 24 مهر 1393",3,"پاییز",0,0,139307
20141017,2014-10-17 00:00:00.000,2014,10,17,1017,5,"October","10/17/2014",201410,"10/1/2014","Friday","Week 42",42,13930725,1393,7,25,725,6,"مهر","1393/07/25",13930725,"1393/07","جمعه","هفته 31",31,"جمعه 25 مهر 1393",3,"پاییز",0,0,139307
20141018,2014-10-18 00:00:00.000,2014,10,18,1018,6,"October","10/18/2014",201410,"10/1/2014","Saturday","Week 42",42,13930726,1393,7,26,726,0,"مهر","1393/07/26",13930726,"1393/07","شنبه","هفته 32",32,"شنبه 26 مهر 1393",3,"پاییز",0,0,139307
20141019,2014-10-19 00:00:00.000,2014,10,19,1019,0,"October","10/19/2014",201410,"10/1/2014","Sunday","Week 43",43,13930727,1393,7,27,727,1,"مهر","1393/07/27",13930727,"1393/07","یکشنبه","هفته 32",32,"یکشنبه 27 مهر 1393",3,"پاییز",0,0,139307
20141020,2014-10-20 00:00:00.000,2014,10,20,1020,1,"October","10/20/2014",201410,"10/1/2014","Monday","Week 43",43,13930728,1393,7,28,728,2,"مهر","1393/07/28",13930728,"1393/07","دوشنبه","هفته 32",32,"دوشنبه 28 مهر 1393",3,"پاییز",0,0,139307
20141021,2014-10-21 00:00:00.000,2014,10,21,1021,2,"October","10/21/2014",201410,"10/1/2014","Tuesday","Week 43",43,13930729,1393,7,29,729,3,"مهر","1393/07/29",13930729,"1393/07","سه شنبه","هفته 32",32,"سه شنبه 29 مهر 1393",3,"پاییز",0,0,139307
20141022,2014-10-22 00:00:00.000,2014,10,22,1022,3,"October","10/22/2014",201410,"10/1/2014","Wednesday","Week 43",43,13930730,1393,7,30,730,4,"مهر","1393/07/30",13930730,"1393/07","چهارشنبه","هفته 32",32,"چهارشنبه 30 مهر 1393",3,"پاییز",0,0,139307
20141023,2014-10-23 00:00:00.000,2014,10,23,1023,4,"October","10/23/2014",201410,"10/1/2014","Thursday","Week 43",43,13930801,1393,8,1,801,5,"آبان","1393/08/01",13930801,"1393/08","پنج شنبه","هفته 32",32,"پنج شنبه 1 آبان 1393",3,"پاییز",0,0,139308
20141024,2014-10-24 00:00:00.000,2014,10,24,1024,5,"October","10/24/2014",201410,"10/1/2014","Friday","Week 43",43,13930802,1393,8,2,802,6,"آبان","1393/08/02",13930802,"1393/08","جمعه","هفته 32",32,"جمعه 2 آبان 1393",3,"پاییز",0,0,139308
20141025,2014-10-25 00:00:00.000,2014,10,25,1025,6,"October","10/25/2014",201410,"10/1/2014","Saturday","Week 43",43,13930803,1393,8,3,803,0,"آبان","1393/08/03",13930803,"1393/08","شنبه","هفته 33",33,"شنبه 3 آبان 1393",3,"پاییز",0,0,139308
20141026,2014-10-26 00:00:00.000,2014,10,26,1026,0,"October","10/26/2014",201410,"10/1/2014","Sunday","Week 44",44,13930804,1393,8,4,804,1,"آبان","1393/08/04",13930804,"1393/08","یکشنبه","هفته 33",33,"یکشنبه 4 آبان 1393",3,"پاییز",0,0,139308
20141027,2014-10-27 00:00:00.000,2014,10,27,1027,1,"October","10/27/2014",201410,"10/1/2014","Monday","Week 44",44,13930805,1393,8,5,805,2,"آبان","1393/08/05",13930805,"1393/08","دوشنبه","هفته 33",33,"دوشنبه 5 آبان 1393",3,"پاییز",0,0,139308
20141028,2014-10-28 00:00:00.000,2014,10,28,1028,2,"October","10/28/2014",201410,"10/1/2014","Tuesday","Week 44",44,13930806,1393,8,6,806,3,"آبان","1393/08/06",13930806,"1393/08","سه شنبه","هفته 33",33,"سه شنبه 6 آبان 1393",3,"پاییز",0,0,139308
20141029,2014-10-29 00:00:00.000,2014,10,29,1029,3,"October","10/29/2014",201410,"10/1/2014","Wednesday","Week 44",44,13930807,1393,8,7,807,4,"آبان","1393/08/07",13930807,"1393/08","چهارشنبه","هفته 33",33,"چهارشنبه 7 آبان 1393",3,"پاییز",0,0,139308
20141030,2014-10-30 00:00:00.000,2014,10,30,1030,4,"October","10/30/2014",201410,"10/1/2014","Thursday","Week 44",44,13930808,1393,8,8,808,5,"آبان","1393/08/08",13930808,"1393/08","پنج شنبه","هفته 33",33,"پنج شنبه 8 آبان 1393",3,"پاییز",0,0,139308
20141031,2014-10-31 00:00:00.000,2014,10,31,1031,5,"October","10/31/2014",201410,"10/1/2014","Friday","Week 44",44,13930809,1393,8,9,809,6,"آبان","1393/08/09",13930809,"1393/08","جمعه","هفته 33",33,"جمعه 9 آبان 1393",3,"پاییز",0,0,139308
20141101,2014-11-01 00:00:00.000,2014,11,1,1101,6,"November","11/1/2014",201411,"11/1/2014","Saturday","Week 44",44,13930810,1393,8,10,810,0,"آبان","1393/08/10",13930810,"1393/08","شنبه","هفته 34",34,"شنبه 10 آبان 1393",3,"پاییز",0,0,139308
20141102,2014-11-02 00:00:00.000,2014,11,2,1102,0,"November","11/2/2014",201411,"11/1/2014","Sunday","Week 45",45,13930811,1393,8,11,811,1,"آبان","1393/08/11",13930811,"1393/08","یکشنبه","هفته 34",34,"یکشنبه 11 آبان 1393",3,"پاییز",0,0,139308
20141103,2014-11-03 00:00:00.000,2014,11,3,1103,1,"November","11/3/2014",201411,"11/1/2014","Monday","Week 45",45,13930812,1393,8,12,812,2,"آبان","1393/08/12",13930812,"1393/08","دوشنبه","هفته 34",34,"دوشنبه 12 آبان 1393",3,"پاییز",0,0,139308
20141104,2014-11-04 00:00:00.000,2014,11,4,1104,2,"November","11/4/2014",201411,"11/1/2014","Tuesday","Week 45",45,13930813,1393,8,13,813,3,"آبان","1393/08/13",13930813,"1393/08","سه شنبه","هفته 34",34,"سه شنبه 13 آبان 1393",3,"پاییز",0,0,139308
20141105,2014-11-05 00:00:00.000,2014,11,5,1105,3,"November","11/5/2014",201411,"11/1/2014","Wednesday","Week 45",45,13930814,1393,8,14,814,4,"آبان","1393/08/14",13930814,"1393/08","چهارشنبه","هفته 34",34,"چهارشنبه 14 آبان 1393",3,"پاییز",0,0,139308
20141106,2014-11-06 00:00:00.000,2014,11,6,1106,4,"November","11/6/2014",201411,"11/1/2014","Thursday","Week 45",45,13930815,1393,8,15,815,5,"آبان","1393/08/15",13930815,"1393/08","پنج شنبه","هفته 34",34,"پنج شنبه 15 آبان 1393",3,"پاییز",0,0,139308
20141107,2014-11-07 00:00:00.000,2014,11,7,1107,5,"November","11/7/2014",201411,"11/1/2014","Friday","Week 45",45,13930816,1393,8,16,816,6,"آبان","1393/08/16",13930816,"1393/08","جمعه","هفته 34",34,"جمعه 16 آبان 1393",3,"پاییز",0,0,139308
20141108,2014-11-08 00:00:00.000,2014,11,8,1108,6,"November","11/8/2014",201411,"11/1/2014","Saturday","Week 45",45,13930817,1393,8,17,817,0,"آبان","1393/08/17",13930817,"1393/08","شنبه","هفته 35",35,"شنبه 17 آبان 1393",3,"پاییز",0,0,139308
20141109,2014-11-09 00:00:00.000,2014,11,9,1109,0,"November","11/9/2014",201411,"11/1/2014","Sunday","Week 46",46,13930818,1393,8,18,818,1,"آبان","1393/08/18",13930818,"1393/08","یکشنبه","هفته 35",35,"یکشنبه 18 آبان 1393",3,"پاییز",0,0,139308
20141110,2014-11-10 00:00:00.000,2014,11,10,1110,1,"November","11/10/2014",201411,"11/1/2014","Monday","Week 46",46,13930819,1393,8,19,819,2,"آبان","1393/08/19",13930819,"1393/08","دوشنبه","هفته 35",35,"دوشنبه 19 آبان 1393",3,"پاییز",0,0,139308
20141111,2014-11-11 00:00:00.000,2014,11,11,1111,2,"November","11/11/2014",201411,"11/1/2014","Tuesday","Week 46",46,13930820,1393,8,20,820,3,"آبان","1393/08/20",13930820,"1393/08","سه شنبه","هفته 35",35,"سه شنبه 20 آبان 1393",3,"پاییز",0,0,139308
20141112,2014-11-12 00:00:00.000,2014,11,12,1112,3,"November","11/12/2014",201411,"11/1/2014","Wednesday","Week 46",46,13930821,1393,8,21,821,4,"آبان","1393/08/21",13930821,"1393/08","چهارشنبه","هفته 35",35,"چهارشنبه 21 آبان 1393",3,"پاییز",0,0,139308
20141113,2014-11-13 00:00:00.000,2014,11,13,1113,4,"November","11/13/2014",201411,"11/1/2014","Thursday","Week 46",46,13930822,1393,8,22,822,5,"آبان","1393/08/22",13930822,"1393/08","پنج شنبه","هفته 35",35,"پنج شنبه 22 آبان 1393",3,"پاییز",0,0,139308
20141114,2014-11-14 00:00:00.000,2014,11,14,1114,5,"November","11/14/2014",201411,"11/1/2014","Friday","Week 46",46,13930823,1393,8,23,823,6,"آبان","1393/08/23",13930823,"1393/08","جمعه","هفته 35",35,"جمعه 23 آبان 1393",3,"پاییز",0,0,139308
20141115,2014-11-15 00:00:00.000,2014,11,15,1115,6,"November","11/15/2014",201411,"11/1/2014","Saturday","Week 46",46,13930824,1393,8,24,824,0,"آبان","1393/08/24",13930824,"1393/08","شنبه","هفته 36",36,"شنبه 24 آبان 1393",3,"پاییز",0,0,139308
20141116,2014-11-16 00:00:00.000,2014,11,16,1116,0,"November","11/16/2014",201411,"11/1/2014","Sunday","Week 47",47,13930825,1393,8,25,825,1,"آبان","1393/08/25",13930825,"1393/08","یکشنبه","هفته 36",36,"یکشنبه 25 آبان 1393",3,"پاییز",0,0,139308
20141117,2014-11-17 00:00:00.000,2014,11,17,1117,1,"November","11/17/2014",201411,"11/1/2014","Monday","Week 47",47,13930826,1393,8,26,826,2,"آبان","1393/08/26",13930826,"1393/08","دوشنبه","هفته 36",36,"دوشنبه 26 آبان 1393",3,"پاییز",0,0,139308
20141118,2014-11-18 00:00:00.000,2014,11,18,1118,2,"November","11/18/2014",201411,"11/1/2014","Tuesday","Week 47",47,13930827,1393,8,27,827,3,"آبان","1393/08/27",13930827,"1393/08","سه شنبه","هفته 36",36,"سه شنبه 27 آبان 1393",3,"پاییز",0,0,139308
20141119,2014-11-19 00:00:00.000,2014,11,19,1119,3,"November","11/19/2014",201411,"11/1/2014","Wednesday","Week 47",47,13930828,1393,8,28,828,4,"آبان","1393/08/28",13930828,"1393/08","چهارشنبه","هفته 36",36,"چهارشنبه 28 آبان 1393",3,"پاییز",0,0,139308
20141120,2014-11-20 00:00:00.000,2014,11,20,1120,4,"November","11/20/2014",201411,"11/1/2014","Thursday","Week 47",47,13930829,1393,8,29,829,5,"آبان","1393/08/29",13930829,"1393/08","پنج شنبه","هفته 36",36,"پنج شنبه 29 آبان 1393",3,"پاییز",0,0,139308
20141121,2014-11-21 00:00:00.000,2014,11,21,1121,5,"November","11/21/2014",201411,"11/1/2014","Friday","Week 47",47,13930830,1393,8,30,830,6,"آبان","1393/08/30",13930830,"1393/08","جمعه","هفته 36",36,"جمعه 30 آبان 1393",3,"پاییز",0,0,139308
20141122,2014-11-22 00:00:00.000,2014,11,22,1122,6,"November","11/22/2014",201411,"11/1/2014","Saturday","Week 47",47,13930901,1393,9,1,901,0,"آذر","1393/09/01",13930901,"1393/09","شنبه","هفته 37",37,"شنبه 1 آذر 1393",3,"پاییز",0,0,139309
20141123,2014-11-23 00:00:00.000,2014,11,23,1123,0,"November","11/23/2014",201411,"11/1/2014","Sunday","Week 48",48,13930902,1393,9,2,902,1,"آذر","1393/09/02",13930902,"1393/09","یکشنبه","هفته 37",37,"یکشنبه 2 آذر 1393",3,"پاییز",0,0,139309
20141124,2014-11-24 00:00:00.000,2014,11,24,1124,1,"November","11/24/2014",201411,"11/1/2014","Monday","Week 48",48,13930903,1393,9,3,903,2,"آذر","1393/09/03",13930903,"1393/09","دوشنبه","هفته 37",37,"دوشنبه 3 آذر 1393",3,"پاییز",0,0,139309
20141125,2014-11-25 00:00:00.000,2014,11,25,1125,2,"November","11/25/2014",201411,"11/1/2014","Tuesday","Week 48",48,13930904,1393,9,4,904,3,"آذر","1393/09/04",13930904,"1393/09","سه شنبه","هفته 37",37,"سه شنبه 4 آذر 1393",3,"پاییز",0,0,139309
20141126,2014-11-26 00:00:00.000,2014,11,26,1126,3,"November","11/26/2014",201411,"11/1/2014","Wednesday","Week 48",48,13930905,1393,9,5,905,4,"آذر","1393/09/05",13930905,"1393/09","چهارشنبه","هفته 37",37,"چهارشنبه 5 آذر 1393",3,"پاییز",0,0,139309
20141127,2014-11-27 00:00:00.000,2014,11,27,1127,4,"November","11/27/2014",201411,"11/1/2014","Thursday","Week 48",48,13930906,1393,9,6,906,5,"آذر","1393/09/06",13930906,"1393/09","پنج شنبه","هفته 37",37,"پنج شنبه 6 آذر 1393",3,"پاییز",0,0,139309
20141128,2014-11-28 00:00:00.000,2014,11,28,1128,5,"November","11/28/2014",201411,"11/1/2014","Friday","Week 48",48,13930907,1393,9,7,907,6,"آذر","1393/09/07",13930907,"1393/09","جمعه","هفته 37",37,"جمعه 7 آذر 1393",3,"پاییز",0,0,139309
20141129,2014-11-29 00:00:00.000,2014,11,29,1129,6,"November","11/29/2014",201411,"11/1/2014","Saturday","Week 48",48,13930908,1393,9,8,908,0,"آذر","1393/09/08",13930908,"1393/09","شنبه","هفته 38",38,"شنبه 8 آذر 1393",3,"پاییز",0,0,139309
20141130,2014-11-30 00:00:00.000,2014,11,30,1130,0,"November","11/30/2014",201411,"11/1/2014","Sunday","Week 49",49,13930909,1393,9,9,909,1,"آذر","1393/09/09",13930909,"1393/09","یکشنبه","هفته 38",38,"یکشنبه 9 آذر 1393",3,"پاییز",0,0,139309
20141201,2014-12-01 00:00:00.000,2014,12,1,1201,1,"December","12/1/2014",201412,"12/1/2014","Monday","Week 49",49,13930910,1393,9,10,910,2,"آذر","1393/09/10",13930910,"1393/09","دوشنبه","هفته 38",38,"دوشنبه 10 آذر 1393",3,"پاییز",0,0,139309
20141202,2014-12-02 00:00:00.000,2014,12,2,1202,2,"December","12/2/2014",201412,"12/1/2014","Tuesday","Week 49",49,13930911,1393,9,11,911,3,"آذر","1393/09/11",13930911,"1393/09","سه شنبه","هفته 38",38,"سه شنبه 11 آذر 1393",3,"پاییز",0,0,139309
20141203,2014-12-03 00:00:00.000,2014,12,3,1203,3,"December","12/3/2014",201412,"12/1/2014","Wednesday","Week 49",49,13930912,1393,9,12,912,4,"آذر","1393/09/12",13930912,"1393/09","چهارشنبه","هفته 38",38,"چهارشنبه 12 آذر 1393",3,"پاییز",0,0,139309
20141204,2014-12-04 00:00:00.000,2014,12,4,1204,4,"December","12/4/2014",201412,"12/1/2014","Thursday","Week 49",49,13930913,1393,9,13,913,5,"آذر","1393/09/13",13930913,"1393/09","پنج شنبه","هفته 38",38,"پنج شنبه 13 آذر 1393",3,"پاییز",0,0,139309
20141205,2014-12-05 00:00:00.000,2014,12,5,1205,5,"December","12/5/2014",201412,"12/1/2014","Friday","Week 49",49,13930914,1393,9,14,914,6,"آذر","1393/09/14",13930914,"1393/09","جمعه","هفته 38",38,"جمعه 14 آذر 1393",3,"پاییز",0,0,139309
20141206,2014-12-06 00:00:00.000,2014,12,6,1206,6,"December","12/6/2014",201412,"12/1/2014","Saturday","Week 49",49,13930915,1393,9,15,915,0,"آذر","1393/09/15",13930915,"1393/09","شنبه","هفته 39",39,"شنبه 15 آذر 1393",3,"پاییز",0,0,139309
20141207,2014-12-07 00:00:00.000,2014,12,7,1207,0,"December","12/7/2014",201412,"12/1/2014","Sunday","Week 50",50,13930916,1393,9,16,916,1,"آذر","1393/09/16",13930916,"1393/09","یکشنبه","هفته 39",39,"یکشنبه 16 آذر 1393",3,"پاییز",0,0,139309
20141208,2014-12-08 00:00:00.000,2014,12,8,1208,1,"December","12/8/2014",201412,"12/1/2014","Monday","Week 50",50,13930917,1393,9,17,917,2,"آذر","1393/09/17",13930917,"1393/09","دوشنبه","هفته 39",39,"دوشنبه 17 آذر 1393",3,"پاییز",0,0,139309
20141209,2014-12-09 00:00:00.000,2014,12,9,1209,2,"December","12/9/2014",201412,"12/1/2014","Tuesday","Week 50",50,13930918,1393,9,18,918,3,"آذر","1393/09/18",13930918,"1393/09","سه شنبه","هفته 39",39,"سه شنبه 18 آذر 1393",3,"پاییز",0,0,139309
20141210,2014-12-10 00:00:00.000,2014,12,10,1210,3,"December","12/10/2014",201412,"12/1/2014","Wednesday","Week 50",50,13930919,1393,9,19,919,4,"آذر","1393/09/19",13930919,"1393/09","چهارشنبه","هفته 39",39,"چهارشنبه 19 آذر 1393",3,"پاییز",0,0,139309
20141211,2014-12-11 00:00:00.000,2014,12,11,1211,4,"December","12/11/2014",201412,"12/1/2014","Thursday","Week 50",50,13930920,1393,9,20,920,5,"آذر","1393/09/20",13930920,"1393/09","پنج شنبه","هفته 39",39,"پنج شنبه 20 آذر 1393",3,"پاییز",0,0,139309
20141212,2014-12-12 00:00:00.000,2014,12,12,1212,5,"December","12/12/2014",201412,"12/1/2014","Friday","Week 50",50,13930921,1393,9,21,921,6,"آذر","1393/09/21",13930921,"1393/09","جمعه","هفته 39",39,"جمعه 21 آذر 1393",3,"پاییز",0,0,139309
20141213,2014-12-13 00:00:00.000,2014,12,13,1213,6,"December","12/13/2014",201412,"12/1/2014","Saturday","Week 50",50,13930922,1393,9,22,922,0,"آذر","1393/09/22",13930922,"1393/09","شنبه","هفته 40",40,"شنبه 22 آذر 1393",3,"پاییز",0,0,139309
20141214,2014-12-14 00:00:00.000,2014,12,14,1214,0,"December","12/14/2014",201412,"12/1/2014","Sunday","Week 51",51,13930923,1393,9,23,923,1,"آذر","1393/09/23",13930923,"1393/09","یکشنبه","هفته 40",40,"یکشنبه 23 آذر 1393",3,"پاییز",0,0,139309
20141215,2014-12-15 00:00:00.000,2014,12,15,1215,1,"December","12/15/2014",201412,"12/1/2014","Monday","Week 51",51,13930924,1393,9,24,924,2,"آذر","1393/09/24",13930924,"1393/09","دوشنبه","هفته 40",40,"دوشنبه 24 آذر 1393",3,"پاییز",0,0,139309
20141216,2014-12-16 00:00:00.000,2014,12,16,1216,2,"December","12/16/2014",201412,"12/1/2014","Tuesday","Week 51",51,13930925,1393,9,25,925,3,"آذر","1393/09/25",13930925,"1393/09","سه شنبه","هفته 40",40,"سه شنبه 25 آذر 1393",3,"پاییز",0,0,139309
20141217,2014-12-17 00:00:00.000,2014,12,17,1217,3,"December","12/17/2014",201412,"12/1/2014","Wednesday","Week 51",51,13930926,1393,9,26,926,4,"آذر","1393/09/26",13930926,"1393/09","چهارشنبه","هفته 40",40,"چهارشنبه 26 آذر 1393",3,"پاییز",0,0,139309
20141218,2014-12-18 00:00:00.000,2014,12,18,1218,4,"December","12/18/2014",201412,"12/1/2014","Thursday","Week 51",51,13930927,1393,9,27,927,5,"آذر","1393/09/27",13930927,"1393/09","پنج شنبه","هفته 40",40,"پنج شنبه 27 آذر 1393",3,"پاییز",0,0,139309
20141219,2014-12-19 00:00:00.000,2014,12,19,1219,5,"December","12/19/2014",201412,"12/1/2014","Friday","Week 51",51,13930928,1393,9,28,928,6,"آذر","1393/09/28",13930928,"1393/09","جمعه","هفته 40",40,"جمعه 28 آذر 1393",3,"پاییز",0,0,139309
20141220,2014-12-20 00:00:00.000,2014,12,20,1220,6,"December","12/20/2014",201412,"12/1/2014","Saturday","Week 51",51,13930929,1393,9,29,929,0,"آذر","1393/09/29",13930929,"1393/09","شنبه","هفته 41",41,"شنبه 29 آذر 1393",3,"پاییز",0,0,139309
20141221,2014-12-21 00:00:00.000,2014,12,21,1221,0,"December","12/21/2014",201412,"12/1/2014","Sunday","Week 52",52,13930930,1393,9,30,930,1,"آذر","1393/09/30",13930930,"1393/09","یکشنبه","هفته 41",41,"یکشنبه 30 آذر 1393",3,"پاییز",0,0,139309
20141222,2014-12-22 00:00:00.000,2014,12,22,1222,1,"December","12/22/2014",201412,"12/1/2014","Monday","Week 52",52,13931001,1393,10,1,1001,2,"دی","1393/10/01",13931001,"1393/10","دوشنبه","هفته 41",41,"دوشنبه 1 دی 1393",4,"زمستان",0,0,139310
20141223,2014-12-23 00:00:00.000,2014,12,23,1223,2,"December","12/23/2014",201412,"12/1/2014","Tuesday","Week 52",52,13931002,1393,10,2,1002,3,"دی","1393/10/02",13931002,"1393/10","سه شنبه","هفته 41",41,"سه شنبه 2 دی 1393",4,"زمستان",0,0,139310
20141224,2014-12-24 00:00:00.000,2014,12,24,1224,3,"December","12/24/2014",201412,"12/1/2014","Wednesday","Week 52",52,13931003,1393,10,3,1003,4,"دی","1393/10/03",13931003,"1393/10","چهارشنبه","هفته 41",41,"چهارشنبه 3 دی 1393",4,"زمستان",0,0,139310
20141225,2014-12-25 00:00:00.000,2014,12,25,1225,4,"December","12/25/2014",201412,"12/1/2014","Thursday","Week 52",52,13931004,1393,10,4,1004,5,"دی","1393/10/04",13931004,"1393/10","پنج شنبه","هفته 41",41,"پنج شنبه 4 دی 1393",4,"زمستان",0,0,139310
20141226,2014-12-26 00:00:00.000,2014,12,26,1226,5,"December","12/26/2014",201412,"12/1/2014","Friday","Week 52",52,13931005,1393,10,5,1005,6,"دی","1393/10/05",13931005,"1393/10","جمعه","هفته 41",41,"جمعه 5 دی 1393",4,"زمستان",0,0,139310
20141227,2014-12-27 00:00:00.000,2014,12,27,1227,6,"December","12/27/2014",201412,"12/1/2014","Saturday","Week 52",52,13931006,1393,10,6,1006,0,"دی","1393/10/06",13931006,"1393/10","شنبه","هفته 42",42,"شنبه 6 دی 1393",4,"زمستان",0,0,139310
20141228,2014-12-28 00:00:00.000,2014,12,28,1228,0,"December","12/28/2014",201412,"12/1/2014","Sunday","Week 53",53,13931007,1393,10,7,1007,1,"دی","1393/10/07",13931007,"1393/10","یکشنبه","هفته 42",42,"یکشنبه 7 دی 1393",4,"زمستان",0,0,139310
20141229,2014-12-29 00:00:00.000,2014,12,29,1229,1,"December","12/29/2014",201412,"12/1/2014","Monday","Week 53",53,13931008,1393,10,8,1008,2,"دی","1393/10/08",13931008,"1393/10","دوشنبه","هفته 42",42,"دوشنبه 8 دی 1393",4,"زمستان",0,0,139310
20141230,2014-12-30 00:00:00.000,2014,12,30,1230,2,"December","12/30/2014",201412,"12/1/2014","Tuesday","Week 53",53,13931009,1393,10,9,1009,3,"دی","1393/10/09",13931009,"1393/10","سه شنبه","هفته 42",42,"سه شنبه 9 دی 1393",4,"زمستان",0,0,139310
20141231,2014-12-31 00:00:00.000,2014,12,31,1231,3,"December","12/31/2014",201412,"12/1/2014","Wednesday","Week 53",53,13931010,1393,10,10,1010,4,"دی","1393/10/10",13931010,"1393/10","چهارشنبه","هفته 42",42,"چهارشنبه 10 دی 1393",4,"زمستان",0,0,139310
20140101,2014-01-01 00:00:00.000,2014,1,1,101,3,"January","1/1/2014",201401,"1/1/2014","Wednesday","Week 1",1,13921011,1392,10,11,1011,4,"دی","1392/10/11",13921011,"1392/10","چهارشنبه","هفته 42",42,"چهارشنبه 11 دی 1392",4,"زمستان",0,0,139210
20140102,2014-01-02 00:00:00.000,2014,1,2,102,4,"January","1/2/2014",201401,"1/1/2014","Thursday","Week 1",1,13921012,1392,10,12,1012,5,"دی","1392/10/12",13921012,"1392/10","پنج شنبه","هفته 42",42,"پنج شنبه 12 دی 1392",4,"زمستان",0,0,139210
20140103,2014-01-03 00:00:00.000,2014,1,3,103,5,"January","1/3/2014",201401,"1/1/2014","Friday","Week 1",1,13921013,1392,10,13,1013,6,"دی","1392/10/13",13921013,"1392/10","جمعه","هفته 42",42,"جمعه 13 دی 1392",4,"زمستان",0,0,139210
20140104,2014-01-04 00:00:00.000,2014,1,4,104,6,"January","1/4/2014",201401,"1/1/2014","Saturday","Week 1",1,13921014,1392,10,14,1014,0,"دی","1392/10/14",13921014,"1392/10","شنبه","هفته 43",43,"شنبه 14 دی 1392",4,"زمستان",0,0,139210
20140105,2014-01-05 00:00:00.000,2014,1,5,105,0,"January","1/5/2014",201401,"1/1/2014","Sunday","Week 2",2,13921015,1392,10,15,1015,1,"دی","1392/10/15",13921015,"1392/10","یکشنبه","هفته 43",43,"یکشنبه 15 دی 1392",4,"زمستان",0,0,139210
20140106,2014-01-06 00:00:00.000,2014,1,6,106,1,"January","1/6/2014",201401,"1/1/2014","Monday","Week 2",2,13921016,1392,10,16,1016,2,"دی","1392/10/16",13921016,"1392/10","دوشنبه","هفته 43",43,"دوشنبه 16 دی 1392",4,"زمستان",0,0,139210
20140107,2014-01-07 00:00:00.000,2014,1,7,107,2,"January","1/7/2014",201401,"1/1/2014","Tuesday","Week 2",2,13921017,1392,10,17,1017,3,"دی","1392/10/17",13921017,"1392/10","سه شنبه","هفته 43",43,"سه شنبه 17 دی 1392",4,"زمستان",0,0,139210
20140108,2014-01-08 00:00:00.000,2014,1,8,108,3,"January","1/8/2014",201401,"1/1/2014","Wednesday","Week 2",2,13921018,1392,10,18,1018,4,"دی","1392/10/18",13921018,"1392/10","چهارشنبه","هفته 43",43,"چهارشنبه 18 دی 1392",4,"زمستان",0,0,139210
20140109,2014-01-09 00:00:00.000,2014,1,9,109,4,"January","1/9/2014",201401,"1/1/2014","Thursday","Week 2",2,13921019,1392,10,19,1019,5,"دی","1392/10/19",13921019,"1392/10","پنج شنبه","هفته 43",43,"پنج شنبه 19 دی 1392",4,"زمستان",0,0,139210
20140110,2014-01-10 00:00:00.000,2014,1,10,110,5,"January","1/10/2014",201401,"1/1/2014","Friday","Week 2",2,13921020,1392,10,20,1020,6,"دی","1392/10/20",13921020,"1392/10","جمعه","هفته 43",43,"جمعه 20 دی 1392",4,"زمستان",0,0,139210
20140111,2014-01-11 00:00:00.000,2014,1,11,111,6,"January","1/11/2014",201401,"1/1/2014","Saturday","Week 2",2,13921021,1392,10,21,1021,0,"دی","1392/10/21",13921021,"1392/10","شنبه","هفته 44",44,"شنبه 21 دی 1392",4,"زمستان",0,0,139210
20140112,2014-01-12 00:00:00.000,2014,1,12,112,0,"January","1/12/2014",201401,"1/1/2014","Sunday","Week 3",3,13921022,1392,10,22,1022,1,"دی","1392/10/22",13921022,"1392/10","یکشنبه","هفته 44",44,"یکشنبه 22 دی 1392",4,"زمستان",0,0,139210
20140113,2014-01-13 00:00:00.000,2014,1,13,113,1,"January","1/13/2014",201401,"1/1/2014","Monday","Week 3",3,13921023,1392,10,23,1023,2,"دی","1392/10/23",13921023,"1392/10","دوشنبه","هفته 44",44,"دوشنبه 23 دی 1392",4,"زمستان",0,0,139210
20140114,2014-01-14 00:00:00.000,2014,1,14,114,2,"January","1/14/2014",201401,"1/1/2014","Tuesday","Week 3",3,13921024,1392,10,24,1024,3,"دی","1392/10/24",13921024,"1392/10","سه شنبه","هفته 44",44,"سه شنبه 24 دی 1392",4,"زمستان",0,0,139210
20140115,2014-01-15 00:00:00.000,2014,1,15,115,3,"January","1/15/2014",201401,"1/1/2014","Wednesday","Week 3",3,13921025,1392,10,25,1025,4,"دی","1392/10/25",13921025,"1392/10","چهارشنبه","هفته 44",44,"چهارشنبه 25 دی 1392",4,"زمستان",0,0,139210
20140116,2014-01-16 00:00:00.000,2014,1,16,116,4,"January","1/16/2014",201401,"1/1/2014","Thursday","Week 3",3,13921026,1392,10,26,1026,5,"دی","1392/10/26",13921026,"1392/10","پنج شنبه","هفته 44",44,"پنج شنبه 26 دی 1392",4,"زمستان",0,0,139210
20140117,2014-01-17 00:00:00.000,2014,1,17,117,5,"January","1/17/2014",201401,"1/1/2014","Friday","Week 3",3,13921027,1392,10,27,1027,6,"دی","1392/10/27",13921027,"1392/10","جمعه","هفته 44",44,"جمعه 27 دی 1392",4,"زمستان",0,0,139210
20140118,2014-01-18 00:00:00.000,2014,1,18,118,6,"January","1/18/2014",201401,"1/1/2014","Saturday","Week 3",3,13921028,1392,10,28,1028,0,"دی","1392/10/28",13921028,"1392/10","شنبه","هفته 45",45,"شنبه 28 دی 1392",4,"زمستان",0,0,139210
20140119,2014-01-19 00:00:00.000,2014,1,19,119,0,"January","1/19/2014",201401,"1/1/2014","Sunday","Week 4",4,13921029,1392,10,29,1029,1,"دی","1392/10/29",13921029,"1392/10","یکشنبه","هفته 45",45,"یکشنبه 29 دی 1392",4,"زمستان",0,0,139210
20140120,2014-01-20 00:00:00.000,2014,1,20,120,1,"January","1/20/2014",201401,"1/1/2014","Monday","Week 4",4,13921030,1392,10,30,1030,2,"دی","1392/10/30",13921030,"1392/10","دوشنبه","هفته 45",45,"دوشنبه 30 دی 1392",4,"زمستان",0,0,139210
20140121,2014-01-21 00:00:00.000,2014,1,21,121,2,"January","1/21/2014",201401,"1/1/2014","Tuesday","Week 4",4,13921101,1392,11,1,1101,3,"بهمن","1392/11/01",13921101,"1392/11","سه شنبه","هفته 45",45,"سه شنبه 1 بهمن 1392",4,"زمستان",0,0,139211
20140122,2014-01-22 00:00:00.000,2014,1,22,122,3,"January","1/22/2014",201401,"1/1/2014","Wednesday","Week 4",4,13921102,1392,11,2,1102,4,"بهمن","1392/11/02",13921102,"1392/11","چهارشنبه","هفته 45",45,"چهارشنبه 2 بهمن 1392",4,"زمستان",0,0,139211
20140123,2014-01-23 00:00:00.000,2014,1,23,123,4,"January","1/23/2014",201401,"1/1/2014","Thursday","Week 4",4,13921103,1392,11,3,1103,5,"بهمن","1392/11/03",13921103,"1392/11","پنج شنبه","هفته 45",45,"پنج شنبه 3 بهمن 1392",4,"زمستان",0,0,139211
20140124,2014-01-24 00:00:00.000,2014,1,24,124,5,"January","1/24/2014",201401,"1/1/2014","Friday","Week 4",4,13921104,1392,11,4,1104,6,"بهمن","1392/11/04",13921104,"1392/11","جمعه","هفته 45",45,"جمعه 4 بهمن 1392",4,"زمستان",0,0,139211
20140125,2014-01-25 00:00:00.000,2014,1,25,125,6,"January","1/25/2014",201401,"1/1/2014","Saturday","Week 4",4,13921105,1392,11,5,1105,0,"بهمن","1392/11/05",13921105,"1392/11","شنبه","هفته 46",46,"شنبه 5 بهمن 1392",4,"زمستان",0,0,139211
20140126,2014-01-26 00:00:00.000,2014,1,26,126,0,"January","1/26/2014",201401,"1/1/2014","Sunday","Week 5",5,13921106,1392,11,6,1106,1,"بهمن","1392/11/06",13921106,"1392/11","یکشنبه","هفته 46",46,"یکشنبه 6 بهمن 1392",4,"زمستان",0,0,139211
20140127,2014-01-27 00:00:00.000,2014,1,27,127,1,"January","1/27/2014",201401,"1/1/2014","Monday","Week 5",5,13921107,1392,11,7,1107,2,"بهمن","1392/11/07",13921107,"1392/11","دوشنبه","هفته 46",46,"دوشنبه 7 بهمن 1392",4,"زمستان",0,0,139211
20140128,2014-01-28 00:00:00.000,2014,1,28,128,2,"January","1/28/2014",201401,"1/1/2014","Tuesday","Week 5",5,13921108,1392,11,8,1108,3,"بهمن","1392/11/08",13921108,"1392/11","سه شنبه","هفته 46",46,"سه شنبه 8 بهمن 1392",4,"زمستان",0,0,139211
20140129,2014-01-29 00:00:00.000,2014,1,29,129,3,"January","1/29/2014",201401,"1/1/2014","Wednesday","Week 5",5,13921109,1392,11,9,1109,4,"بهمن","1392/11/09",13921109,"1392/11","چهارشنبه","هفته 46",46,"چهارشنبه 9 بهمن 1392",4,"زمستان",0,0,139211
20140130,2014-01-30 00:00:00.000,2014,1,30,130,4,"January","1/30/2014",201401,"1/1/2014","Thursday","Week 5",5,13921110,1392,11,10,1110,5,"بهمن","1392/11/10",13921110,"1392/11","پنج شنبه","هفته 46",46,"پنج شنبه 10 بهمن 1392",4,"زمستان",0,0,139211
20140131,2014-01-31 00:00:00.000,2014,1,31,131,5,"January","1/31/2014",201401,"1/1/2014","Friday","Week 5",5,13921111,1392,11,11,1111,6,"بهمن","1392/11/11",13921111,"1392/11","جمعه","هفته 46",46,"جمعه 11 بهمن 1392",4,"زمستان",0,0,139211
20140201,2014-02-01 00:00:00.000,2014,2,1,201,6,"February","2/1/2014",201402,"2/1/2014","Saturday","Week 5",5,13921112,1392,11,12,1112,0,"بهمن","1392/11/12",13921112,"1392/11","شنبه","هفته 47",47,"شنبه 12 بهمن 1392",4,"زمستان",0,0,139211
20140202,2014-02-02 00:00:00.000,2014,2,2,202,0,"February","2/2/2014",201402,"2/1/2014","Sunday","Week 6",6,13921113,1392,11,13,1113,1,"بهمن","1392/11/13",13921113,"1392/11","یکشنبه","هفته 47",47,"یکشنبه 13 بهمن 1392",4,"زمستان",0,0,139211
20140203,2014-02-03 00:00:00.000,2014,2,3,203,1,"February","2/3/2014",201402,"2/1/2014","Monday","Week 6",6,13921114,1392,11,14,1114,2,"بهمن","1392/11/14",13921114,"1392/11","دوشنبه","هفته 47",47,"دوشنبه 14 بهمن 1392",4,"زمستان",0,0,139211
20140204,2014-02-04 00:00:00.000,2014,2,4,204,2,"February","2/4/2014",201402,"2/1/2014","Tuesday","Week 6",6,13921115,1392,11,15,1115,3,"بهمن","1392/11/15",13921115,"1392/11","سه شنبه","هفته 47",47,"سه شنبه 15 بهمن 1392",4,"زمستان",0,0,139211
20140205,2014-02-05 00:00:00.000,2014,2,5,205,3,"February","2/5/2014",201402,"2/1/2014","Wednesday","Week 6",6,13921116,1392,11,16,1116,4,"بهمن","1392/11/16",13921116,"1392/11","چهارشنبه","هفته 47",47,"چهارشنبه 16 بهمن 1392",4,"زمستان",0,0,139211
20140206,2014-02-06 00:00:00.000,2014,2,6,206,4,"February","2/6/2014",201402,"2/1/2014","Thursday","Week 6",6,13921117,1392,11,17,1117,5,"بهمن","1392/11/17",13921117,"1392/11","پنج شنبه","هفته 47",47,"پنج شنبه 17 بهمن 1392",4,"زمستان",0,0,139211
20140207,2014-02-07 00:00:00.000,2014,2,7,207,5,"February","2/7/2014",201402,"2/1/2014","Friday","Week 6",6,13921118,1392,11,18,1118,6,"بهمن","1392/11/18",13921118,"1392/11","جمعه","هفته 47",47,"جمعه 18 بهمن 1392",4,"زمستان",0,0,139211
20140208,2014-02-08 00:00:00.000,2014,2,8,208,6,"February","2/8/2014",201402,"2/1/2014","Saturday","Week 6",6,13921119,1392,11,19,1119,0,"بهمن","1392/11/19",13921119,"1392/11","شنبه","هفته 48",48,"شنبه 19 بهمن 1392",4,"زمستان",0,0,139211
20140209,2014-02-09 00:00:00.000,2014,2,9,209,0,"February","2/9/2014",201402,"2/1/2014","Sunday","Week 7",7,13921120,1392,11,20,1120,1,"بهمن","1392/11/20",13921120,"1392/11","یکشنبه","هفته 48",48,"یکشنبه 20 بهمن 1392",4,"زمستان",0,0,139211
20140210,2014-02-10 00:00:00.000,2014,2,10,210,1,"February","2/10/2014",201402,"2/1/2014","Monday","Week 7",7,13921121,1392,11,21,1121,2,"بهمن","1392/11/21",13921121,"1392/11","دوشنبه","هفته 48",48,"دوشنبه 21 بهمن 1392",4,"زمستان",0,0,139211
20140211,2014-02-11 00:00:00.000,2014,2,11,211,2,"February","2/11/2014",201402,"2/1/2014","Tuesday","Week 7",7,13921122,1392,11,22,1122,3,"بهمن","1392/11/22",13921122,"1392/11","سه شنبه","هفته 48",48,"سه شنبه 22 بهمن 1392",4,"زمستان",0,0,139211
20140212,2014-02-12 00:00:00.000,2014,2,12,212,3,"February","2/12/2014",201402,"2/1/2014","Wednesday","Week 7",7,13921123,1392,11,23,1123,4,"بهمن","1392/11/23",13921123,"1392/11","چهارشنبه","هفته 48",48,"چهارشنبه 23 بهمن 1392",4,"زمستان",0,0,139211
20140213,2014-02-13 00:00:00.000,2014,2,13,213,4,"February","2/13/2014",201402,"2/1/2014","Thursday","Week 7",7,13921124,1392,11,24,1124,5,"بهمن","1392/11/24",13921124,"1392/11","پنج شنبه","هفته 48",48,"پنج شنبه 24 بهمن 1392",4,"زمستان",0,0,139211
20140214,2014-02-14 00:00:00.000,2014,2,14,214,5,"February","2/14/2014",201402,"2/1/2014","Friday","Week 7",7,13921125,1392,11,25,1125,6,"بهمن","1392/11/25",13921125,"1392/11","جمعه","هفته 48",48,"جمعه 25 بهمن 1392",4,"زمستان",0,0,139211
20140215,2014-02-15 00:00:00.000,2014,2,15,215,6,"February","2/15/2014",201402,"2/1/2014","Saturday","Week 7",7,13921126,1392,11,26,1126,0,"بهمن","1392/11/26",13921126,"1392/11","شنبه","هفته 49",49,"شنبه 26 بهمن 1392",4,"زمستان",0,0,139211
20140216,2014-02-16 00:00:00.000,2014,2,16,216,0,"February","2/16/2014",201402,"2/1/2014","Sunday","Week 8",8,13921127,1392,11,27,1127,1,"بهمن","1392/11/27",13921127,"1392/11","یکشنبه","هفته 49",49,"یکشنبه 27 بهمن 1392",4,"زمستان",0,0,139211
20140217,2014-02-17 00:00:00.000,2014,2,17,217,1,"February","2/17/2014",201402,"2/1/2014","Monday","Week 8",8,13921128,1392,11,28,1128,2,"بهمن","1392/11/28",13921128,"1392/11","دوشنبه","هفته 49",49,"دوشنبه 28 بهمن 1392",4,"زمستان",0,0,139211
20140218,2014-02-18 00:00:00.000,2014,2,18,218,2,"February","2/18/2014",201402,"2/1/2014","Tuesday","Week 8",8,13921129,1392,11,29,1129,3,"بهمن","1392/11/29",13921129,"1392/11","سه شنبه","هفته 49",49,"سه شنبه 29 بهمن 1392",4,"زمستان",0,0,139211
20140219,2014-02-19 00:00:00.000,2014,2,19,219,3,"February","2/19/2014",201402,"2/1/2014","Wednesday","Week 8",8,13921130,1392,11,30,1130,4,"بهمن","1392/11/30",13921130,"1392/11","چهارشنبه","هفته 49",49,"چهارشنبه 30 بهمن 1392",4,"زمستان",0,0,139211
20140220,2014-02-20 00:00:00.000,2014,2,20,220,4,"February","2/20/2014",201402,"2/1/2014","Thursday","Week 8",8,13921201,1392,12,1,1201,5,"اسفند","1392/12/01",13921201,"1392/12","پنج شنبه","هفته 49",49,"پنج شنبه 1 اسفند 1392",4,"زمستان",0,0,139212
20140221,2014-02-21 00:00:00.000,2014,2,21,221,5,"February","2/21/2014",201402,"2/1/2014","Friday","Week 8",8,13921202,1392,12,2,1202,6,"اسفند","1392/12/02",13921202,"1392/12","جمعه","هفته 49",49,"جمعه 2 اسفند 1392",4,"زمستان",0,0,139212
20140222,2014-02-22 00:00:00.000,2014,2,22,222,6,"February","2/22/2014",201402,"2/1/2014","Saturday","Week 8",8,13921203,1392,12,3,1203,0,"اسفند","1392/12/03",13921203,"1392/12","شنبه","هفته 50",50,"شنبه 3 اسفند 1392",4,"زمستان",0,0,139212
20140223,2014-02-23 00:00:00.000,2014,2,23,223,0,"February","2/23/2014",201402,"2/1/2014","Sunday","Week 9",9,13921204,1392,12,4,1204,1,"اسفند","1392/12/04",13921204,"1392/12","یکشنبه","هفته 50",50,"یکشنبه 4 اسفند 1392",4,"زمستان",0,0,139212
20140224,2014-02-24 00:00:00.000,2014,2,24,224,1,"February","2/24/2014",201402,"2/1/2014","Monday","Week 9",9,13921205,1392,12,5,1205,2,"اسفند","1392/12/05",13921205,"1392/12","دوشنبه","هفته 50",50,"دوشنبه 5 اسفند 1392",4,"زمستان",0,0,139212
20140225,2014-02-25 00:00:00.000,2014,2,25,225,2,"February","2/25/2014",201402,"2/1/2014","Tuesday","Week 9",9,13921206,1392,12,6,1206,3,"اسفند","1392/12/06",13921206,"1392/12","سه شنبه","هفته 50",50,"سه شنبه 6 اسفند 1392",4,"زمستان",0,0,139212
20140226,2014-02-26 00:00:00.000,2014,2,26,226,3,"February","2/26/2014",201402,"2/1/2014","Wednesday","Week 9",9,13921207,1392,12,7,1207,4,"اسفند","1392/12/07",13921207,"1392/12","چهارشنبه","هفته 50",50,"چهارشنبه 7 اسفند 1392",4,"زمستان",0,0,139212
20140227,2014-02-27 00:00:00.000,2014,2,27,227,4,"February","2/27/2014",201402,"2/1/2014","Thursday","Week 9",9,13921208,1392,12,8,1208,5,"اسفند","1392/12/08",13921208,"1392/12","پنج شنبه","هفته 50",50,"پنج شنبه 8 اسفند 1392",4,"زمستان",0,0,139212
20140228,2014-02-28 00:00:00.000,2014,2,28,228,5,"February","2/28/2014",201402,"2/1/2014","Friday","Week 9",9,13921209,1392,12,9,1209,6,"اسفند","1392/12/09",13921209,"1392/12","جمعه","هفته 50",50,"جمعه 9 اسفند 1392",4,"زمستان",0,0,139212
20140301,2014-03-01 00:00:00.000,2014,3,1,301,6,"March","3/1/2014",201403,"3/1/2014","Saturday","Week 9",9,13921210,1392,12,10,1210,0,"اسفند","1392/12/10",13921210,"1392/12","شنبه","هفته 51",51,"شنبه 10 اسفند 1392",4,"زمستان",0,0,139212
20140302,2014-03-02 00:00:00.000,2014,3,2,302,0,"March","3/2/2014",201403,"3/1/2014","Sunday","Week 10",10,13921211,1392,12,11,1211,1,"اسفند","1392/12/11",13921211,"1392/12","یکشنبه","هفته 51",51,"یکشنبه 11 اسفند 1392",4,"زمستان",0,0,139212
20140303,2014-03-03 00:00:00.000,2014,3,3,303,1,"March","3/3/2014",201403,"3/1/2014","Monday","Week 10",10,13921212,1392,12,12,1212,2,"اسفند","1392/12/12",13921212,"1392/12","دوشنبه","هفته 51",51,"دوشنبه 12 اسفند 1392",4,"زمستان",0,0,139212
20140304,2014-03-04 00:00:00.000,2014,3,4,304,2,"March","3/4/2014",201403,"3/1/2014","Tuesday","Week 10",10,13921213,1392,12,13,1213,3,"اسفند","1392/12/13",13921213,"1392/12","سه شنبه","هفته 51",51,"سه شنبه 13 اسفند 1392",4,"زمستان",0,0,139212
20140305,2014-03-05 00:00:00.000,2014,3,5,305,3,"March","3/5/2014",201403,"3/1/2014","Wednesday","Week 10",10,13921214,1392,12,14,1214,4,"اسفند","1392/12/14",13921214,"1392/12","چهارشنبه","هفته 51",51,"چهارشنبه 14 اسفند 1392",4,"زمستان",0,0,139212
20140306,2014-03-06 00:00:00.000,2014,3,6,306,4,"March","3/6/2014",201403,"3/1/2014","Thursday","Week 10",10,13921215,1392,12,15,1215,5,"اسفند","1392/12/15",13921215,"1392/12","پنج شنبه","هفته 51",51,"پنج شنبه 15 اسفند 1392",4,"زمستان",0,0,139212
20140307,2014-03-07 00:00:00.000,2014,3,7,307,5,"March","3/7/2014",201403,"3/1/2014","Friday","Week 10",10,13921216,1392,12,16,1216,6,"اسفند","1392/12/16",13921216,"1392/12","جمعه","هفته 51",51,"جمعه 16 اسفند 1392",4,"زمستان",0,0,139212
20140308,2014-03-08 00:00:00.000,2014,3,8,308,6,"March","3/8/2014",201403,"3/1/2014","Saturday","Week 10",10,13921217,1392,12,17,1217,0,"اسفند","1392/12/17",13921217,"1392/12","شنبه","هفته 52",52,"شنبه 17 اسفند 1392",4,"زمستان",0,0,139212
20140309,2014-03-09 00:00:00.000,2014,3,9,309,0,"March","3/9/2014",201403,"3/1/2014","Sunday","Week 11",11,13921218,1392,12,18,1218,1,"اسفند","1392/12/18",13921218,"1392/12","یکشنبه","هفته 52",52,"یکشنبه 18 اسفند 1392",4,"زمستان",0,0,139212
20140310,2014-03-10 00:00:00.000,2014,3,10,310,1,"March","3/10/2014",201403,"3/1/2014","Monday","Week 11",11,13921219,1392,12,19,1219,2,"اسفند","1392/12/19",13921219,"1392/12","دوشنبه","هفته 52",52,"دوشنبه 19 اسفند 1392",4,"زمستان",0,0,139212
20140311,2014-03-11 00:00:00.000,2014,3,11,311,2,"March","3/11/2014",201403,"3/1/2014","Tuesday","Week 11",11,13921220,1392,12,20,1220,3,"اسفند","1392/12/20",13921220,"1392/12","سه شنبه","هفته 52",52,"سه شنبه 20 اسفند 1392",4,"زمستان",0,0,139212
20140312,2014-03-12 00:00:00.000,2014,3,12,312,3,"March","3/12/2014",201403,"3/1/2014","Wednesday","Week 11",11,13921221,1392,12,21,1221,4,"اسفند","1392/12/21",13921221,"1392/12","چهارشنبه","هفته 52",52,"چهارشنبه 21 اسفند 1392",4,"زمستان",0,0,139212
20140313,2014-03-13 00:00:00.000,2014,3,13,313,4,"March","3/13/2014",201403,"3/1/2014","Thursday","Week 11",11,13921222,1392,12,22,1222,5,"اسفند","1392/12/22",13921222,"1392/12","پنج شنبه","هفته 52",52,"پنج شنبه 22 اسفند 1392",4,"زمستان",0,0,139212
20140314,2014-03-14 00:00:00.000,2014,3,14,314,5,"March","3/14/2014",201403,"3/1/2014","Friday","Week 11",11,13921223,1392,12,23,1223,6,"اسفند","1392/12/23",13921223,"1392/12","جمعه","هفته 52",52,"جمعه 23 اسفند 1392",4,"زمستان",0,0,139212
20140315,2014-03-15 00:00:00.000,2014,3,15,315,6,"March","3/15/2014",201403,"3/1/2014","Saturday","Week 11",11,13921224,1392,12,24,1224,0,"اسفند","1392/12/24",13921224,"1392/12","شنبه","هفته 53",53,"شنبه 24 اسفند 1392",4,"زمستان",0,0,139212
20140316,2014-03-16 00:00:00.000,2014,3,16,316,0,"March","3/16/2014",201403,"3/1/2014","Sunday","Week 12",12,13921225,1392,12,25,1225,1,"اسفند","1392/12/25",13921225,"1392/12","یکشنبه","هفته 53",53,"یکشنبه 25 اسفند 1392",4,"زمستان",0,0,139212
20140317,2014-03-17 00:00:00.000,2014,3,17,317,1,"March","3/17/2014",201403,"3/1/2014","Monday","Week 12",12,13921226,1392,12,26,1226,2,"اسفند","1392/12/26",13921226,"1392/12","دوشنبه","هفته 53",53,"دوشنبه 26 اسفند 1392",4,"زمستان",0,0,139212
20140318,2014-03-18 00:00:00.000,2014,3,18,318,2,"March","3/18/2014",201403,"3/1/2014","Tuesday","Week 12",12,13921227,1392,12,27,1227,3,"اسفند","1392/12/27",13921227,"1392/12","سه شنبه","هفته 53",53,"سه شنبه 27 اسفند 1392",4,"زمستان",0,0,139212
20140319,2014-03-19 00:00:00.000,2014,3,19,319,3,"March","3/19/2014",201403,"3/1/2014","Wednesday","Week 12",12,13921228,1392,12,28,1228,4,"اسفند","1392/12/28",13921228,"1392/12","چهارشنبه","هفته 53",53,"چهارشنبه 28 اسفند 1392",4,"زمستان",0,0,139212
20140320,2014-03-20 00:00:00.000,2014,3,20,320,4,"March","3/20/2014",201403,"3/1/2014","Thursday","Week 12",12,13921229,1392,12,29,1229,5,"اسفند","1392/12/29",13921229,"1392/12","پنج شنبه","هفته 53",53,"پنج شنبه 29 اسفند 1392",4,"زمستان",0,0,139212
20130101,2013-01-01 00:00:00.000,2013,1,1,101,2,"January","1/1/2013",201301,"1/1/2013","Tuesday","Week 1",1,13911012,1391,10,12,1012,3,"دی","1391/10/12",13911012,"1391/10","سه شنبه","هفته 42",42,"سه شنبه 12 دی 1391",4,"زمستان",0,0,139110
20130102,2013-01-02 00:00:00.000,2013,1,2,102,3,"January","1/2/2013",201301,"1/1/2013","Wednesday","Week 1",1,13911013,1391,10,13,1013,4,"دی","1391/10/13",13911013,"1391/10","چهارشنبه","هفته 42",42,"چهارشنبه 13 دی 1391",4,"زمستان",0,0,139110
20130103,2013-01-03 00:00:00.000,2013,1,3,103,4,"January","1/3/2013",201301,"1/1/2013","Thursday","Week 1",1,13911014,1391,10,14,1014,5,"دی","1391/10/14",13911014,"1391/10","پنج شنبه","هفته 42",42,"پنج شنبه 14 دی 1391",4,"زمستان",0,0,139110
20130104,2013-01-04 00:00:00.000,2013,1,4,104,5,"January","1/4/2013",201301,"1/1/2013","Friday","Week 1",1,13911015,1391,10,15,1015,6,"دی","1391/10/15",13911015,"1391/10","جمعه","هفته 42",42,"جمعه 15 دی 1391",4,"زمستان",0,0,139110
20130105,2013-01-05 00:00:00.000,2013,1,5,105,6,"January","1/5/2013",201301,"1/1/2013","Saturday","Week 1",1,13911016,1391,10,16,1016,0,"دی","1391/10/16",13911016,"1391/10","شنبه","هفته 43",43,"شنبه 16 دی 1391",4,"زمستان",0,0,139110
20130106,2013-01-06 00:00:00.000,2013,1,6,106,0,"January","1/6/2013",201301,"1/1/2013","Sunday","Week 2",2,13911017,1391,10,17,1017,1,"دی","1391/10/17",13911017,"1391/10","یکشنبه","هفته 43",43,"یکشنبه 17 دی 1391",4,"زمستان",0,0,139110
20130107,2013-01-07 00:00:00.000,2013,1,7,107,1,"January","1/7/2013",201301,"1/1/2013","Monday","Week 2",2,13911018,1391,10,18,1018,2,"دی","1391/10/18",13911018,"1391/10","دوشنبه","هفته 43",43,"دوشنبه 18 دی 1391",4,"زمستان",0,0,139110
20130108,2013-01-08 00:00:00.000,2013,1,8,108,2,"January","1/8/2013",201301,"1/1/2013","Tuesday","Week 2",2,13911019,1391,10,19,1019,3,"دی","1391/10/19",13911019,"1391/10","سه شنبه","هفته 43",43,"سه شنبه 19 دی 1391",4,"زمستان",0,0,139110
20130109,2013-01-09 00:00:00.000,2013,1,9,109,3,"January","1/9/2013",201301,"1/1/2013","Wednesday","Week 2",2,13911020,1391,10,20,1020,4,"دی","1391/10/20",13911020,"1391/10","چهارشنبه","هفته 43",43,"چهارشنبه 20 دی 1391",4,"زمستان",0,0,139110
20130110,2013-01-10 00:00:00.000,2013,1,10,110,4,"January","1/10/2013",201301,"1/1/2013","Thursday","Week 2",2,13911021,1391,10,21,1021,5,"دی","1391/10/21",13911021,"1391/10","پنج شنبه","هفته 43",43,"پنج شنبه 21 دی 1391",4,"زمستان",0,0,139110
20130111,2013-01-11 00:00:00.000,2013,1,11,111,5,"January","1/11/2013",201301,"1/1/2013","Friday","Week 2",2,13911022,1391,10,22,1022,6,"دی","1391/10/22",13911022,"1391/10","جمعه","هفته 43",43,"جمعه 22 دی 1391",4,"زمستان",0,0,139110
20130112,2013-01-12 00:00:00.000,2013,1,12,112,6,"January","1/12/2013",201301,"1/1/2013","Saturday","Week 2",2,13911023,1391,10,23,1023,0,"دی","1391/10/23",13911023,"1391/10","شنبه","هفته 44",44,"شنبه 23 دی 1391",4,"زمستان",0,0,139110
20130113,2013-01-13 00:00:00.000,2013,1,13,113,0,"January","1/13/2013",201301,"1/1/2013","Sunday","Week 3",3,13911024,1391,10,24,1024,1,"دی","1391/10/24",13911024,"1391/10","یکشنبه","هفته 44",44,"یکشنبه 24 دی 1391",4,"زمستان",0,0,139110
20130114,2013-01-14 00:00:00.000,2013,1,14,114,1,"January","1/14/2013",201301,"1/1/2013","Monday","Week 3",3,13911025,1391,10,25,1025,2,"دی","1391/10/25",13911025,"1391/10","دوشنبه","هفته 44",44,"دوشنبه 25 دی 1391",4,"زمستان",0,0,139110
20130115,2013-01-15 00:00:00.000,2013,1,15,115,2,"January","1/15/2013",201301,"1/1/2013","Tuesday","Week 3",3,13911026,1391,10,26,1026,3,"دی","1391/10/26",13911026,"1391/10","سه شنبه","هفته 44",44,"سه شنبه 26 دی 1391",4,"زمستان",0,0,139110
20130116,2013-01-16 00:00:00.000,2013,1,16,116,3,"January","1/16/2013",201301,"1/1/2013","Wednesday","Week 3",3,13911027,1391,10,27,1027,4,"دی","1391/10/27",13911027,"1391/10","چهارشنبه","هفته 44",44,"چهارشنبه 27 دی 1391",4,"زمستان",0,0,139110
20130117,2013-01-17 00:00:00.000,2013,1,17,117,4,"January","1/17/2013",201301,"1/1/2013","Thursday","Week 3",3,13911028,1391,10,28,1028,5,"دی","1391/10/28",13911028,"1391/10","پنج شنبه","هفته 44",44,"پنج شنبه 28 دی 1391",4,"زمستان",0,0,139110
20130118,2013-01-18 00:00:00.000,2013,1,18,118,5,"January","1/18/2013",201301,"1/1/2013","Friday","Week 3",3,13911029,1391,10,29,1029,6,"دی","1391/10/29",13911029,"1391/10","جمعه","هفته 44",44,"جمعه 29 دی 1391",4,"زمستان",0,0,139110
20130119,2013-01-19 00:00:00.000,2013,1,19,119,6,"January","1/19/2013",201301,"1/1/2013","Saturday","Week 3",3,13911030,1391,10,30,1030,0,"دی","1391/10/30",13911030,"1391/10","شنبه","هفته 45",45,"شنبه 30 دی 1391",4,"زمستان",0,0,139110
20130120,2013-01-20 00:00:00.000,2013,1,20,120,0,"January","1/20/2013",201301,"1/1/2013","Sunday","Week 4",4,13911101,1391,11,1,1101,1,"بهمن","1391/11/01",13911101,"1391/11","یکشنبه","هفته 45",45,"یکشنبه 1 بهمن 1391",4,"زمستان",0,0,139111
20130121,2013-01-21 00:00:00.000,2013,1,21,121,1,"January","1/21/2013",201301,"1/1/2013","Monday","Week 4",4,13911102,1391,11,2,1102,2,"بهمن","1391/11/02",13911102,"1391/11","دوشنبه","هفته 45",45,"دوشنبه 2 بهمن 1391",4,"زمستان",0,0,139111
20130122,2013-01-22 00:00:00.000,2013,1,22,122,2,"January","1/22/2013",201301,"1/1/2013","Tuesday","Week 4",4,13911103,1391,11,3,1103,3,"بهمن","1391/11/03",13911103,"1391/11","سه شنبه","هفته 45",45,"سه شنبه 3 بهمن 1391",4,"زمستان",0,0,139111
20130123,2013-01-23 00:00:00.000,2013,1,23,123,3,"January","1/23/2013",201301,"1/1/2013","Wednesday","Week 4",4,13911104,1391,11,4,1104,4,"بهمن","1391/11/04",13911104,"1391/11","چهارشنبه","هفته 45",45,"چهارشنبه 4 بهمن 1391",4,"زمستان",0,0,139111
20130124,2013-01-24 00:00:00.000,2013,1,24,124,4,"January","1/24/2013",201301,"1/1/2013","Thursday","Week 4",4,13911105,1391,11,5,1105,5,"بهمن","1391/11/05",13911105,"1391/11","پنج شنبه","هفته 45",45,"پنج شنبه 5 بهمن 1391",4,"زمستان",0,0,139111
20130125,2013-01-25 00:00:00.000,2013,1,25,125,5,"January","1/25/2013",201301,"1/1/2013","Friday","Week 4",4,13911106,1391,11,6,1106,6,"بهمن","1391/11/06",13911106,"1391/11","جمعه","هفته 45",45,"جمعه 6 بهمن 1391",4,"زمستان",0,0,139111
20130126,2013-01-26 00:00:00.000,2013,1,26,126,6,"January","1/26/2013",201301,"1/1/2013","Saturday","Week 4",4,13911107,1391,11,7,1107,0,"بهمن","1391/11/07",13911107,"1391/11","شنبه","هفته 46",46,"شنبه 7 بهمن 1391",4,"زمستان",0,0,139111
20130127,2013-01-27 00:00:00.000,2013,1,27,127,0,"January","1/27/2013",201301,"1/1/2013","Sunday","Week 5",5,13911108,1391,11,8,1108,1,"بهمن","1391/11/08",13911108,"1391/11","یکشنبه","هفته 46",46,"یکشنبه 8 بهمن 1391",4,"زمستان",0,0,139111
20130128,2013-01-28 00:00:00.000,2013,1,28,128,1,"January","1/28/2013",201301,"1/1/2013","Monday","Week 5",5,13911109,1391,11,9,1109,2,"بهمن","1391/11/09",13911109,"1391/11","دوشنبه","هفته 46",46,"دوشنبه 9 بهمن 1391",4,"زمستان",0,0,139111
20130129,2013-01-29 00:00:00.000,2013,1,29,129,2,"January","1/29/2013",201301,"1/1/2013","Tuesday","Week 5",5,13911110,1391,11,10,1110,3,"بهمن","1391/11/10",13911110,"1391/11","سه شنبه","هفته 46",46,"سه شنبه 10 بهمن 1391",4,"زمستان",0,0,139111
20130130,2013-01-30 00:00:00.000,2013,1,30,130,3,"January","1/30/2013",201301,"1/1/2013","Wednesday","Week 5",5,13911111,1391,11,11,1111,4,"بهمن","1391/11/11",13911111,"1391/11","چهارشنبه","هفته 46",46,"چهارشنبه 11 بهمن 1391",4,"زمستان",0,0,139111
20130131,2013-01-31 00:00:00.000,2013,1,31,131,4,"January","1/31/2013",201301,"1/1/2013","Thursday","Week 5",5,13911112,1391,11,12,1112,5,"بهمن","1391/11/12",13911112,"1391/11","پنج شنبه","هفته 46",46,"پنج شنبه 12 بهمن 1391",4,"زمستان",0,0,139111
20130201,2013-02-01 00:00:00.000,2013,2,1,201,5,"February","2/1/2013",201302,"2/1/2013","Friday","Week 5",5,13911113,1391,11,13,1113,6,"بهمن","1391/11/13",13911113,"1391/11","جمعه","هفته 46",46,"جمعه 13 بهمن 1391",4,"زمستان",0,0,139111
20130202,2013-02-02 00:00:00.000,2013,2,2,202,6,"February","2/2/2013",201302,"2/1/2013","Saturday","Week 5",5,13911114,1391,11,14,1114,0,"بهمن","1391/11/14",13911114,"1391/11","شنبه","هفته 47",47,"شنبه 14 بهمن 1391",4,"زمستان",0,0,139111
20130203,2013-02-03 00:00:00.000,2013,2,3,203,0,"February","2/3/2013",201302,"2/1/2013","Sunday","Week 6",6,13911115,1391,11,15,1115,1,"بهمن","1391/11/15",13911115,"1391/11","یکشنبه","هفته 47",47,"یکشنبه 15 بهمن 1391",4,"زمستان",0,0,139111
20130204,2013-02-04 00:00:00.000,2013,2,4,204,1,"February","2/4/2013",201302,"2/1/2013","Monday","Week 6",6,13911116,1391,11,16,1116,2,"بهمن","1391/11/16",13911116,"1391/11","دوشنبه","هفته 47",47,"دوشنبه 16 بهمن 1391",4,"زمستان",0,0,139111
20130205,2013-02-05 00:00:00.000,2013,2,5,205,2,"February","2/5/2013",201302,"2/1/2013","Tuesday","Week 6",6,13911117,1391,11,17,1117,3,"بهمن","1391/11/17",13911117,"1391/11","سه شنبه","هفته 47",47,"سه شنبه 17 بهمن 1391",4,"زمستان",0,0,139111
20130206,2013-02-06 00:00:00.000,2013,2,6,206,3,"February","2/6/2013",201302,"2/1/2013","Wednesday","Week 6",6,13911118,1391,11,18,1118,4,"بهمن","1391/11/18",13911118,"1391/11","چهارشنبه","هفته 47",47,"چهارشنبه 18 بهمن 1391",4,"زمستان",0,0,139111
20130207,2013-02-07 00:00:00.000,2013,2,7,207,4,"February","2/7/2013",201302,"2/1/2013","Thursday","Week 6",6,13911119,1391,11,19,1119,5,"بهمن","1391/11/19",13911119,"1391/11","پنج شنبه","هفته 47",47,"پنج شنبه 19 بهمن 1391",4,"زمستان",0,0,139111
20130208,2013-02-08 00:00:00.000,2013,2,8,208,5,"February","2/8/2013",201302,"2/1/2013","Friday","Week 6",6,13911120,1391,11,20,1120,6,"بهمن","1391/11/20",13911120,"1391/11","جمعه","هفته 47",47,"جمعه 20 بهمن 1391",4,"زمستان",0,0,139111
20130209,2013-02-09 00:00:00.000,2013,2,9,209,6,"February","2/9/2013",201302,"2/1/2013","Saturday","Week 6",6,13911121,1391,11,21,1121,0,"بهمن","1391/11/21",13911121,"1391/11","شنبه","هفته 48",48,"شنبه 21 بهمن 1391",4,"زمستان",0,0,139111
20130210,2013-02-10 00:00:00.000,2013,2,10,210,0,"February","2/10/2013",201302,"2/1/2013","Sunday","Week 7",7,13911122,1391,11,22,1122,1,"بهمن","1391/11/22",13911122,"1391/11","یکشنبه","هفته 48",48,"یکشنبه 22 بهمن 1391",4,"زمستان",0,0,139111
20130211,2013-02-11 00:00:00.000,2013,2,11,211,1,"February","2/11/2013",201302,"2/1/2013","Monday","Week 7",7,13911123,1391,11,23,1123,2,"بهمن","1391/11/23",13911123,"1391/11","دوشنبه","هفته 48",48,"دوشنبه 23 بهمن 1391",4,"زمستان",0,0,139111
20130212,2013-02-12 00:00:00.000,2013,2,12,212,2,"February","2/12/2013",201302,"2/1/2013","Tuesday","Week 7",7,13911124,1391,11,24,1124,3,"بهمن","1391/11/24",13911124,"1391/11","سه شنبه","هفته 48",48,"سه شنبه 24 بهمن 1391",4,"زمستان",0,0,139111
20130213,2013-02-13 00:00:00.000,2013,2,13,213,3,"February","2/13/2013",201302,"2/1/2013","Wednesday","Week 7",7,13911125,1391,11,25,1125,4,"بهمن","1391/11/25",13911125,"1391/11","چهارشنبه","هفته 48",48,"چهارشنبه 25 بهمن 1391",4,"زمستان",0,0,139111
20130214,2013-02-14 00:00:00.000,2013,2,14,214,4,"February","2/14/2013",201302,"2/1/2013","Thursday","Week 7",7,13911126,1391,11,26,1126,5,"بهمن","1391/11/26",13911126,"1391/11","پنج شنبه","هفته 48",48,"پنج شنبه 26 بهمن 1391",4,"زمستان",0,0,139111
20130215,2013-02-15 00:00:00.000,2013,2,15,215,5,"February","2/15/2013",201302,"2/1/2013","Friday","Week 7",7,13911127,1391,11,27,1127,6,"بهمن","1391/11/27",13911127,"1391/11","جمعه","هفته 48",48,"جمعه 27 بهمن 1391",4,"زمستان",0,0,139111
20130216,2013-02-16 00:00:00.000,2013,2,16,216,6,"February","2/16/2013",201302,"2/1/2013","Saturday","Week 7",7,13911128,1391,11,28,1128,0,"بهمن","1391/11/28",13911128,"1391/11","شنبه","هفته 49",49,"شنبه 28 بهمن 1391",4,"زمستان",0,0,139111
20130217,2013-02-17 00:00:00.000,2013,2,17,217,0,"February","2/17/2013",201302,"2/1/2013","Sunday","Week 8",8,13911129,1391,11,29,1129,1,"بهمن","1391/11/29",13911129,"1391/11","یکشنبه","هفته 49",49,"یکشنبه 29 بهمن 1391",4,"زمستان",0,0,139111
20130218,2013-02-18 00:00:00.000,2013,2,18,218,1,"February","2/18/2013",201302,"2/1/2013","Monday","Week 8",8,13911130,1391,11,30,1130,2,"بهمن","1391/11/30",13911130,"1391/11","دوشنبه","هفته 49",49,"دوشنبه 30 بهمن 1391",4,"زمستان",0,0,139111
20130219,2013-02-19 00:00:00.000,2013,2,19,219,2,"February","2/19/2013",201302,"2/1/2013","Tuesday","Week 8",8,13911201,1391,12,1,1201,3,"اسفند","1391/12/01",13911201,"1391/12","سه شنبه","هفته 49",49,"سه شنبه 1 اسفند 1391",4,"زمستان",0,0,139112
20130220,2013-02-20 00:00:00.000,2013,2,20,220,3,"February","2/20/2013",201302,"2/1/2013","Wednesday","Week 8",8,13911202,1391,12,2,1202,4,"اسفند","1391/12/02",13911202,"1391/12","چهارشنبه","هفته 49",49,"چهارشنبه 2 اسفند 1391",4,"زمستان",0,0,139112
20130221,2013-02-21 00:00:00.000,2013,2,21,221,4,"February","2/21/2013",201302,"2/1/2013","Thursday","Week 8",8,13911203,1391,12,3,1203,5,"اسفند","1391/12/03",13911203,"1391/12","پنج شنبه","هفته 49",49,"پنج شنبه 3 اسفند 1391",4,"زمستان",0,0,139112
20130222,2013-02-22 00:00:00.000,2013,2,22,222,5,"February","2/22/2013",201302,"2/1/2013","Friday","Week 8",8,13911204,1391,12,4,1204,6,"اسفند","1391/12/04",13911204,"1391/12","جمعه","هفته 49",49,"جمعه 4 اسفند 1391",4,"زمستان",0,0,139112
20130223,2013-02-23 00:00:00.000,2013,2,23,223,6,"February","2/23/2013",201302,"2/1/2013","Saturday","Week 8",8,13911205,1391,12,5,1205,0,"اسفند","1391/12/05",13911205,"1391/12","شنبه","هفته 50",50,"شنبه 5 اسفند 1391",4,"زمستان",0,0,139112
20130224,2013-02-24 00:00:00.000,2013,2,24,224,0,"February","2/24/2013",201302,"2/1/2013","Sunday","Week 9",9,13911206,1391,12,6,1206,1,"اسفند","1391/12/06",13911206,"1391/12","یکشنبه","هفته 50",50,"یکشنبه 6 اسفند 1391",4,"زمستان",0,0,139112
20130225,2013-02-25 00:00:00.000,2013,2,25,225,1,"February","2/25/2013",201302,"2/1/2013","Monday","Week 9",9,13911207,1391,12,7,1207,2,"اسفند","1391/12/07",13911207,"1391/12","دوشنبه","هفته 50",50,"دوشنبه 7 اسفند 1391",4,"زمستان",0,0,139112
20130226,2013-02-26 00:00:00.000,2013,2,26,226,2,"February","2/26/2013",201302,"2/1/2013","Tuesday","Week 9",9,13911208,1391,12,8,1208,3,"اسفند","1391/12/08",13911208,"1391/12","سه شنبه","هفته 50",50,"سه شنبه 8 اسفند 1391",4,"زمستان",0,0,139112
20130227,2013-02-27 00:00:00.000,2013,2,27,227,3,"February","2/27/2013",201302,"2/1/2013","Wednesday","Week 9",9,13911209,1391,12,9,1209,4,"اسفند","1391/12/09",13911209,"1391/12","چهارشنبه","هفته 50",50,"چهارشنبه 9 اسفند 1391",4,"زمستان",0,0,139112
20130228,2013-02-28 00:00:00.000,2013,2,28,228,4,"February","2/28/2013",201302,"2/1/2013","Thursday","Week 9",9,13911210,1391,12,10,1210,5,"اسفند","1391/12/10",13911210,"1391/12","پنج شنبه","هفته 50",50,"پنج شنبه 10 اسفند 1391",4,"زمستان",0,0,139112
20130301,2013-03-01 00:00:00.000,2013,3,1,301,5,"March","3/1/2013",201303,"3/1/2013","Friday","Week 9",9,13911211,1391,12,11,1211,6,"اسفند","1391/12/11",13911211,"1391/12","جمعه","هفته 50",50,"جمعه 11 اسفند 1391",4,"زمستان",0,0,139112
20130302,2013-03-02 00:00:00.000,2013,3,2,302,6,"March","3/2/2013",201303,"3/1/2013","Saturday","Week 9",9,13911212,1391,12,12,1212,0,"اسفند","1391/12/12",13911212,"1391/12","شنبه","هفته 51",51,"شنبه 12 اسفند 1391",4,"زمستان",0,0,139112
20130303,2013-03-03 00:00:00.000,2013,3,3,303,0,"March","3/3/2013",201303,"3/1/2013","Sunday","Week 10",10,13911213,1391,12,13,1213,1,"اسفند","1391/12/13",13911213,"1391/12","یکشنبه","هفته 51",51,"یکشنبه 13 اسفند 1391",4,"زمستان",0,0,139112
20130304,2013-03-04 00:00:00.000,2013,3,4,304,1,"March","3/4/2013",201303,"3/1/2013","Monday","Week 10",10,13911214,1391,12,14,1214,2,"اسفند","1391/12/14",13911214,"1391/12","دوشنبه","هفته 51",51,"دوشنبه 14 اسفند 1391",4,"زمستان",0,0,139112
20130305,2013-03-05 00:00:00.000,2013,3,5,305,2,"March","3/5/2013",201303,"3/1/2013","Tuesday","Week 10",10,13911215,1391,12,15,1215,3,"اسفند","1391/12/15",13911215,"1391/12","سه شنبه","هفته 51",51,"سه شنبه 15 اسفند 1391",4,"زمستان",0,0,139112
20130306,2013-03-06 00:00:00.000,2013,3,6,306,3,"March","3/6/2013",201303,"3/1/2013","Wednesday","Week 10",10,13911216,1391,12,16,1216,4,"اسفند","1391/12/16",13911216,"1391/12","چهارشنبه","هفته 51",51,"چهارشنبه 16 اسفند 1391",4,"زمستان",0,0,139112
20130307,2013-03-07 00:00:00.000,2013,3,7,307,4,"March","3/7/2013",201303,"3/1/2013","Thursday","Week 10",10,13911217,1391,12,17,1217,5,"اسفند","1391/12/17",13911217,"1391/12","پنج شنبه","هفته 51",51,"پنج شنبه 17 اسفند 1391",4,"زمستان",0,0,139112
20130308,2013-03-08 00:00:00.000,2013,3,8,308,5,"March","3/8/2013",201303,"3/1/2013","Friday","Week 10",10,13911218,1391,12,18,1218,6,"اسفند","1391/12/18",13911218,"1391/12","جمعه","هفته 51",51,"جمعه 18 اسفند 1391",4,"زمستان",0,0,139112
20130309,2013-03-09 00:00:00.000,2013,3,9,309,6,"March","3/9/2013",201303,"3/1/2013","Saturday","Week 10",10,13911219,1391,12,19,1219,0,"اسفند","1391/12/19",13911219,"1391/12","شنبه","هفته 52",52,"شنبه 19 اسفند 1391",4,"زمستان",0,0,139112
20130310,2013-03-10 00:00:00.000,2013,3,10,310,0,"March","3/10/2013",201303,"3/1/2013","Sunday","Week 11",11,13911220,1391,12,20,1220,1,"اسفند","1391/12/20",13911220,"1391/12","یکشنبه","هفته 52",52,"یکشنبه 20 اسفند 1391",4,"زمستان",0,0,139112
20130311,2013-03-11 00:00:00.000,2013,3,11,311,1,"March","3/11/2013",201303,"3/1/2013","Monday","Week 11",11,13911221,1391,12,21,1221,2,"اسفند","1391/12/21",13911221,"1391/12","دوشنبه","هفته 52",52,"دوشنبه 21 اسفند 1391",4,"زمستان",0,0,139112
20130312,2013-03-12 00:00:00.000,2013,3,12,312,2,"March","3/12/2013",201303,"3/1/2013","Tuesday","Week 11",11,13911222,1391,12,22,1222,3,"اسفند","1391/12/22",13911222,"1391/12","سه شنبه","هفته 52",52,"سه شنبه 22 اسفند 1391",4,"زمستان",0,0,139112
20130313,2013-03-13 00:00:00.000,2013,3,13,313,3,"March","3/13/2013",201303,"3/1/2013","Wednesday","Week 11",11,13911223,1391,12,23,1223,4,"اسفند","1391/12/23",13911223,"1391/12","چهارشنبه","هفته 52",52,"چهارشنبه 23 اسفند 1391",4,"زمستان",0,0,139112
20130314,2013-03-14 00:00:00.000,2013,3,14,314,4,"March","3/14/2013",201303,"3/1/2013","Thursday","Week 11",11,13911224,1391,12,24,1224,5,"اسفند","1391/12/24",13911224,"1391/12","پنج شنبه","هفته 52",52,"پنج شنبه 24 اسفند 1391",4,"زمستان",0,0,139112
20130315,2013-03-15 00:00:00.000,2013,3,15,315,5,"March","3/15/2013",201303,"3/1/2013","Friday","Week 11",11,13911225,1391,12,25,1225,6,"اسفند","1391/12/25",13911225,"1391/12","جمعه","هفته 52",52,"جمعه 25 اسفند 1391",4,"زمستان",0,0,139112
20130316,2013-03-16 00:00:00.000,2013,3,16,316,6,"March","3/16/2013",201303,"3/1/2013","Saturday","Week 11",11,13911226,1391,12,26,1226,0,"اسفند","1391/12/26",13911226,"1391/12","شنبه","هفته 53",53,"شنبه 26 اسفند 1391",4,"زمستان",0,0,139112
20130317,2013-03-17 00:00:00.000,2013,3,17,317,0,"March","3/17/2013",201303,"3/1/2013","Sunday","Week 12",12,13911227,1391,12,27,1227,1,"اسفند","1391/12/27",13911227,"1391/12","یکشنبه","هفته 53",53,"یکشنبه 27 اسفند 1391",4,"زمستان",0,0,139112
20130318,2013-03-18 00:00:00.000,2013,3,18,318,1,"March","3/18/2013",201303,"3/1/2013","Monday","Week 12",12,13911228,1391,12,28,1228,2,"اسفند","1391/12/28",13911228,"1391/12","دوشنبه","هفته 53",53,"دوشنبه 28 اسفند 1391",4,"زمستان",0,0,139112
20130319,2013-03-19 00:00:00.000,2013,3,19,319,2,"March","3/19/2013",201303,"3/1/2013","Tuesday","Week 12",12,13911229,1391,12,29,1229,3,"اسفند","1391/12/29",13911229,"1391/12","سه شنبه","هفته 53",53,"سه شنبه 29 اسفند 1391",4,"زمستان",0,0,139112
20130622,2013-06-22 00:00:00.000,2013,6,22,622,6,"June","6/22/2013",201306,"6/1/2013","Saturday","Week 25",25,13920401,1392,4,1,401,0,"تیر","1392/04/01",13920401,"1392/04","شنبه","هفته 15",15,"شنبه 1 تیر 1392",2,"تابستان",0,0,139204
20130623,2013-06-23 00:00:00.000,2013,6,23,623,0,"June","6/23/2013",201306,"6/1/2013","Sunday","Week 26",26,13920402,1392,4,2,402,1,"تیر","1392/04/02",13920402,"1392/04","یکشنبه","هفته 15",15,"یکشنبه 2 تیر 1392",2,"تابستان",0,0,139204
20130624,2013-06-24 00:00:00.000,2013,6,24,624,1,"June","6/24/2013",201306,"6/1/2013","Monday","Week 26",26,13920403,1392,4,3,403,2,"تیر","1392/04/03",13920403,"1392/04","دوشنبه","هفته 15",15,"دوشنبه 3 تیر 1392",2,"تابستان",0,0,139204
20130625,2013-06-25 00:00:00.000,2013,6,25,625,2,"June","6/25/2013",201306,"6/1/2013","Tuesday","Week 26",26,13920404,1392,4,4,404,3,"تیر","1392/04/04",13920404,"1392/04","سه شنبه","هفته 15",15,"سه شنبه 4 تیر 1392",2,"تابستان",0,0,139204
20130626,2013-06-26 00:00:00.000,2013,6,26,626,3,"June","6/26/2013",201306,"6/1/2013","Wednesday","Week 26",26,13920405,1392,4,5,405,4,"تیر","1392/04/05",13920405,"1392/04","چهارشنبه","هفته 15",15,"چهارشنبه 5 تیر 1392",2,"تابستان",0,0,139204
20130627,2013-06-27 00:00:00.000,2013,6,27,627,4,"June","6/27/2013",201306,"6/1/2013","Thursday","Week 26",26,13920406,1392,4,6,406,5,"تیر","1392/04/06",13920406,"1392/04","پنج شنبه","هفته 15",15,"پنج شنبه 6 تیر 1392",2,"تابستان",0,0,139204
20130628,2013-06-28 00:00:00.000,2013,6,28,628,5,"June","6/28/2013",201306,"6/1/2013","Friday","Week 26",26,13920407,1392,4,7,407,6,"تیر","1392/04/07",13920407,"1392/04","جمعه","هفته 15",15,"جمعه 7 تیر 1392",2,"تابستان",0,0,139204
20130629,2013-06-29 00:00:00.000,2013,6,29,629,6,"June","6/29/2013",201306,"6/1/2013","Saturday","Week 26",26,13920408,1392,4,8,408,0,"تیر","1392/04/08",13920408,"1392/04","شنبه","هفته 16",16,"شنبه 8 تیر 1392",2,"تابستان",0,0,139204
20130630,2013-06-30 00:00:00.000,2013,6,30,630,0,"June","6/30/2013",201306,"6/1/2013","Sunday","Week 27",27,13920409,1392,4,9,409,1,"تیر","1392/04/09",13920409,"1392/04","یکشنبه","هفته 16",16,"یکشنبه 9 تیر 1392",2,"تابستان",0,0,139204
20130701,2013-07-01 00:00:00.000,2013,7,1,701,1,"July","7/1/2013",201307,"7/1/2013","Monday","Week 27",27,13920410,1392,4,10,410,2,"تیر","1392/04/10",13920410,"1392/04","دوشنبه","هفته 16",16,"دوشنبه 10 تیر 1392",2,"تابستان",0,0,139204
20130702,2013-07-02 00:00:00.000,2013,7,2,702,2,"July","7/2/2013",201307,"7/1/2013","Tuesday","Week 27",27,13920411,1392,4,11,411,3,"تیر","1392/04/11",13920411,"1392/04","سه شنبه","هفته 16",16,"سه شنبه 11 تیر 1392",2,"تابستان",0,0,139204
20130703,2013-07-03 00:00:00.000,2013,7,3,703,3,"July","7/3/2013",201307,"7/1/2013","Wednesday","Week 27",27,13920412,1392,4,12,412,4,"تیر","1392/04/12",13920412,"1392/04","چهارشنبه","هفته 16",16,"چهارشنبه 12 تیر 1392",2,"تابستان",0,0,139204
20130704,2013-07-04 00:00:00.000,2013,7,4,704,4,"July","7/4/2013",201307,"7/1/2013","Thursday","Week 27",27,13920413,1392,4,13,413,5,"تیر","1392/04/13",13920413,"1392/04","پنج شنبه","هفته 16",16,"پنج شنبه 13 تیر 1392",2,"تابستان",0,0,139204
20130705,2013-07-05 00:00:00.000,2013,7,5,705,5,"July","7/5/2013",201307,"7/1/2013","Friday","Week 27",27,13920414,1392,4,14,414,6,"تیر","1392/04/14",13920414,"1392/04","جمعه","هفته 16",16,"جمعه 14 تیر 1392",2,"تابستان",0,0,139204
20130706,2013-07-06 00:00:00.000,2013,7,6,706,6,"July","7/6/2013",201307,"7/1/2013","Saturday","Week 27",27,13920415,1392,4,15,415,0,"تیر","1392/04/15",13920415,"1392/04","شنبه","هفته 17",17,"شنبه 15 تیر 1392",2,"تابستان",0,0,139204
20130707,2013-07-07 00:00:00.000,2013,7,7,707,0,"July","7/7/2013",201307,"7/1/2013","Sunday","Week 28",28,13920416,1392,4,16,416,1,"تیر","1392/04/16",13920416,"1392/04","یکشنبه","هفته 17",17,"یکشنبه 16 تیر 1392",2,"تابستان",0,0,139204
20130708,2013-07-08 00:00:00.000,2013,7,8,708,1,"July","7/8/2013",201307,"7/1/2013","Monday","Week 28",28,13920417,1392,4,17,417,2,"تیر","1392/04/17",13920417,"1392/04","دوشنبه","هفته 17",17,"دوشنبه 17 تیر 1392",2,"تابستان",0,0,139204
20130709,2013-07-09 00:00:00.000,2013,7,9,709,2,"July","7/9/2013",201307,"7/1/2013","Tuesday","Week 28",28,13920418,1392,4,18,418,3,"تیر","1392/04/18",13920418,"1392/04","سه شنبه","هفته 17",17,"سه شنبه 18 تیر 1392",2,"تابستان",0,0,139204
20130710,2013-07-10 00:00:00.000,2013,7,10,710,3,"July","7/10/2013",201307,"7/1/2013","Wednesday","Week 28",28,13920419,1392,4,19,419,4,"تیر","1392/04/19",13920419,"1392/04","چهارشنبه","هفته 17",17,"چهارشنبه 19 تیر 1392",2,"تابستان",0,0,139204
20130711,2013-07-11 00:00:00.000,2013,7,11,711,4,"July","7/11/2013",201307,"7/1/2013","Thursday","Week 28",28,13920420,1392,4,20,420,5,"تیر","1392/04/20",13920420,"1392/04","پنج شنبه","هفته 17",17,"پنج شنبه 20 تیر 1392",2,"تابستان",0,0,139204
20130712,2013-07-12 00:00:00.000,2013,7,12,712,5,"July","7/12/2013",201307,"7/1/2013","Friday","Week 28",28,13920421,1392,4,21,421,6,"تیر","1392/04/21",13920421,"1392/04","جمعه","هفته 17",17,"جمعه 21 تیر 1392",2,"تابستان",0,0,139204
20130713,2013-07-13 00:00:00.000,2013,7,13,713,6,"July","7/13/2013",201307,"7/1/2013","Saturday","Week 28",28,13920422,1392,4,22,422,0,"تیر","1392/04/22",13920422,"1392/04","شنبه","هفته 18",18,"شنبه 22 تیر 1392",2,"تابستان",0,0,139204
20130714,2013-07-14 00:00:00.000,2013,7,14,714,0,"July","7/14/2013",201307,"7/1/2013","Sunday","Week 29",29,13920423,1392,4,23,423,1,"تیر","1392/04/23",13920423,"1392/04","یکشنبه","هفته 18",18,"یکشنبه 23 تیر 1392",2,"تابستان",0,0,139204
20130715,2013-07-15 00:00:00.000,2013,7,15,715,1,"July","7/15/2013",201307,"7/1/2013","Monday","Week 29",29,13920424,1392,4,24,424,2,"تیر","1392/04/24",13920424,"1392/04","دوشنبه","هفته 18",18,"دوشنبه 24 تیر 1392",2,"تابستان",0,0,139204
20130716,2013-07-16 00:00:00.000,2013,7,16,716,2,"July","7/16/2013",201307,"7/1/2013","Tuesday","Week 29",29,13920425,1392,4,25,425,3,"تیر","1392/04/25",13920425,"1392/04","سه شنبه","هفته 18",18,"سه شنبه 25 تیر 1392",2,"تابستان",0,0,139204
20130717,2013-07-17 00:00:00.000,2013,7,17,717,3,"July","7/17/2013",201307,"7/1/2013","Wednesday","Week 29",29,13920426,1392,4,26,426,4,"تیر","1392/04/26",13920426,"1392/04","چهارشنبه","هفته 18",18,"چهارشنبه 26 تیر 1392",2,"تابستان",0,0,139204
20130718,2013-07-18 00:00:00.000,2013,7,18,718,4,"July","7/18/2013",201307,"7/1/2013","Thursday","Week 29",29,13920427,1392,4,27,427,5,"تیر","1392/04/27",13920427,"1392/04","پنج شنبه","هفته 18",18,"پنج شنبه 27 تیر 1392",2,"تابستان",0,0,139204
20130719,2013-07-19 00:00:00.000,2013,7,19,719,5,"July","7/19/2013",201307,"7/1/2013","Friday","Week 29",29,13920428,1392,4,28,428,6,"تیر","1392/04/28",13920428,"1392/04","جمعه","هفته 18",18,"جمعه 28 تیر 1392",2,"تابستان",0,0,139204
20130720,2013-07-20 00:00:00.000,2013,7,20,720,6,"July","7/20/2013",201307,"7/1/2013","Saturday","Week 29",29,13920429,1392,4,29,429,0,"تیر","1392/04/29",13920429,"1392/04","شنبه","هفته 19",19,"شنبه 29 تیر 1392",2,"تابستان",0,0,139204
20130721,2013-07-21 00:00:00.000,2013,7,21,721,0,"July","7/21/2013",201307,"7/1/2013","Sunday","Week 30",30,13920430,1392,4,30,430,1,"تیر","1392/04/30",13920430,"1392/04","یکشنبه","هفته 19",19,"یکشنبه 30 تیر 1392",2,"تابستان",0,0,139204
20130722,2013-07-22 00:00:00.000,2013,7,22,722,1,"July","7/22/2013",201307,"7/1/2013","Monday","Week 30",30,13920431,1392,4,31,431,2,"تیر","1392/04/31",13920431,"1392/04","دوشنبه","هفته 19",19,"دوشنبه 31 تیر 1392",2,"تابستان",0,0,139204
20130723,2013-07-23 00:00:00.000,2013,7,23,723,2,"July","7/23/2013",201307,"7/1/2013","Tuesday","Week 30",30,13920501,1392,5,1,501,3,"مرداد","1392/05/01",13920501,"1392/05","سه شنبه","هفته 19",19,"سه شنبه 1 مرداد 1392",2,"تابستان",0,0,139205
20130724,2013-07-24 00:00:00.000,2013,7,24,724,3,"July","7/24/2013",201307,"7/1/2013","Wednesday","Week 30",30,13920502,1392,5,2,502,4,"مرداد","1392/05/02",13920502,"1392/05","چهارشنبه","هفته 19",19,"چهارشنبه 2 مرداد 1392",2,"تابستان",0,0,139205
20130725,2013-07-25 00:00:00.000,2013,7,25,725,4,"July","7/25/2013",201307,"7/1/2013","Thursday","Week 30",30,13920503,1392,5,3,503,5,"مرداد","1392/05/03",13920503,"1392/05","پنج شنبه","هفته 19",19,"پنج شنبه 3 مرداد 1392",2,"تابستان",0,0,139205
20130726,2013-07-26 00:00:00.000,2013,7,26,726,5,"July","7/26/2013",201307,"7/1/2013","Friday","Week 30",30,13920504,1392,5,4,504,6,"مرداد","1392/05/04",13920504,"1392/05","جمعه","هفته 19",19,"جمعه 4 مرداد 1392",2,"تابستان",0,0,139205
20130727,2013-07-27 00:00:00.000,2013,7,27,727,6,"July","7/27/2013",201307,"7/1/2013","Saturday","Week 30",30,13920505,1392,5,5,505,0,"مرداد","1392/05/05",13920505,"1392/05","شنبه","هفته 20",20,"شنبه 5 مرداد 1392",2,"تابستان",0,0,139205
20130728,2013-07-28 00:00:00.000,2013,7,28,728,0,"July","7/28/2013",201307,"7/1/2013","Sunday","Week 31",31,13920506,1392,5,6,506,1,"مرداد","1392/05/06",13920506,"1392/05","یکشنبه","هفته 20",20,"یکشنبه 6 مرداد 1392",2,"تابستان",0,0,139205
20130729,2013-07-29 00:00:00.000,2013,7,29,729,1,"July","7/29/2013",201307,"7/1/2013","Monday","Week 31",31,13920507,1392,5,7,507,2,"مرداد","1392/05/07",13920507,"1392/05","دوشنبه","هفته 20",20,"دوشنبه 7 مرداد 1392",2,"تابستان",0,0,139205
20130730,2013-07-30 00:00:00.000,2013,7,30,730,2,"July","7/30/2013",201307,"7/1/2013","Tuesday","Week 31",31,13920508,1392,5,8,508,3,"مرداد","1392/05/08",13920508,"1392/05","سه شنبه","هفته 20",20,"سه شنبه 8 مرداد 1392",2,"تابستان",0,0,139205
20130731,2013-07-31 00:00:00.000,2013,7,31,731,3,"July","7/31/2013",201307,"7/1/2013","Wednesday","Week 31",31,13920509,1392,5,9,509,4,"مرداد","1392/05/09",13920509,"1392/05","چهارشنبه","هفته 20",20,"چهارشنبه 9 مرداد 1392",2,"تابستان",0,0,139205
20130801,2013-08-01 00:00:00.000,2013,8,1,801,4,"August","8/1/2013",201308,"8/1/2013","Thursday","Week 31",31,13920510,1392,5,10,510,5,"مرداد","1392/05/10",13920510,"1392/05","پنج شنبه","هفته 20",20,"پنج شنبه 10 مرداد 1392",2,"تابستان",0,0,139205
20130802,2013-08-02 00:00:00.000,2013,8,2,802,5,"August","8/2/2013",201308,"8/1/2013","Friday","Week 31",31,13920511,1392,5,11,511,6,"مرداد","1392/05/11",13920511,"1392/05","جمعه","هفته 20",20,"جمعه 11 مرداد 1392",2,"تابستان",0,0,139205
20130803,2013-08-03 00:00:00.000,2013,8,3,803,6,"August","8/3/2013",201308,"8/1/2013","Saturday","Week 31",31,13920512,1392,5,12,512,0,"مرداد","1392/05/12",13920512,"1392/05","شنبه","هفته 21",21,"شنبه 12 مرداد 1392",2,"تابستان",0,0,139205
20130804,2013-08-04 00:00:00.000,2013,8,4,804,0,"August","8/4/2013",201308,"8/1/2013","Sunday","Week 32",32,13920513,1392,5,13,513,1,"مرداد","1392/05/13",13920513,"1392/05","یکشنبه","هفته 21",21,"یکشنبه 13 مرداد 1392",2,"تابستان",0,0,139205
20130805,2013-08-05 00:00:00.000,2013,8,5,805,1,"August","8/5/2013",201308,"8/1/2013","Monday","Week 32",32,13920514,1392,5,14,514,2,"مرداد","1392/05/14",13920514,"1392/05","دوشنبه","هفته 21",21,"دوشنبه 14 مرداد 1392",2,"تابستان",0,0,139205
20130806,2013-08-06 00:00:00.000,2013,8,6,806,2,"August","8/6/2013",201308,"8/1/2013","Tuesday","Week 32",32,13920515,1392,5,15,515,3,"مرداد","1392/05/15",13920515,"1392/05","سه شنبه","هفته 21",21,"سه شنبه 15 مرداد 1392",2,"تابستان",0,0,139205
20130807,2013-08-07 00:00:00.000,2013,8,7,807,3,"August","8/7/2013",201308,"8/1/2013","Wednesday","Week 32",32,13920516,1392,5,16,516,4,"مرداد","1392/05/16",13920516,"1392/05","چهارشنبه","هفته 21",21,"چهارشنبه 16 مرداد 1392",2,"تابستان",0,0,139205
20130808,2013-08-08 00:00:00.000,2013,8,8,808,4,"August","8/8/2013",201308,"8/1/2013","Thursday","Week 32",32,13920517,1392,5,17,517,5,"مرداد","1392/05/17",13920517,"1392/05","پنج شنبه","هفته 21",21,"پنج شنبه 17 مرداد 1392",2,"تابستان",0,0,139205
20130809,2013-08-09 00:00:00.000,2013,8,9,809,5,"August","8/9/2013",201308,"8/1/2013","Friday","Week 32",32,13920518,1392,5,18,518,6,"مرداد","1392/05/18",13920518,"1392/05","جمعه","هفته 21",21,"جمعه 18 مرداد 1392",2,"تابستان",0,0,139205
20130810,2013-08-10 00:00:00.000,2013,8,10,810,6,"August","8/10/2013",201308,"8/1/2013","Saturday","Week 32",32,13920519,1392,5,19,519,0,"مرداد","1392/05/19",13920519,"1392/05","شنبه","هفته 22",22,"شنبه 19 مرداد 1392",2,"تابستان",0,0,139205
20130811,2013-08-11 00:00:00.000,2013,8,11,811,0,"August","8/11/2013",201308,"8/1/2013","Sunday","Week 33",33,13920520,1392,5,20,520,1,"مرداد","1392/05/20",13920520,"1392/05","یکشنبه","هفته 22",22,"یکشنبه 20 مرداد 1392",2,"تابستان",0,0,139205
20130812,2013-08-12 00:00:00.000,2013,8,12,812,1,"August","8/12/2013",201308,"8/1/2013","Monday","Week 33",33,13920521,1392,5,21,521,2,"مرداد","1392/05/21",13920521,"1392/05","دوشنبه","هفته 22",22,"دوشنبه 21 مرداد 1392",2,"تابستان",0,0,139205
20130813,2013-08-13 00:00:00.000,2013,8,13,813,2,"August","8/13/2013",201308,"8/1/2013","Tuesday","Week 33",33,13920522,1392,5,22,522,3,"مرداد","1392/05/22",13920522,"1392/05","سه شنبه","هفته 22",22,"سه شنبه 22 مرداد 1392",2,"تابستان",0,0,139205
20130814,2013-08-14 00:00:00.000,2013,8,14,814,3,"August","8/14/2013",201308,"8/1/2013","Wednesday","Week 33",33,13920523,1392,5,23,523,4,"مرداد","1392/05/23",13920523,"1392/05","چهارشنبه","هفته 22",22,"چهارشنبه 23 مرداد 1392",2,"تابستان",0,0,139205
20130815,2013-08-15 00:00:00.000,2013,8,15,815,4,"August","8/15/2013",201308,"8/1/2013","Thursday","Week 33",33,13920524,1392,5,24,524,5,"مرداد","1392/05/24",13920524,"1392/05","پنج شنبه","هفته 22",22,"پنج شنبه 24 مرداد 1392",2,"تابستان",0,0,139205
20130816,2013-08-16 00:00:00.000,2013,8,16,816,5,"August","8/16/2013",201308,"8/1/2013","Friday","Week 33",33,13920525,1392,5,25,525,6,"مرداد","1392/05/25",13920525,"1392/05","جمعه","هفته 22",22,"جمعه 25 مرداد 1392",2,"تابستان",0,0,139205
20130817,2013-08-17 00:00:00.000,2013,8,17,817,6,"August","8/17/2013",201308,"8/1/2013","Saturday","Week 33",33,13920526,1392,5,26,526,0,"مرداد","1392/05/26",13920526,"1392/05","شنبه","هفته 23",23,"شنبه 26 مرداد 1392",2,"تابستان",0,0,139205
20130818,2013-08-18 00:00:00.000,2013,8,18,818,0,"August","8/18/2013",201308,"8/1/2013","Sunday","Week 34",34,13920527,1392,5,27,527,1,"مرداد","1392/05/27",13920527,"1392/05","یکشنبه","هفته 23",23,"یکشنبه 27 مرداد 1392",2,"تابستان",0,0,139205
20130819,2013-08-19 00:00:00.000,2013,8,19,819,1,"August","8/19/2013",201308,"8/1/2013","Monday","Week 34",34,13920528,1392,5,28,528,2,"مرداد","1392/05/28",13920528,"1392/05","دوشنبه","هفته 23",23,"دوشنبه 28 مرداد 1392",2,"تابستان",0,0,139205
20130820,2013-08-20 00:00:00.000,2013,8,20,820,2,"August","8/20/2013",201308,"8/1/2013","Tuesday","Week 34",34,13920529,1392,5,29,529,3,"مرداد","1392/05/29",13920529,"1392/05","سه شنبه","هفته 23",23,"سه شنبه 29 مرداد 1392",2,"تابستان",0,0,139205
20130821,2013-08-21 00:00:00.000,2013,8,21,821,3,"August","8/21/2013",201308,"8/1/2013","Wednesday","Week 34",34,13920530,1392,5,30,530,4,"مرداد","1392/05/30",13920530,"1392/05","چهارشنبه","هفته 23",23,"چهارشنبه 30 مرداد 1392",2,"تابستان",0,0,139205
20130822,2013-08-22 00:00:00.000,2013,8,22,822,4,"August","8/22/2013",201308,"8/1/2013","Thursday","Week 34",34,13920531,1392,5,31,531,5,"مرداد","1392/05/31",13920531,"1392/05","پنج شنبه","هفته 23",23,"پنج شنبه 31 مرداد 1392",2,"تابستان",0,0,139205
20130823,2013-08-23 00:00:00.000,2013,8,23,823,5,"August","8/23/2013",201308,"8/1/2013","Friday","Week 34",34,13920601,1392,6,1,601,6,"شهریور","1392/06/01",13920601,"1392/06","جمعه","هفته 23",23,"جمعه 1 شهریور 1392",2,"تابستان",0,0,139206
20130824,2013-08-24 00:00:00.000,2013,8,24,824,6,"August","8/24/2013",201308,"8/1/2013","Saturday","Week 34",34,13920602,1392,6,2,602,0,"شهریور","1392/06/02",13920602,"1392/06","شنبه","هفته 24",24,"شنبه 2 شهریور 1392",2,"تابستان",0,0,139206
20130825,2013-08-25 00:00:00.000,2013,8,25,825,0,"August","8/25/2013",201308,"8/1/2013","Sunday","Week 35",35,13920603,1392,6,3,603,1,"شهریور","1392/06/03",13920603,"1392/06","یکشنبه","هفته 24",24,"یکشنبه 3 شهریور 1392",2,"تابستان",0,0,139206
20130826,2013-08-26 00:00:00.000,2013,8,26,826,1,"August","8/26/2013",201308,"8/1/2013","Monday","Week 35",35,13920604,1392,6,4,604,2,"شهریور","1392/06/04",13920604,"1392/06","دوشنبه","هفته 24",24,"دوشنبه 4 شهریور 1392",2,"تابستان",0,0,139206
20130827,2013-08-27 00:00:00.000,2013,8,27,827,2,"August","8/27/2013",201308,"8/1/2013","Tuesday","Week 35",35,13920605,1392,6,5,605,3,"شهریور","1392/06/05",13920605,"1392/06","سه شنبه","هفته 24",24,"سه شنبه 5 شهریور 1392",2,"تابستان",0,0,139206
20130828,2013-08-28 00:00:00.000,2013,8,28,828,3,"August","8/28/2013",201308,"8/1/2013","Wednesday","Week 35",35,13920606,1392,6,6,606,4,"شهریور","1392/06/06",13920606,"1392/06","چهارشنبه","هفته 24",24,"چهارشنبه 6 شهریور 1392",2,"تابستان",0,0,139206
20130829,2013-08-29 00:00:00.000,2013,8,29,829,4,"August","8/29/2013",201308,"8/1/2013","Thursday","Week 35",35,13920607,1392,6,7,607,5,"شهریور","1392/06/07",13920607,"1392/06","پنج شنبه","هفته 24",24,"پنج شنبه 7 شهریور 1392",2,"تابستان",0,0,139206
20130830,2013-08-30 00:00:00.000,2013,8,30,830,5,"August","8/30/2013",201308,"8/1/2013","Friday","Week 35",35,13920608,1392,6,8,608,6,"شهریور","1392/06/08",13920608,"1392/06","جمعه","هفته 24",24,"جمعه 8 شهریور 1392",2,"تابستان",0,0,139206
20130831,2013-08-31 00:00:00.000,2013,8,31,831,6,"August","8/31/2013",201308,"8/1/2013","Saturday","Week 35",35,13920609,1392,6,9,609,0,"شهریور","1392/06/09",13920609,"1392/06","شنبه","هفته 25",25,"شنبه 9 شهریور 1392",2,"تابستان",0,0,139206
20130901,2013-09-01 00:00:00.000,2013,9,1,901,0,"September","9/1/2013",201309,"9/1/2013","Sunday","Week 36",36,13920610,1392,6,10,610,1,"شهریور","1392/06/10",13920610,"1392/06","یکشنبه","هفته 25",25,"یکشنبه 10 شهریور 1392",2,"تابستان",0,0,139206
20130902,2013-09-02 00:00:00.000,2013,9,2,902,1,"September","9/2/2013",201309,"9/1/2013","Monday","Week 36",36,13920611,1392,6,11,611,2,"شهریور","1392/06/11",13920611,"1392/06","دوشنبه","هفته 25",25,"دوشنبه 11 شهریور 1392",2,"تابستان",0,0,139206
20130903,2013-09-03 00:00:00.000,2013,9,3,903,2,"September","9/3/2013",201309,"9/1/2013","Tuesday","Week 36",36,13920612,1392,6,12,612,3,"شهریور","1392/06/12",13920612,"1392/06","سه شنبه","هفته 25",25,"سه شنبه 12 شهریور 1392",2,"تابستان",0,0,139206
20130904,2013-09-04 00:00:00.000,2013,9,4,904,3,"September","9/4/2013",201309,"9/1/2013","Wednesday","Week 36",36,13920613,1392,6,13,613,4,"شهریور","1392/06/13",13920613,"1392/06","چهارشنبه","هفته 25",25,"چهارشنبه 13 شهریور 1392",2,"تابستان",0,0,139206
20130905,2013-09-05 00:00:00.000,2013,9,5,905,4,"September","9/5/2013",201309,"9/1/2013","Thursday","Week 36",36,13920614,1392,6,14,614,5,"شهریور","1392/06/14",13920614,"1392/06","پنج شنبه","هفته 25",25,"پنج شنبه 14 شهریور 1392",2,"تابستان",0,0,139206
20130906,2013-09-06 00:00:00.000,2013,9,6,906,5,"September","9/6/2013",201309,"9/1/2013","Friday","Week 36",36,13920615,1392,6,15,615,6,"شهریور","1392/06/15",13920615,"1392/06","جمعه","هفته 25",25,"جمعه 15 شهریور 1392",2,"تابستان",0,0,139206
20130907,2013-09-07 00:00:00.000,2013,9,7,907,6,"September","9/7/2013",201309,"9/1/2013","Saturday","Week 36",36,13920616,1392,6,16,616,0,"شهریور","1392/06/16",13920616,"1392/06","شنبه","هفته 26",26,"شنبه 16 شهریور 1392",2,"تابستان",0,0,139206
20130908,2013-09-08 00:00:00.000,2013,9,8,908,0,"September","9/8/2013",201309,"9/1/2013","Sunday","Week 37",37,13920617,1392,6,17,617,1,"شهریور","1392/06/17",13920617,"1392/06","یکشنبه","هفته 26",26,"یکشنبه 17 شهریور 1392",2,"تابستان",0,0,139206
20130909,2013-09-09 00:00:00.000,2013,9,9,909,1,"September","9/9/2013",201309,"9/1/2013","Monday","Week 37",37,13920618,1392,6,18,618,2,"شهریور","1392/06/18",13920618,"1392/06","دوشنبه","هفته 26",26,"دوشنبه 18 شهریور 1392",2,"تابستان",0,0,139206
20130910,2013-09-10 00:00:00.000,2013,9,10,910,2,"September","9/10/2013",201309,"9/1/2013","Tuesday","Week 37",37,13920619,1392,6,19,619,3,"شهریور","1392/06/19",13920619,"1392/06","سه شنبه","هفته 26",26,"سه شنبه 19 شهریور 1392",2,"تابستان",0,0,139206
20130911,2013-09-11 00:00:00.000,2013,9,11,911,3,"September","9/11/2013",201309,"9/1/2013","Wednesday","Week 37",37,13920620,1392,6,20,620,4,"شهریور","1392/06/20",13920620,"1392/06","چهارشنبه","هفته 26",26,"چهارشنبه 20 شهریور 1392",2,"تابستان",0,0,139206
20130912,2013-09-12 00:00:00.000,2013,9,12,912,4,"September","9/12/2013",201309,"9/1/2013","Thursday","Week 37",37,13920621,1392,6,21,621,5,"شهریور","1392/06/21",13920621,"1392/06","پنج شنبه","هفته 26",26,"پنج شنبه 21 شهریور 1392",2,"تابستان",0,0,139206
20130913,2013-09-13 00:00:00.000,2013,9,13,913,5,"September","9/13/2013",201309,"9/1/2013","Friday","Week 37",37,13920622,1392,6,22,622,6,"شهریور","1392/06/22",13920622,"1392/06","جمعه","هفته 26",26,"جمعه 22 شهریور 1392",2,"تابستان",0,0,139206
20130914,2013-09-14 00:00:00.000,2013,9,14,914,6,"September","9/14/2013",201309,"9/1/2013","Saturday","Week 37",37,13920623,1392,6,23,623,0,"شهریور","1392/06/23",13920623,"1392/06","شنبه","هفته 27",27,"شنبه 23 شهریور 1392",2,"تابستان",0,0,139206
20130915,2013-09-15 00:00:00.000,2013,9,15,915,0,"September","9/15/2013",201309,"9/1/2013","Sunday","Week 38",38,13920624,1392,6,24,624,1,"شهریور","1392/06/24",13920624,"1392/06","یکشنبه","هفته 27",27,"یکشنبه 24 شهریور 1392",2,"تابستان",0,0,139206
20130916,2013-09-16 00:00:00.000,2013,9,16,916,1,"September","9/16/2013",201309,"9/1/2013","Monday","Week 38",38,13920625,1392,6,25,625,2,"شهریور","1392/06/25",13920625,"1392/06","دوشنبه","هفته 27",27,"دوشنبه 25 شهریور 1392",2,"تابستان",0,0,139206
20130917,2013-09-17 00:00:00.000,2013,9,17,917,2,"September","9/17/2013",201309,"9/1/2013","Tuesday","Week 38",38,13920626,1392,6,26,626,3,"شهریور","1392/06/26",13920626,"1392/06","سه شنبه","هفته 27",27,"سه شنبه 26 شهریور 1392",2,"تابستان",0,0,139206
20130918,2013-09-18 00:00:00.000,2013,9,18,918,3,"September","9/18/2013",201309,"9/1/2013","Wednesday","Week 38",38,13920627,1392,6,27,627,4,"شهریور","1392/06/27",13920627,"1392/06","چهارشنبه","هفته 27",27,"چهارشنبه 27 شهریور 1392",2,"تابستان",0,0,139206
20130919,2013-09-19 00:00:00.000,2013,9,19,919,4,"September","9/19/2013",201309,"9/1/2013","Thursday","Week 38",38,13920628,1392,6,28,628,5,"شهریور","1392/06/28",13920628,"1392/06","پنج شنبه","هفته 27",27,"پنج شنبه 28 شهریور 1392",2,"تابستان",0,0,139206
20130920,2013-09-20 00:00:00.000,2013,9,20,920,5,"September","9/20/2013",201309,"9/1/2013","Friday","Week 38",38,13920629,1392,6,29,629,6,"شهریور","1392/06/29",13920629,"1392/06","جمعه","هفته 27",27,"جمعه 29 شهریور 1392",2,"تابستان",0,0,139206
20130921,2013-09-21 00:00:00.000,2013,9,21,921,6,"September","9/21/2013",201309,"9/1/2013","Saturday","Week 38",38,13920630,1392,6,30,630,0,"شهریور","1392/06/30",13920630,"1392/06","شنبه","هفته 28",28,"شنبه 30 شهریور 1392",2,"تابستان",0,0,139206
20130922,2013-09-22 00:00:00.000,2013,9,22,922,0,"September","9/22/2013",201309,"9/1/2013","Sunday","Week 39",39,13920631,1392,6,31,631,1,"شهریور","1392/06/31",13920631,"1392/06","یکشنبه","هفته 28",28,"یکشنبه 31 شهریور 1392",2,"تابستان",0,0,139206
20130923,2013-09-23 00:00:00.000,2013,9,23,923,1,"September","9/23/2013",201309,"9/1/2013","Monday","Week 39",39,13920701,1392,7,1,701,2,"مهر","1392/07/01",13920701,"1392/07","دوشنبه","هفته 28",28,"دوشنبه 1 مهر 1392",3,"پاییز",0,0,139207
20130924,2013-09-24 00:00:00.000,2013,9,24,924,2,"September","9/24/2013",201309,"9/1/2013","Tuesday","Week 39",39,13920702,1392,7,2,702,3,"مهر","1392/07/02",13920702,"1392/07","سه شنبه","هفته 28",28,"سه شنبه 2 مهر 1392",3,"پاییز",0,0,139207
20130925,2013-09-25 00:00:00.000,2013,9,25,925,3,"September","9/25/2013",201309,"9/1/2013","Wednesday","Week 39",39,13920703,1392,7,3,703,4,"مهر","1392/07/03",13920703,"1392/07","چهارشنبه","هفته 28",28,"چهارشنبه 3 مهر 1392",3,"پاییز",0,0,139207
20130926,2013-09-26 00:00:00.000,2013,9,26,926,4,"September","9/26/2013",201309,"9/1/2013","Thursday","Week 39",39,13920704,1392,7,4,704,5,"مهر","1392/07/04",13920704,"1392/07","پنج شنبه","هفته 28",28,"پنج شنبه 4 مهر 1392",3,"پاییز",0,0,139207
20130927,2013-09-27 00:00:00.000,2013,9,27,927,5,"September","9/27/2013",201309,"9/1/2013","Friday","Week 39",39,13920705,1392,7,5,705,6,"مهر","1392/07/05",13920705,"1392/07","جمعه","هفته 28",28,"جمعه 5 مهر 1392",3,"پاییز",0,0,139207
20130928,2013-09-28 00:00:00.000,2013,9,28,928,6,"September","9/28/2013",201309,"9/1/2013","Saturday","Week 39",39,13920706,1392,7,6,706,0,"مهر","1392/07/06",13920706,"1392/07","شنبه","هفته 29",29,"شنبه 6 مهر 1392",3,"پاییز",0,0,139207
20130929,2013-09-29 00:00:00.000,2013,9,29,929,0,"September","9/29/2013",201309,"9/1/2013","Sunday","Week 40",40,13920707,1392,7,7,707,1,"مهر","1392/07/07",13920707,"1392/07","یکشنبه","هفته 29",29,"یکشنبه 7 مهر 1392",3,"پاییز",0,0,139207
20130930,2013-09-30 00:00:00.000,2013,9,30,930,1,"September","9/30/2013",201309,"9/1/2013","Monday","Week 40",40,13920708,1392,7,8,708,2,"مهر","1392/07/08",13920708,"1392/07","دوشنبه","هفته 29",29,"دوشنبه 8 مهر 1392",3,"پاییز",0,0,139207
20131001,2013-10-01 00:00:00.000,2013,10,1,1001,2,"October","10/1/2013",201310,"10/1/2013","Tuesday","Week 40",40,13920709,1392,7,9,709,3,"مهر","1392/07/09",13920709,"1392/07","سه شنبه","هفته 29",29,"سه شنبه 9 مهر 1392",3,"پاییز",0,0,139207
20131002,2013-10-02 00:00:00.000,2013,10,2,1002,3,"October","10/2/2013",201310,"10/1/2013","Wednesday","Week 40",40,13920710,1392,7,10,710,4,"مهر","1392/07/10",13920710,"1392/07","چهارشنبه","هفته 29",29,"چهارشنبه 10 مهر 1392",3,"پاییز",0,0,139207
20131003,2013-10-03 00:00:00.000,2013,10,3,1003,4,"October","10/3/2013",201310,"10/1/2013","Thursday","Week 40",40,13920711,1392,7,11,711,5,"مهر","1392/07/11",13920711,"1392/07","پنج شنبه","هفته 29",29,"پنج شنبه 11 مهر 1392",3,"پاییز",0,0,139207
20131004,2013-10-04 00:00:00.000,2013,10,4,1004,5,"October","10/4/2013",201310,"10/1/2013","Friday","Week 40",40,13920712,1392,7,12,712,6,"مهر","1392/07/12",13920712,"1392/07","جمعه","هفته 29",29,"جمعه 12 مهر 1392",3,"پاییز",0,0,139207
20131005,2013-10-05 00:00:00.000,2013,10,5,1005,6,"October","10/5/2013",201310,"10/1/2013","Saturday","Week 40",40,13920713,1392,7,13,713,0,"مهر","1392/07/13",13920713,"1392/07","شنبه","هفته 30",30,"شنبه 13 مهر 1392",3,"پاییز",0,0,139207
20131006,2013-10-06 00:00:00.000,2013,10,6,1006,0,"October","10/6/2013",201310,"10/1/2013","Sunday","Week 41",41,13920714,1392,7,14,714,1,"مهر","1392/07/14",13920714,"1392/07","یکشنبه","هفته 30",30,"یکشنبه 14 مهر 1392",3,"پاییز",0,0,139207
20131007,2013-10-07 00:00:00.000,2013,10,7,1007,1,"October","10/7/2013",201310,"10/1/2013","Monday","Week 41",41,13920715,1392,7,15,715,2,"مهر","1392/07/15",13920715,"1392/07","دوشنبه","هفته 30",30,"دوشنبه 15 مهر 1392",3,"پاییز",0,0,139207
20131008,2013-10-08 00:00:00.000,2013,10,8,1008,2,"October","10/8/2013",201310,"10/1/2013","Tuesday","Week 41",41,13920716,1392,7,16,716,3,"مهر","1392/07/16",13920716,"1392/07","سه شنبه","هفته 30",30,"سه شنبه 16 مهر 1392",3,"پاییز",0,0,139207
20131009,2013-10-09 00:00:00.000,2013,10,9,1009,3,"October","10/9/2013",201310,"10/1/2013","Wednesday","Week 41",41,13920717,1392,7,17,717,4,"مهر","1392/07/17",13920717,"1392/07","چهارشنبه","هفته 30",30,"چهارشنبه 17 مهر 1392",3,"پاییز",0,0,139207
20131010,2013-10-10 00:00:00.000,2013,10,10,1010,4,"October","10/10/2013",201310,"10/1/2013","Thursday","Week 41",41,13920718,1392,7,18,718,5,"مهر","1392/07/18",13920718,"1392/07","پنج شنبه","هفته 30",30,"پنج شنبه 18 مهر 1392",3,"پاییز",0,0,139207
20131011,2013-10-11 00:00:00.000,2013,10,11,1011,5,"October","10/11/2013",201310,"10/1/2013","Friday","Week 41",41,13920719,1392,7,19,719,6,"مهر","1392/07/19",13920719,"1392/07","جمعه","هفته 30",30,"جمعه 19 مهر 1392",3,"پاییز",0,0,139207
20131012,2013-10-12 00:00:00.000,2013,10,12,1012,6,"October","10/12/2013",201310,"10/1/2013","Saturday","Week 41",41,13920720,1392,7,20,720,0,"مهر","1392/07/20",13920720,"1392/07","شنبه","هفته 31",31,"شنبه 20 مهر 1392",3,"پاییز",0,0,139207
20131013,2013-10-13 00:00:00.000,2013,10,13,1013,0,"October","10/13/2013",201310,"10/1/2013","Sunday","Week 42",42,13920721,1392,7,21,721,1,"مهر","1392/07/21",13920721,"1392/07","یکشنبه","هفته 31",31,"یکشنبه 21 مهر 1392",3,"پاییز",0,0,139207
20131014,2013-10-14 00:00:00.000,2013,10,14,1014,1,"October","10/14/2013",201310,"10/1/2013","Monday","Week 42",42,13920722,1392,7,22,722,2,"مهر","1392/07/22",13920722,"1392/07","دوشنبه","هفته 31",31,"دوشنبه 22 مهر 1392",3,"پاییز",0,0,139207
20131015,2013-10-15 00:00:00.000,2013,10,15,1015,2,"October","10/15/2013",201310,"10/1/2013","Tuesday","Week 42",42,13920723,1392,7,23,723,3,"مهر","1392/07/23",13920723,"1392/07","سه شنبه","هفته 31",31,"سه شنبه 23 مهر 1392",3,"پاییز",0,0,139207
20131016,2013-10-16 00:00:00.000,2013,10,16,1016,3,"October","10/16/2013",201310,"10/1/2013","Wednesday","Week 42",42,13920724,1392,7,24,724,4,"مهر","1392/07/24",13920724,"1392/07","چهارشنبه","هفته 31",31,"چهارشنبه 24 مهر 1392",3,"پاییز",0,0,139207
20131017,2013-10-17 00:00:00.000,2013,10,17,1017,4,"October","10/17/2013",201310,"10/1/2013","Thursday","Week 42",42,13920725,1392,7,25,725,5,"مهر","1392/07/25",13920725,"1392/07","پنج شنبه","هفته 31",31,"پنج شنبه 25 مهر 1392",3,"پاییز",0,0,139207
20131018,2013-10-18 00:00:00.000,2013,10,18,1018,5,"October","10/18/2013",201310,"10/1/2013","Friday","Week 42",42,13920726,1392,7,26,726,6,"مهر","1392/07/26",13920726,"1392/07","جمعه","هفته 31",31,"جمعه 26 مهر 1392",3,"پاییز",0,0,139207
20131019,2013-10-19 00:00:00.000,2013,10,19,1019,6,"October","10/19/2013",201310,"10/1/2013","Saturday","Week 42",42,13920727,1392,7,27,727,0,"مهر","1392/07/27",13920727,"1392/07","شنبه","هفته 32",32,"شنبه 27 مهر 1392",3,"پاییز",0,0,139207
20131020,2013-10-20 00:00:00.000,2013,10,20,1020,0,"October","10/20/2013",201310,"10/1/2013","Sunday","Week 43",43,13920728,1392,7,28,728,1,"مهر","1392/07/28",13920728,"1392/07","یکشنبه","هفته 32",32,"یکشنبه 28 مهر 1392",3,"پاییز",0,0,139207
20131021,2013-10-21 00:00:00.000,2013,10,21,1021,1,"October","10/21/2013",201310,"10/1/2013","Monday","Week 43",43,13920729,1392,7,29,729,2,"مهر","1392/07/29",13920729,"1392/07","دوشنبه","هفته 32",32,"دوشنبه 29 مهر 1392",3,"پاییز",0,0,139207
20131022,2013-10-22 00:00:00.000,2013,10,22,1022,2,"October","10/22/2013",201310,"10/1/2013","Tuesday","Week 43",43,13920730,1392,7,30,730,3,"مهر","1392/07/30",13920730,"1392/07","سه شنبه","هفته 32",32,"سه شنبه 30 مهر 1392",3,"پاییز",0,0,139207
20131023,2013-10-23 00:00:00.000,2013,10,23,1023,3,"October","10/23/2013",201310,"10/1/2013","Wednesday","Week 43",43,13920801,1392,8,1,801,4,"آبان","1392/08/01",13920801,"1392/08","چهارشنبه","هفته 32",32,"چهارشنبه 1 آبان 1392",3,"پاییز",0,0,139208
20131024,2013-10-24 00:00:00.000,2013,10,24,1024,4,"October","10/24/2013",201310,"10/1/2013","Thursday","Week 43",43,13920802,1392,8,2,802,5,"آبان","1392/08/02",13920802,"1392/08","پنج شنبه","هفته 32",32,"پنج شنبه 2 آبان 1392",3,"پاییز",0,0,139208
20131025,2013-10-25 00:00:00.000,2013,10,25,1025,5,"October","10/25/2013",201310,"10/1/2013","Friday","Week 43",43,13920803,1392,8,3,803,6,"آبان","1392/08/03",13920803,"1392/08","جمعه","هفته 32",32,"جمعه 3 آبان 1392",3,"پاییز",0,0,139208
20131026,2013-10-26 00:00:00.000,2013,10,26,1026,6,"October","10/26/2013",201310,"10/1/2013","Saturday","Week 43",43,13920804,1392,8,4,804,0,"آبان","1392/08/04",13920804,"1392/08","شنبه","هفته 33",33,"شنبه 4 آبان 1392",3,"پاییز",0,0,139208
20131027,2013-10-27 00:00:00.000,2013,10,27,1027,0,"October","10/27/2013",201310,"10/1/2013","Sunday","Week 44",44,13920805,1392,8,5,805,1,"آبان","1392/08/05",13920805,"1392/08","یکشنبه","هفته 33",33,"یکشنبه 5 آبان 1392",3,"پاییز",0,0,139208
20131028,2013-10-28 00:00:00.000,2013,10,28,1028,1,"October","10/28/2013",201310,"10/1/2013","Monday","Week 44",44,13920806,1392,8,6,806,2,"آبان","1392/08/06",13920806,"1392/08","دوشنبه","هفته 33",33,"دوشنبه 6 آبان 1392",3,"پاییز",0,0,139208
20131029,2013-10-29 00:00:00.000,2013,10,29,1029,2,"October","10/29/2013",201310,"10/1/2013","Tuesday","Week 44",44,13920807,1392,8,7,807,3,"آبان","1392/08/07",13920807,"1392/08","سه شنبه","هفته 33",33,"سه شنبه 7 آبان 1392",3,"پاییز",0,0,139208
20131030,2013-10-30 00:00:00.000,2013,10,30,1030,3,"October","10/30/2013",201310,"10/1/2013","Wednesday","Week 44",44,13920808,1392,8,8,808,4,"آبان","1392/08/08",13920808,"1392/08","چهارشنبه","هفته 33",33,"چهارشنبه 8 آبان 1392",3,"پاییز",0,0,139208
20131031,2013-10-31 00:00:00.000,2013,10,31,1031,4,"October","10/31/2013",201310,"10/1/2013","Thursday","Week 44",44,13920809,1392,8,9,809,5,"آبان","1392/08/09",13920809,"1392/08","پنج شنبه","هفته 33",33,"پنج شنبه 9 آبان 1392",3,"پاییز",0,0,139208
20131101,2013-11-01 00:00:00.000,2013,11,1,1101,5,"November","11/1/2013",201311,"11/1/2013","Friday","Week 44",44,13920810,1392,8,10,810,6,"آبان","1392/08/10",13920810,"1392/08","جمعه","هفته 33",33,"جمعه 10 آبان 1392",3,"پاییز",0,0,139208
20131102,2013-11-02 00:00:00.000,2013,11,2,1102,6,"November","11/2/2013",201311,"11/1/2013","Saturday","Week 44",44,13920811,1392,8,11,811,0,"آبان","1392/08/11",13920811,"1392/08","شنبه","هفته 34",34,"شنبه 11 آبان 1392",3,"پاییز",0,0,139208
20131103,2013-11-03 00:00:00.000,2013,11,3,1103,0,"November","11/3/2013",201311,"11/1/2013","Sunday","Week 45",45,13920812,1392,8,12,812,1,"آبان","1392/08/12",13920812,"1392/08","یکشنبه","هفته 34",34,"یکشنبه 12 آبان 1392",3,"پاییز",0,0,139208
20131104,2013-11-04 00:00:00.000,2013,11,4,1104,1,"November","11/4/2013",201311,"11/1/2013","Monday","Week 45",45,13920813,1392,8,13,813,2,"آبان","1392/08/13",13920813,"1392/08","دوشنبه","هفته 34",34,"دوشنبه 13 آبان 1392",3,"پاییز",0,0,139208
20131105,2013-11-05 00:00:00.000,2013,11,5,1105,2,"November","11/5/2013",201311,"11/1/2013","Tuesday","Week 45",45,13920814,1392,8,14,814,3,"آبان","1392/08/14",13920814,"1392/08","سه شنبه","هفته 34",34,"سه شنبه 14 آبان 1392",3,"پاییز",0,0,139208
20131106,2013-11-06 00:00:00.000,2013,11,6,1106,3,"November","11/6/2013",201311,"11/1/2013","Wednesday","Week 45",45,13920815,1392,8,15,815,4,"آبان","1392/08/15",13920815,"1392/08","چهارشنبه","هفته 34",34,"چهارشنبه 15 آبان 1392",3,"پاییز",0,0,139208
20131107,2013-11-07 00:00:00.000,2013,11,7,1107,4,"November","11/7/2013",201311,"11/1/2013","Thursday","Week 45",45,13920816,1392,8,16,816,5,"آبان","1392/08/16",13920816,"1392/08","پنج شنبه","هفته 34",34,"پنج شنبه 16 آبان 1392",3,"پاییز",0,0,139208
20131108,2013-11-08 00:00:00.000,2013,11,8,1108,5,"November","11/8/2013",201311,"11/1/2013","Friday","Week 45",45,13920817,1392,8,17,817,6,"آبان","1392/08/17",13920817,"1392/08","جمعه","هفته 34",34,"جمعه 17 آبان 1392",3,"پاییز",0,0,139208
20131109,2013-11-09 00:00:00.000,2013,11,9,1109,6,"November","11/9/2013",201311,"11/1/2013","Saturday","Week 45",45,13920818,1392,8,18,818,0,"آبان","1392/08/18",13920818,"1392/08","شنبه","هفته 35",35,"شنبه 18 آبان 1392",3,"پاییز",0,0,139208
20131110,2013-11-10 00:00:00.000,2013,11,10,1110,0,"November","11/10/2013",201311,"11/1/2013","Sunday","Week 46",46,13920819,1392,8,19,819,1,"آبان","1392/08/19",13920819,"1392/08","یکشنبه","هفته 35",35,"یکشنبه 19 آبان 1392",3,"پاییز",0,0,139208
20131111,2013-11-11 00:00:00.000,2013,11,11,1111,1,"November","11/11/2013",201311,"11/1/2013","Monday","Week 46",46,13920820,1392,8,20,820,2,"آبان","1392/08/20",13920820,"1392/08","دوشنبه","هفته 35",35,"دوشنبه 20 آبان 1392",3,"پاییز",0,0,139208
20131112,2013-11-12 00:00:00.000,2013,11,12,1112,2,"November","11/12/2013",201311,"11/1/2013","Tuesday","Week 46",46,13920821,1392,8,21,821,3,"آبان","1392/08/21",13920821,"1392/08","سه شنبه","هفته 35",35,"سه شنبه 21 آبان 1392",3,"پاییز",0,0,139208
20131113,2013-11-13 00:00:00.000,2013,11,13,1113,3,"November","11/13/2013",201311,"11/1/2013","Wednesday","Week 46",46,13920822,1392,8,22,822,4,"آبان","1392/08/22",13920822,"1392/08","چهارشنبه","هفته 35",35,"چهارشنبه 22 آبان 1392",3,"پاییز",0,0,139208
20131114,2013-11-14 00:00:00.000,2013,11,14,1114,4,"November","11/14/2013",201311,"11/1/2013","Thursday","Week 46",46,13920823,1392,8,23,823,5,"آبان","1392/08/23",13920823,"1392/08","پنج شنبه","هفته 35",35,"پنج شنبه 23 آبان 1392",3,"پاییز",0,0,139208
20131115,2013-11-15 00:00:00.000,2013,11,15,1115,5,"November","11/15/2013",201311,"11/1/2013","Friday","Week 46",46,13920824,1392,8,24,824,6,"آبان","1392/08/24",13920824,"1392/08","جمعه","هفته 35",35,"جمعه 24 آبان 1392",3,"پاییز",0,0,139208
20131116,2013-11-16 00:00:00.000,2013,11,16,1116,6,"November","11/16/2013",201311,"11/1/2013","Saturday","Week 46",46,13920825,1392,8,25,825,0,"آبان","1392/08/25",13920825,"1392/08","شنبه","هفته 36",36,"شنبه 25 آبان 1392",3,"پاییز",0,0,139208
20131117,2013-11-17 00:00:00.000,2013,11,17,1117,0,"November","11/17/2013",201311,"11/1/2013","Sunday","Week 47",47,13920826,1392,8,26,826,1,"آبان","1392/08/26",13920826,"1392/08","یکشنبه","هفته 36",36,"یکشنبه 26 آبان 1392",3,"پاییز",0,0,139208
20131118,2013-11-18 00:00:00.000,2013,11,18,1118,1,"November","11/18/2013",201311,"11/1/2013","Monday","Week 47",47,13920827,1392,8,27,827,2,"آبان","1392/08/27",13920827,"1392/08","دوشنبه","هفته 36",36,"دوشنبه 27 آبان 1392",3,"پاییز",0,0,139208
20131119,2013-11-19 00:00:00.000,2013,11,19,1119,2,"November","11/19/2013",201311,"11/1/2013","Tuesday","Week 47",47,13920828,1392,8,28,828,3,"آبان","1392/08/28",13920828,"1392/08","سه شنبه","هفته 36",36,"سه شنبه 28 آبان 1392",3,"پاییز",0,0,139208
20131120,2013-11-20 00:00:00.000,2013,11,20,1120,3,"November","11/20/2013",201311,"11/1/2013","Wednesday","Week 47",47,13920829,1392,8,29,829,4,"آبان","1392/08/29",13920829,"1392/08","چهارشنبه","هفته 36",36,"چهارشنبه 29 آبان 1392",3,"پاییز",0,0,139208
20131121,2013-11-21 00:00:00.000,2013,11,21,1121,4,"November","11/21/2013",201311,"11/1/2013","Thursday","Week 47",47,13920830,1392,8,30,830,5,"آبان","1392/08/30",13920830,"1392/08","پنج شنبه","هفته 36",36,"پنج شنبه 30 آبان 1392",3,"پاییز",0,0,139208
20131122,2013-11-22 00:00:00.000,2013,11,22,1122,5,"November","11/22/2013",201311,"11/1/2013","Friday","Week 47",47,13920901,1392,9,1,901,6,"آذر","1392/09/01",13920901,"1392/09","جمعه","هفته 36",36,"جمعه 1 آذر 1392",3,"پاییز",0,0,139209
20131123,2013-11-23 00:00:00.000,2013,11,23,1123,6,"November","11/23/2013",201311,"11/1/2013","Saturday","Week 47",47,13920902,1392,9,2,902,0,"آذر","1392/09/02",13920902,"1392/09","شنبه","هفته 37",37,"شنبه 2 آذر 1392",3,"پاییز",0,0,139209
20131124,2013-11-24 00:00:00.000,2013,11,24,1124,0,"November","11/24/2013",201311,"11/1/2013","Sunday","Week 48",48,13920903,1392,9,3,903,1,"آذر","1392/09/03",13920903,"1392/09","یکشنبه","هفته 37",37,"یکشنبه 3 آذر 1392",3,"پاییز",0,0,139209
20131125,2013-11-25 00:00:00.000,2013,11,25,1125,1,"November","11/25/2013",201311,"11/1/2013","Monday","Week 48",48,13920904,1392,9,4,904,2,"آذر","1392/09/04",13920904,"1392/09","دوشنبه","هفته 37",37,"دوشنبه 4 آذر 1392",3,"پاییز",0,0,139209
20131126,2013-11-26 00:00:00.000,2013,11,26,1126,2,"November","11/26/2013",201311,"11/1/2013","Tuesday","Week 48",48,13920905,1392,9,5,905,3,"آذر","1392/09/05",13920905,"1392/09","سه شنبه","هفته 37",37,"سه شنبه 5 آذر 1392",3,"پاییز",0,0,139209
20131127,2013-11-27 00:00:00.000,2013,11,27,1127,3,"November","11/27/2013",201311,"11/1/2013","Wednesday","Week 48",48,13920906,1392,9,6,906,4,"آذر","1392/09/06",13920906,"1392/09","چهارشنبه","هفته 37",37,"چهارشنبه 6 آذر 1392",3,"پاییز",0,0,139209
20131128,2013-11-28 00:00:00.000,2013,11,28,1128,4,"November","11/28/2013",201311,"11/1/2013","Thursday","Week 48",48,13920907,1392,9,7,907,5,"آذر","1392/09/07",13920907,"1392/09","پنج شنبه","هفته 37",37,"پنج شنبه 7 آذر 1392",3,"پاییز",0,0,139209
20131129,2013-11-29 00:00:00.000,2013,11,29,1129,5,"November","11/29/2013",201311,"11/1/2013","Friday","Week 48",48,13920908,1392,9,8,908,6,"آذر","1392/09/08",13920908,"1392/09","جمعه","هفته 37",37,"جمعه 8 آذر 1392",3,"پاییز",0,0,139209
20131130,2013-11-30 00:00:00.000,2013,11,30,1130,6,"November","11/30/2013",201311,"11/1/2013","Saturday","Week 48",48,13920909,1392,9,9,909,0,"آذر","1392/09/09",13920909,"1392/09","شنبه","هفته 38",38,"شنبه 9 آذر 1392",3,"پاییز",0,0,139209
20131201,2013-12-01 00:00:00.000,2013,12,1,1201,0,"December","12/1/2013",201312,"12/1/2013","Sunday","Week 49",49,13920910,1392,9,10,910,1,"آذر","1392/09/10",13920910,"1392/09","یکشنبه","هفته 38",38,"یکشنبه 10 آذر 1392",3,"پاییز",0,0,139209
20131202,2013-12-02 00:00:00.000,2013,12,2,1202,1,"December","12/2/2013",201312,"12/1/2013","Monday","Week 49",49,13920911,1392,9,11,911,2,"آذر","1392/09/11",13920911,"1392/09","دوشنبه","هفته 38",38,"دوشنبه 11 آذر 1392",3,"پاییز",0,0,139209
20131203,2013-12-03 00:00:00.000,2013,12,3,1203,2,"December","12/3/2013",201312,"12/1/2013","Tuesday","Week 49",49,13920912,1392,9,12,912,3,"آذر","1392/09/12",13920912,"1392/09","سه شنبه","هفته 38",38,"سه شنبه 12 آذر 1392",3,"پاییز",0,0,139209
20131204,2013-12-04 00:00:00.000,2013,12,4,1204,3,"December","12/4/2013",201312,"12/1/2013","Wednesday","Week 49",49,13920913,1392,9,13,913,4,"آذر","1392/09/13",13920913,"1392/09","چهارشنبه","هفته 38",38,"چهارشنبه 13 آذر 1392",3,"پاییز",0,0,139209
20131205,2013-12-05 00:00:00.000,2013,12,5,1205,4,"December","12/5/2013",201312,"12/1/2013","Thursday","Week 49",49,13920914,1392,9,14,914,5,"آذر","1392/09/14",13920914,"1392/09","پنج شنبه","هفته 38",38,"پنج شنبه 14 آذر 1392",3,"پاییز",0,0,139209
20131206,2013-12-06 00:00:00.000,2013,12,6,1206,5,"December","12/6/2013",201312,"12/1/2013","Friday","Week 49",49,13920915,1392,9,15,915,6,"آذر","1392/09/15",13920915,"1392/09","جمعه","هفته 38",38,"جمعه 15 آذر 1392",3,"پاییز",0,0,139209
20131207,2013-12-07 00:00:00.000,2013,12,7,1207,6,"December","12/7/2013",201312,"12/1/2013","Saturday","Week 49",49,13920916,1392,9,16,916,0,"آذر","1392/09/16",13920916,"1392/09","شنبه","هفته 39",39,"شنبه 16 آذر 1392",3,"پاییز",0,0,139209
20131208,2013-12-08 00:00:00.000,2013,12,8,1208,0,"December","12/8/2013",201312,"12/1/2013","Sunday","Week 50",50,13920917,1392,9,17,917,1,"آذر","1392/09/17",13920917,"1392/09","یکشنبه","هفته 39",39,"یکشنبه 17 آذر 1392",3,"پاییز",0,0,139209
20131209,2013-12-09 00:00:00.000,2013,12,9,1209,1,"December","12/9/2013",201312,"12/1/2013","Monday","Week 50",50,13920918,1392,9,18,918,2,"آذر","1392/09/18",13920918,"1392/09","دوشنبه","هفته 39",39,"دوشنبه 18 آذر 1392",3,"پاییز",0,0,139209
20131210,2013-12-10 00:00:00.000,2013,12,10,1210,2,"December","12/10/2013",201312,"12/1/2013","Tuesday","Week 50",50,13920919,1392,9,19,919,3,"آذر","1392/09/19",13920919,"1392/09","سه شنبه","هفته 39",39,"سه شنبه 19 آذر 1392",3,"پاییز",0,0,139209
20131211,2013-12-11 00:00:00.000,2013,12,11,1211,3,"December","12/11/2013",201312,"12/1/2013","Wednesday","Week 50",50,13920920,1392,9,20,920,4,"آذر","1392/09/20",13920920,"1392/09","چهارشنبه","هفته 39",39,"چهارشنبه 20 آذر 1392",3,"پاییز",0,0,139209
20131212,2013-12-12 00:00:00.000,2013,12,12,1212,4,"December","12/12/2013",201312,"12/1/2013","Thursday","Week 50",50,13920921,1392,9,21,921,5,"آذر","1392/09/21",13920921,"1392/09","پنج شنبه","هفته 39",39,"پنج شنبه 21 آذر 1392",3,"پاییز",0,0,139209
20131213,2013-12-13 00:00:00.000,2013,12,13,1213,5,"December","12/13/2013",201312,"12/1/2013","Friday","Week 50",50,13920922,1392,9,22,922,6,"آذر","1392/09/22",13920922,"1392/09","جمعه","هفته 39",39,"جمعه 22 آذر 1392",3,"پاییز",0,0,139209
20131214,2013-12-14 00:00:00.000,2013,12,14,1214,6,"December","12/14/2013",201312,"12/1/2013","Saturday","Week 50",50,13920923,1392,9,23,923,0,"آذر","1392/09/23",13920923,"1392/09","شنبه","هفته 40",40,"شنبه 23 آذر 1392",3,"پاییز",0,0,139209
20131215,2013-12-15 00:00:00.000,2013,12,15,1215,0,"December","12/15/2013",201312,"12/1/2013","Sunday","Week 51",51,13920924,1392,9,24,924,1,"آذر","1392/09/24",13920924,"1392/09","یکشنبه","هفته 40",40,"یکشنبه 24 آذر 1392",3,"پاییز",0,0,139209
20131216,2013-12-16 00:00:00.000,2013,12,16,1216,1,"December","12/16/2013",201312,"12/1/2013","Monday","Week 51",51,13920925,1392,9,25,925,2,"آذر","1392/09/25",13920925,"1392/09","دوشنبه","هفته 40",40,"دوشنبه 25 آذر 1392",3,"پاییز",0,0,139209
20131217,2013-12-17 00:00:00.000,2013,12,17,1217,2,"December","12/17/2013",201312,"12/1/2013","Tuesday","Week 51",51,13920926,1392,9,26,926,3,"آذر","1392/09/26",13920926,"1392/09","سه شنبه","هفته 40",40,"سه شنبه 26 آذر 1392",3,"پاییز",0,0,139209
20131218,2013-12-18 00:00:00.000,2013,12,18,1218,3,"December","12/18/2013",201312,"12/1/2013","Wednesday","Week 51",51,13920927,1392,9,27,927,4,"آذر","1392/09/27",13920927,"1392/09","چهارشنبه","هفته 40",40,"چهارشنبه 27 آذر 1392",3,"پاییز",0,0,139209
20131219,2013-12-19 00:00:00.000,2013,12,19,1219,4,"December","12/19/2013",201312,"12/1/2013","Thursday","Week 51",51,13920928,1392,9,28,928,5,"آذر","1392/09/28",13920928,"1392/09","پنج شنبه","هفته 40",40,"پنج شنبه 28 آذر 1392",3,"پاییز",0,0,139209
20131220,2013-12-20 00:00:00.000,2013,12,20,1220,5,"December","12/20/2013",201312,"12/1/2013","Friday","Week 51",51,13920929,1392,9,29,929,6,"آذر","1392/09/29",13920929,"1392/09","جمعه","هفته 40",40,"جمعه 29 آذر 1392",3,"پاییز",0,0,139209
20131221,2013-12-21 00:00:00.000,2013,12,21,1221,6,"December","12/21/2013",201312,"12/1/2013","Saturday","Week 51",51,13920930,1392,9,30,930,0,"آذر","1392/09/30",13920930,"1392/09","شنبه","هفته 41",41,"شنبه 30 آذر 1392",3,"پاییز",0,0,139209
20131222,2013-12-22 00:00:00.000,2013,12,22,1222,0,"December","12/22/2013",201312,"12/1/2013","Sunday","Week 52",52,13921001,1392,10,1,1001,1,"دی","1392/10/01",13921001,"1392/10","یکشنبه","هفته 41",41,"یکشنبه 1 دی 1392",4,"زمستان",0,0,139210
20131223,2013-12-23 00:00:00.000,2013,12,23,1223,1,"December","12/23/2013",201312,"12/1/2013","Monday","Week 52",52,13921002,1392,10,2,1002,2,"دی","1392/10/02",13921002,"1392/10","دوشنبه","هفته 41",41,"دوشنبه 2 دی 1392",4,"زمستان",0,0,139210
20131224,2013-12-24 00:00:00.000,2013,12,24,1224,2,"December","12/24/2013",201312,"12/1/2013","Tuesday","Week 52",52,13921003,1392,10,3,1003,3,"دی","1392/10/03",13921003,"1392/10","سه شنبه","هفته 41",41,"سه شنبه 3 دی 1392",4,"زمستان",0,0,139210
20131225,2013-12-25 00:00:00.000,2013,12,25,1225,3,"December","12/25/2013",201312,"12/1/2013","Wednesday","Week 52",52,13921004,1392,10,4,1004,4,"دی","1392/10/04",13921004,"1392/10","چهارشنبه","هفته 41",41,"چهارشنبه 4 دی 1392",4,"زمستان",0,0,139210
20131226,2013-12-26 00:00:00.000,2013,12,26,1226,4,"December","12/26/2013",201312,"12/1/2013","Thursday","Week 52",52,13921005,1392,10,5,1005,5,"دی","1392/10/05",13921005,"1392/10","پنج شنبه","هفته 41",41,"پنج شنبه 5 دی 1392",4,"زمستان",0,0,139210
20131227,2013-12-27 00:00:00.000,2013,12,27,1227,5,"December","12/27/2013",201312,"12/1/2013","Friday","Week 52",52,13921006,1392,10,6,1006,6,"دی","1392/10/06",13921006,"1392/10","جمعه","هفته 41",41,"جمعه 6 دی 1392",4,"زمستان",0,0,139210
20131228,2013-12-28 00:00:00.000,2013,12,28,1228,6,"December","12/28/2013",201312,"12/1/2013","Saturday","Week 52",52,13921007,1392,10,7,1007,0,"دی","1392/10/07",13921007,"1392/10","شنبه","هفته 42",42,"شنبه 7 دی 1392",4,"زمستان",0,0,139210
20131229,2013-12-29 00:00:00.000,2013,12,29,1229,0,"December","12/29/2013",201312,"12/1/2013","Sunday","Week 53",53,13921008,1392,10,8,1008,1,"دی","1392/10/08",13921008,"1392/10","یکشنبه","هفته 42",42,"یکشنبه 8 دی 1392",4,"زمستان",0,0,139210
20131230,2013-12-30 00:00:00.000,2013,12,30,1230,1,"December","12/30/2013",201312,"12/1/2013","Monday","Week 53",53,13921009,1392,10,9,1009,2,"دی","1392/10/09",13921009,"1392/10","دوشنبه","هفته 42",42,"دوشنبه 9 دی 1392",4,"زمستان",0,0,139210
20131231,2013-12-31 00:00:00.000,2013,12,31,1231,2,"December","12/31/2013",201312,"12/1/2013","Tuesday","Week 53",53,13921010,1392,10,10,1010,3,"دی","1392/10/10",13921010,"1392/10","سه شنبه","هفته 42",42,"سه شنبه 10 دی 1392",4,"زمستان",0,0,139210
20130321,2013-03-21 00:00:00.000,2013,3,21,321,4,"March","3/21/2013",201303,"3/1/2013","Thursday","Week 12",12,13920101,1392,1,1,101,5,"فروردین","1392/01/01",13920101,"1392/01","پنج شنبه","هفته 1",1,"پنج شنبه 1 فروردین 1392",1,"بهار",0,0,139201
20130322,2013-03-22 00:00:00.000,2013,3,22,322,5,"March","3/22/2013",201303,"3/1/2013","Friday","Week 12",12,13920102,1392,1,2,102,6,"فروردین","1392/01/02",13920102,"1392/01","جمعه","هفته 1",1,"جمعه 2 فروردین 1392",1,"بهار",0,0,139201
20130323,2013-03-23 00:00:00.000,2013,3,23,323,6,"March","3/23/2013",201303,"3/1/2013","Saturday","Week 12",12,13920103,1392,1,3,103,0,"فروردین","1392/01/03",13920103,"1392/01","شنبه","هفته 2",2,"شنبه 3 فروردین 1392",1,"بهار",0,0,139201
20130324,2013-03-24 00:00:00.000,2013,3,24,324,0,"March","3/24/2013",201303,"3/1/2013","Sunday","Week 13",13,13920104,1392,1,4,104,1,"فروردین","1392/01/04",13920104,"1392/01","یکشنبه","هفته 2",2,"یکشنبه 4 فروردین 1392",1,"بهار",0,0,139201
20130325,2013-03-25 00:00:00.000,2013,3,25,325,1,"March","3/25/2013",201303,"3/1/2013","Monday","Week 13",13,13920105,1392,1,5,105,2,"فروردین","1392/01/05",13920105,"1392/01","دوشنبه","هفته 2",2,"دوشنبه 5 فروردین 1392",1,"بهار",0,0,139201
20130326,2013-03-26 00:00:00.000,2013,3,26,326,2,"March","3/26/2013",201303,"3/1/2013","Tuesday","Week 13",13,13920106,1392,1,6,106,3,"فروردین","1392/01/06",13920106,"1392/01","سه شنبه","هفته 2",2,"سه شنبه 6 فروردین 1392",1,"بهار",0,0,139201
20130327,2013-03-27 00:00:00.000,2013,3,27,327,3,"March","3/27/2013",201303,"3/1/2013","Wednesday","Week 13",13,13920107,1392,1,7,107,4,"فروردین","1392/01/07",13920107,"1392/01","چهارشنبه","هفته 2",2,"چهارشنبه 7 فروردین 1392",1,"بهار",0,0,139201
20130328,2013-03-28 00:00:00.000,2013,3,28,328,4,"March","3/28/2013",201303,"3/1/2013","Thursday","Week 13",13,13920108,1392,1,8,108,5,"فروردین","1392/01/08",13920108,"1392/01","پنج شنبه","هفته 2",2,"پنج شنبه 8 فروردین 1392",1,"بهار",0,0,139201
20130329,2013-03-29 00:00:00.000,2013,3,29,329,5,"March","3/29/2013",201303,"3/1/2013","Friday","Week 13",13,13920109,1392,1,9,109,6,"فروردین","1392/01/09",13920109,"1392/01","جمعه","هفته 2",2,"جمعه 9 فروردین 1392",1,"بهار",0,0,139201
20130330,2013-03-30 00:00:00.000,2013,3,30,330,6,"March","3/30/2013",201303,"3/1/2013","Saturday","Week 13",13,13920110,1392,1,10,110,0,"فروردین","1392/01/10",13920110,"1392/01","شنبه","هفته 3",3,"شنبه 10 فروردین 1392",1,"بهار",0,0,139201
20130331,2013-03-31 00:00:00.000,2013,3,31,331,0,"March","3/31/2013",201303,"3/1/2013","Sunday","Week 14",14,13920111,1392,1,11,111,1,"فروردین","1392/01/11",13920111,"1392/01","یکشنبه","هفته 3",3,"یکشنبه 11 فروردین 1392",1,"بهار",0,0,139201
20130401,2013-04-01 00:00:00.000,2013,4,1,401,1,"April","4/1/2013",201304,"4/1/2013","Monday","Week 14",14,13920112,1392,1,12,112,2,"فروردین","1392/01/12",13920112,"1392/01","دوشنبه","هفته 3",3,"دوشنبه 12 فروردین 1392",1,"بهار",0,0,139201
20130402,2013-04-02 00:00:00.000,2013,4,2,402,2,"April","4/2/2013",201304,"4/1/2013","Tuesday","Week 14",14,13920113,1392,1,13,113,3,"فروردین","1392/01/13",13920113,"1392/01","سه شنبه","هفته 3",3,"سه شنبه 13 فروردین 1392",1,"بهار",0,0,139201
20130403,2013-04-03 00:00:00.000,2013,4,3,403,3,"April","4/3/2013",201304,"4/1/2013","Wednesday","Week 14",14,13920114,1392,1,14,114,4,"فروردین","1392/01/14",13920114,"1392/01","چهارشنبه","هفته 3",3,"چهارشنبه 14 فروردین 1392",1,"بهار",0,0,139201
20130404,2013-04-04 00:00:00.000,2013,4,4,404,4,"April","4/4/2013",201304,"4/1/2013","Thursday","Week 14",14,13920115,1392,1,15,115,5,"فروردین","1392/01/15",13920115,"1392/01","پنج شنبه","هفته 3",3,"پنج شنبه 15 فروردین 1392",1,"بهار",0,0,139201
20130405,2013-04-05 00:00:00.000,2013,4,5,405,5,"April","4/5/2013",201304,"4/1/2013","Friday","Week 14",14,13920116,1392,1,16,116,6,"فروردین","1392/01/16",13920116,"1392/01","جمعه","هفته 3",3,"جمعه 16 فروردین 1392",1,"بهار",0,0,139201
20130406,2013-04-06 00:00:00.000,2013,4,6,406,6,"April","4/6/2013",201304,"4/1/2013","Saturday","Week 14",14,13920117,1392,1,17,117,0,"فروردین","1392/01/17",13920117,"1392/01","شنبه","هفته 4",4,"شنبه 17 فروردین 1392",1,"بهار",0,0,139201
20130407,2013-04-07 00:00:00.000,2013,4,7,407,0,"April","4/7/2013",201304,"4/1/2013","Sunday","Week 15",15,13920118,1392,1,18,118,1,"فروردین","1392/01/18",13920118,"1392/01","یکشنبه","هفته 4",4,"یکشنبه 18 فروردین 1392",1,"بهار",0,0,139201
20130408,2013-04-08 00:00:00.000,2013,4,8,408,1,"April","4/8/2013",201304,"4/1/2013","Monday","Week 15",15,13920119,1392,1,19,119,2,"فروردین","1392/01/19",13920119,"1392/01","دوشنبه","هفته 4",4,"دوشنبه 19 فروردین 1392",1,"بهار",0,0,139201
20130409,2013-04-09 00:00:00.000,2013,4,9,409,2,"April","4/9/2013",201304,"4/1/2013","Tuesday","Week 15",15,13920120,1392,1,20,120,3,"فروردین","1392/01/20",13920120,"1392/01","سه شنبه","هفته 4",4,"سه شنبه 20 فروردین 1392",1,"بهار",0,0,139201
20130410,2013-04-10 00:00:00.000,2013,4,10,410,3,"April","4/10/2013",201304,"4/1/2013","Wednesday","Week 15",15,13920121,1392,1,21,121,4,"فروردین","1392/01/21",13920121,"1392/01","چهارشنبه","هفته 4",4,"چهارشنبه 21 فروردین 1392",1,"بهار",0,0,139201
20130411,2013-04-11 00:00:00.000,2013,4,11,411,4,"April","4/11/2013",201304,"4/1/2013","Thursday","Week 15",15,13920122,1392,1,22,122,5,"فروردین","1392/01/22",13920122,"1392/01","پنج شنبه","هفته 4",4,"پنج شنبه 22 فروردین 1392",1,"بهار",0,0,139201
20130412,2013-04-12 00:00:00.000,2013,4,12,412,5,"April","4/12/2013",201304,"4/1/2013","Friday","Week 15",15,13920123,1392,1,23,123,6,"فروردین","1392/01/23",13920123,"1392/01","جمعه","هفته 4",4,"جمعه 23 فروردین 1392",1,"بهار",0,0,139201
20130413,2013-04-13 00:00:00.000,2013,4,13,413,6,"April","4/13/2013",201304,"4/1/2013","Saturday","Week 15",15,13920124,1392,1,24,124,0,"فروردین","1392/01/24",13920124,"1392/01","شنبه","هفته 5",5,"شنبه 24 فروردین 1392",1,"بهار",0,0,139201
20130414,2013-04-14 00:00:00.000,2013,4,14,414,0,"April","4/14/2013",201304,"4/1/2013","Sunday","Week 16",16,13920125,1392,1,25,125,1,"فروردین","1392/01/25",13920125,"1392/01","یکشنبه","هفته 5",5,"یکشنبه 25 فروردین 1392",1,"بهار",0,0,139201
20130415,2013-04-15 00:00:00.000,2013,4,15,415,1,"April","4/15/2013",201304,"4/1/2013","Monday","Week 16",16,13920126,1392,1,26,126,2,"فروردین","1392/01/26",13920126,"1392/01","دوشنبه","هفته 5",5,"دوشنبه 26 فروردین 1392",1,"بهار",0,0,139201
20130416,2013-04-16 00:00:00.000,2013,4,16,416,2,"April","4/16/2013",201304,"4/1/2013","Tuesday","Week 16",16,13920127,1392,1,27,127,3,"فروردین","1392/01/27",13920127,"1392/01","سه شنبه","هفته 5",5,"سه شنبه 27 فروردین 1392",1,"بهار",0,0,139201
20130417,2013-04-17 00:00:00.000,2013,4,17,417,3,"April","4/17/2013",201304,"4/1/2013","Wednesday","Week 16",16,13920128,1392,1,28,128,4,"فروردین","1392/01/28",13920128,"1392/01","چهارشنبه","هفته 5",5,"چهارشنبه 28 فروردین 1392",1,"بهار",0,0,139201
20130418,2013-04-18 00:00:00.000,2013,4,18,418,4,"April","4/18/2013",201304,"4/1/2013","Thursday","Week 16",16,13920129,1392,1,29,129,5,"فروردین","1392/01/29",13920129,"1392/01","پنج شنبه","هفته 5",5,"پنج شنبه 29 فروردین 1392",1,"بهار",0,0,139201
20130419,2013-04-19 00:00:00.000,2013,4,19,419,5,"April","4/19/2013",201304,"4/1/2013","Friday","Week 16",16,13920130,1392,1,30,130,6,"فروردین","1392/01/30",13920130,"1392/01","جمعه","هفته 5",5,"جمعه 30 فروردین 1392",1,"بهار",0,0,139201
20130420,2013-04-20 00:00:00.000,2013,4,20,420,6,"April","4/20/2013",201304,"4/1/2013","Saturday","Week 16",16,13920131,1392,1,31,131,0,"فروردین","1392/01/31",13920131,"1392/01","شنبه","هفته 6",6,"شنبه 31 فروردین 1392",1,"بهار",0,0,139201
20130421,2013-04-21 00:00:00.000,2013,4,21,421,0,"April","4/21/2013",201304,"4/1/2013","Sunday","Week 17",17,13920201,1392,2,1,201,1,"اردیبهشت","1392/02/01",13920201,"1392/02","یکشنبه","هفته 6",6,"یکشنبه 1 اردیبهشت 1392",1,"بهار",0,0,139202
20130422,2013-04-22 00:00:00.000,2013,4,22,422,1,"April","4/22/2013",201304,"4/1/2013","Monday","Week 17",17,13920202,1392,2,2,202,2,"اردیبهشت","1392/02/02",13920202,"1392/02","دوشنبه","هفته 6",6,"دوشنبه 2 اردیبهشت 1392",1,"بهار",0,0,139202
20130423,2013-04-23 00:00:00.000,2013,4,23,423,2,"April","4/23/2013",201304,"4/1/2013","Tuesday","Week 17",17,13920203,1392,2,3,203,3,"اردیبهشت","1392/02/03",13920203,"1392/02","سه شنبه","هفته 6",6,"سه شنبه 3 اردیبهشت 1392",1,"بهار",0,0,139202
20130424,2013-04-24 00:00:00.000,2013,4,24,424,3,"April","4/24/2013",201304,"4/1/2013","Wednesday","Week 17",17,13920204,1392,2,4,204,4,"اردیبهشت","1392/02/04",13920204,"1392/02","چهارشنبه","هفته 6",6,"چهارشنبه 4 اردیبهشت 1392",1,"بهار",0,0,139202
20130425,2013-04-25 00:00:00.000,2013,4,25,425,4,"April","4/25/2013",201304,"4/1/2013","Thursday","Week 17",17,13920205,1392,2,5,205,5,"اردیبهشت","1392/02/05",13920205,"1392/02","پنج شنبه","هفته 6",6,"پنج شنبه 5 اردیبهشت 1392",1,"بهار",0,0,139202
20130426,2013-04-26 00:00:00.000,2013,4,26,426,5,"April","4/26/2013",201304,"4/1/2013","Friday","Week 17",17,13920206,1392,2,6,206,6,"اردیبهشت","1392/02/06",13920206,"1392/02","جمعه","هفته 6",6,"جمعه 6 اردیبهشت 1392",1,"بهار",0,0,139202
20130427,2013-04-27 00:00:00.000,2013,4,27,427,6,"April","4/27/2013",201304,"4/1/2013","Saturday","Week 17",17,13920207,1392,2,7,207,0,"اردیبهشت","1392/02/07",13920207,"1392/02","شنبه","هفته 7",7,"شنبه 7 اردیبهشت 1392",1,"بهار",0,0,139202
20130428,2013-04-28 00:00:00.000,2013,4,28,428,0,"April","4/28/2013",201304,"4/1/2013","Sunday","Week 18",18,13920208,1392,2,8,208,1,"اردیبهشت","1392/02/08",13920208,"1392/02","یکشنبه","هفته 7",7,"یکشنبه 8 اردیبهشت 1392",1,"بهار",0,0,139202
20130429,2013-04-29 00:00:00.000,2013,4,29,429,1,"April","4/29/2013",201304,"4/1/2013","Monday","Week 18",18,13920209,1392,2,9,209,2,"اردیبهشت","1392/02/09",13920209,"1392/02","دوشنبه","هفته 7",7,"دوشنبه 9 اردیبهشت 1392",1,"بهار",0,0,139202
20130430,2013-04-30 00:00:00.000,2013,4,30,430,2,"April","4/30/2013",201304,"4/1/2013","Tuesday","Week 18",18,13920210,1392,2,10,210,3,"اردیبهشت","1392/02/10",13920210,"1392/02","سه شنبه","هفته 7",7,"سه شنبه 10 اردیبهشت 1392",1,"بهار",0,0,139202
20130501,2013-05-01 00:00:00.000,2013,5,1,501,3,"May","5/1/2013",201305,"5/1/2013","Wednesday","Week 18",18,13920211,1392,2,11,211,4,"اردیبهشت","1392/02/11",13920211,"1392/02","چهارشنبه","هفته 7",7,"چهارشنبه 11 اردیبهشت 1392",1,"بهار",0,0,139202
20130502,2013-05-02 00:00:00.000,2013,5,2,502,4,"May","5/2/2013",201305,"5/1/2013","Thursday","Week 18",18,13920212,1392,2,12,212,5,"اردیبهشت","1392/02/12",13920212,"1392/02","پنج شنبه","هفته 7",7,"پنج شنبه 12 اردیبهشت 1392",1,"بهار",0,0,139202
20130503,2013-05-03 00:00:00.000,2013,5,3,503,5,"May","5/3/2013",201305,"5/1/2013","Friday","Week 18",18,13920213,1392,2,13,213,6,"اردیبهشت","1392/02/13",13920213,"1392/02","جمعه","هفته 7",7,"جمعه 13 اردیبهشت 1392",1,"بهار",0,0,139202
20130504,2013-05-04 00:00:00.000,2013,5,4,504,6,"May","5/4/2013",201305,"5/1/2013","Saturday","Week 18",18,13920214,1392,2,14,214,0,"اردیبهشت","1392/02/14",13920214,"1392/02","شنبه","هفته 8",8,"شنبه 14 اردیبهشت 1392",1,"بهار",0,0,139202
20130505,2013-05-05 00:00:00.000,2013,5,5,505,0,"May","5/5/2013",201305,"5/1/2013","Sunday","Week 19",19,13920215,1392,2,15,215,1,"اردیبهشت","1392/02/15",13920215,"1392/02","یکشنبه","هفته 8",8,"یکشنبه 15 اردیبهشت 1392",1,"بهار",0,0,139202
20130506,2013-05-06 00:00:00.000,2013,5,6,506,1,"May","5/6/2013",201305,"5/1/2013","Monday","Week 19",19,13920216,1392,2,16,216,2,"اردیبهشت","1392/02/16",13920216,"1392/02","دوشنبه","هفته 8",8,"دوشنبه 16 اردیبهشت 1392",1,"بهار",0,0,139202
20130507,2013-05-07 00:00:00.000,2013,5,7,507,2,"May","5/7/2013",201305,"5/1/2013","Tuesday","Week 19",19,13920217,1392,2,17,217,3,"اردیبهشت","1392/02/17",13920217,"1392/02","سه شنبه","هفته 8",8,"سه شنبه 17 اردیبهشت 1392",1,"بهار",0,0,139202
20130508,2013-05-08 00:00:00.000,2013,5,8,508,3,"May","5/8/2013",201305,"5/1/2013","Wednesday","Week 19",19,13920218,1392,2,18,218,4,"اردیبهشت","1392/02/18",13920218,"1392/02","چهارشنبه","هفته 8",8,"چهارشنبه 18 اردیبهشت 1392",1,"بهار",0,0,139202
20130509,2013-05-09 00:00:00.000,2013,5,9,509,4,"May","5/9/2013",201305,"5/1/2013","Thursday","Week 19",19,13920219,1392,2,19,219,5,"اردیبهشت","1392/02/19",13920219,"1392/02","پنج شنبه","هفته 8",8,"پنج شنبه 19 اردیبهشت 1392",1,"بهار",0,0,139202
20130510,2013-05-10 00:00:00.000,2013,5,10,510,5,"May","5/10/2013",201305,"5/1/2013","Friday","Week 19",19,13920220,1392,2,20,220,6,"اردیبهشت","1392/02/20",13920220,"1392/02","جمعه","هفته 8",8,"جمعه 20 اردیبهشت 1392",1,"بهار",0,0,139202
20130511,2013-05-11 00:00:00.000,2013,5,11,511,6,"May","5/11/2013",201305,"5/1/2013","Saturday","Week 19",19,13920221,1392,2,21,221,0,"اردیبهشت","1392/02/21",13920221,"1392/02","شنبه","هفته 9",9,"شنبه 21 اردیبهشت 1392",1,"بهار",0,0,139202
20130512,2013-05-12 00:00:00.000,2013,5,12,512,0,"May","5/12/2013",201305,"5/1/2013","Sunday","Week 20",20,13920222,1392,2,22,222,1,"اردیبهشت","1392/02/22",13920222,"1392/02","یکشنبه","هفته 9",9,"یکشنبه 22 اردیبهشت 1392",1,"بهار",0,0,139202
20130513,2013-05-13 00:00:00.000,2013,5,13,513,1,"May","5/13/2013",201305,"5/1/2013","Monday","Week 20",20,13920223,1392,2,23,223,2,"اردیبهشت","1392/02/23",13920223,"1392/02","دوشنبه","هفته 9",9,"دوشنبه 23 اردیبهشت 1392",1,"بهار",0,0,139202
20130514,2013-05-14 00:00:00.000,2013,5,14,514,2,"May","5/14/2013",201305,"5/1/2013","Tuesday","Week 20",20,13920224,1392,2,24,224,3,"اردیبهشت","1392/02/24",13920224,"1392/02","سه شنبه","هفته 9",9,"سه شنبه 24 اردیبهشت 1392",1,"بهار",0,0,139202
20130515,2013-05-15 00:00:00.000,2013,5,15,515,3,"May","5/15/2013",201305,"5/1/2013","Wednesday","Week 20",20,13920225,1392,2,25,225,4,"اردیبهشت","1392/02/25",13920225,"1392/02","چهارشنبه","هفته 9",9,"چهارشنبه 25 اردیبهشت 1392",1,"بهار",0,0,139202
20130516,2013-05-16 00:00:00.000,2013,5,16,516,4,"May","5/16/2013",201305,"5/1/2013","Thursday","Week 20",20,13920226,1392,2,26,226,5,"اردیبهشت","1392/02/26",13920226,"1392/02","پنج شنبه","هفته 9",9,"پنج شنبه 26 اردیبهشت 1392",1,"بهار",0,0,139202
20130517,2013-05-17 00:00:00.000,2013,5,17,517,5,"May","5/17/2013",201305,"5/1/2013","Friday","Week 20",20,13920227,1392,2,27,227,6,"اردیبهشت","1392/02/27",13920227,"1392/02","جمعه","هفته 9",9,"جمعه 27 اردیبهشت 1392",1,"بهار",0,0,139202
20130518,2013-05-18 00:00:00.000,2013,5,18,518,6,"May","5/18/2013",201305,"5/1/2013","Saturday","Week 20",20,13920228,1392,2,28,228,0,"اردیبهشت","1392/02/28",13920228,"1392/02","شنبه","هفته 10",10,"شنبه 28 اردیبهشت 1392",1,"بهار",0,0,139202
20130519,2013-05-19 00:00:00.000,2013,5,19,519,0,"May","5/19/2013",201305,"5/1/2013","Sunday","Week 21",21,13920229,1392,2,29,229,1,"اردیبهشت","1392/02/29",13920229,"1392/02","یکشنبه","هفته 10",10,"یکشنبه 29 اردیبهشت 1392",1,"بهار",0,0,139202
20130520,2013-05-20 00:00:00.000,2013,5,20,520,1,"May","5/20/2013",201305,"5/1/2013","Monday","Week 21",21,13920230,1392,2,30,230,2,"اردیبهشت","1392/02/30",13920230,"1392/02","دوشنبه","هفته 10",10,"دوشنبه 30 اردیبهشت 1392",1,"بهار",0,0,139202
20130521,2013-05-21 00:00:00.000,2013,5,21,521,2,"May","5/21/2013",201305,"5/1/2013","Tuesday","Week 21",21,13920231,1392,2,31,231,3,"اردیبهشت","1392/02/31",13920231,"1392/02","سه شنبه","هفته 10",10,"سه شنبه 31 اردیبهشت 1392",1,"بهار",0,0,139202
20130522,2013-05-22 00:00:00.000,2013,5,22,522,3,"May","5/22/2013",201305,"5/1/2013","Wednesday","Week 21",21,13920301,1392,3,1,301,4,"خرداد","1392/03/01",13920301,"1392/03","چهارشنبه","هفته 10",10,"چهارشنبه 1 خرداد 1392",1,"بهار",0,0,139203
20130523,2013-05-23 00:00:00.000,2013,5,23,523,4,"May","5/23/2013",201305,"5/1/2013","Thursday","Week 21",21,13920302,1392,3,2,302,5,"خرداد","1392/03/02",13920302,"1392/03","پنج شنبه","هفته 10",10,"پنج شنبه 2 خرداد 1392",1,"بهار",0,0,139203
20130524,2013-05-24 00:00:00.000,2013,5,24,524,5,"May","5/24/2013",201305,"5/1/2013","Friday","Week 21",21,13920303,1392,3,3,303,6,"خرداد","1392/03/03",13920303,"1392/03","جمعه","هفته 10",10,"جمعه 3 خرداد 1392",1,"بهار",0,0,139203
20130525,2013-05-25 00:00:00.000,2013,5,25,525,6,"May","5/25/2013",201305,"5/1/2013","Saturday","Week 21",21,13920304,1392,3,4,304,0,"خرداد","1392/03/04",13920304,"1392/03","شنبه","هفته 11",11,"شنبه 4 خرداد 1392",1,"بهار",0,0,139203
20130526,2013-05-26 00:00:00.000,2013,5,26,526,0,"May","5/26/2013",201305,"5/1/2013","Sunday","Week 22",22,13920305,1392,3,5,305,1,"خرداد","1392/03/05",13920305,"1392/03","یکشنبه","هفته 11",11,"یکشنبه 5 خرداد 1392",1,"بهار",0,0,139203
20130527,2013-05-27 00:00:00.000,2013,5,27,527,1,"May","5/27/2013",201305,"5/1/2013","Monday","Week 22",22,13920306,1392,3,6,306,2,"خرداد","1392/03/06",13920306,"1392/03","دوشنبه","هفته 11",11,"دوشنبه 6 خرداد 1392",1,"بهار",0,0,139203
20130528,2013-05-28 00:00:00.000,2013,5,28,528,2,"May","5/28/2013",201305,"5/1/2013","Tuesday","Week 22",22,13920307,1392,3,7,307,3,"خرداد","1392/03/07",13920307,"1392/03","سه شنبه","هفته 11",11,"سه شنبه 7 خرداد 1392",1,"بهار",0,0,139203
20130529,2013-05-29 00:00:00.000,2013,5,29,529,3,"May","5/29/2013",201305,"5/1/2013","Wednesday","Week 22",22,13920308,1392,3,8,308,4,"خرداد","1392/03/08",13920308,"1392/03","چهارشنبه","هفته 11",11,"چهارشنبه 8 خرداد 1392",1,"بهار",0,0,139203
20130530,2013-05-30 00:00:00.000,2013,5,30,530,4,"May","5/30/2013",201305,"5/1/2013","Thursday","Week 22",22,13920309,1392,3,9,309,5,"خرداد","1392/03/09",13920309,"1392/03","پنج شنبه","هفته 11",11,"پنج شنبه 9 خرداد 1392",1,"بهار",0,0,139203
20130531,2013-05-31 00:00:00.000,2013,5,31,531,5,"May","5/31/2013",201305,"5/1/2013","Friday","Week 22",22,13920310,1392,3,10,310,6,"خرداد","1392/03/10",13920310,"1392/03","جمعه","هفته 11",11,"جمعه 10 خرداد 1392",1,"بهار",0,0,139203
20130601,2013-06-01 00:00:00.000,2013,6,1,601,6,"June","6/1/2013",201306,"6/1/2013","Saturday","Week 22",22,13920311,1392,3,11,311,0,"خرداد","1392/03/11",13920311,"1392/03","شنبه","هفته 12",12,"شنبه 11 خرداد 1392",1,"بهار",0,0,139203
20130602,2013-06-02 00:00:00.000,2013,6,2,602,0,"June","6/2/2013",201306,"6/1/2013","Sunday","Week 23",23,13920312,1392,3,12,312,1,"خرداد","1392/03/12",13920312,"1392/03","یکشنبه","هفته 12",12,"یکشنبه 12 خرداد 1392",1,"بهار",0,0,139203
20130603,2013-06-03 00:00:00.000,2013,6,3,603,1,"June","6/3/2013",201306,"6/1/2013","Monday","Week 23",23,13920313,1392,3,13,313,2,"خرداد","1392/03/13",13920313,"1392/03","دوشنبه","هفته 12",12,"دوشنبه 13 خرداد 1392",1,"بهار",0,0,139203
20130604,2013-06-04 00:00:00.000,2013,6,4,604,2,"June","6/4/2013",201306,"6/1/2013","Tuesday","Week 23",23,13920314,1392,3,14,314,3,"خرداد","1392/03/14",13920314,"1392/03","سه شنبه","هفته 12",12,"سه شنبه 14 خرداد 1392",1,"بهار",0,0,139203
20130605,2013-06-05 00:00:00.000,2013,6,5,605,3,"June","6/5/2013",201306,"6/1/2013","Wednesday","Week 23",23,13920315,1392,3,15,315,4,"خرداد","1392/03/15",13920315,"1392/03","چهارشنبه","هفته 12",12,"چهارشنبه 15 خرداد 1392",1,"بهار",0,0,139203
20130606,2013-06-06 00:00:00.000,2013,6,6,606,4,"June","6/6/2013",201306,"6/1/2013","Thursday","Week 23",23,13920316,1392,3,16,316,5,"خرداد","1392/03/16",13920316,"1392/03","پنج شنبه","هفته 12",12,"پنج شنبه 16 خرداد 1392",1,"بهار",0,0,139203
20130607,2013-06-07 00:00:00.000,2013,6,7,607,5,"June","6/7/2013",201306,"6/1/2013","Friday","Week 23",23,13920317,1392,3,17,317,6,"خرداد","1392/03/17",13920317,"1392/03","جمعه","هفته 12",12,"جمعه 17 خرداد 1392",1,"بهار",0,0,139203
20130608,2013-06-08 00:00:00.000,2013,6,8,608,6,"June","6/8/2013",201306,"6/1/2013","Saturday","Week 23",23,13920318,1392,3,18,318,0,"خرداد","1392/03/18",13920318,"1392/03","شنبه","هفته 13",13,"شنبه 18 خرداد 1392",1,"بهار",0,0,139203
20130609,2013-06-09 00:00:00.000,2013,6,9,609,0,"June","6/9/2013",201306,"6/1/2013","Sunday","Week 24",24,13920319,1392,3,19,319,1,"خرداد","1392/03/19",13920319,"1392/03","یکشنبه","هفته 13",13,"یکشنبه 19 خرداد 1392",1,"بهار",0,0,139203
20130610,2013-06-10 00:00:00.000,2013,6,10,610,1,"June","6/10/2013",201306,"6/1/2013","Monday","Week 24",24,13920320,1392,3,20,320,2,"خرداد","1392/03/20",13920320,"1392/03","دوشنبه","هفته 13",13,"دوشنبه 20 خرداد 1392",1,"بهار",0,0,139203
20130611,2013-06-11 00:00:00.000,2013,6,11,611,2,"June","6/11/2013",201306,"6/1/2013","Tuesday","Week 24",24,13920321,1392,3,21,321,3,"خرداد","1392/03/21",13920321,"1392/03","سه شنبه","هفته 13",13,"سه شنبه 21 خرداد 1392",1,"بهار",0,0,139203
20130612,2013-06-12 00:00:00.000,2013,6,12,612,3,"June","6/12/2013",201306,"6/1/2013","Wednesday","Week 24",24,13920322,1392,3,22,322,4,"خرداد","1392/03/22",13920322,"1392/03","چهارشنبه","هفته 13",13,"چهارشنبه 22 خرداد 1392",1,"بهار",0,0,139203
20130613,2013-06-13 00:00:00.000,2013,6,13,613,4,"June","6/13/2013",201306,"6/1/2013","Thursday","Week 24",24,13920323,1392,3,23,323,5,"خرداد","1392/03/23",13920323,"1392/03","پنج شنبه","هفته 13",13,"پنج شنبه 23 خرداد 1392",1,"بهار",0,0,139203
20130614,2013-06-14 00:00:00.000,2013,6,14,614,5,"June","6/14/2013",201306,"6/1/2013","Friday","Week 24",24,13920324,1392,3,24,324,6,"خرداد","1392/03/24",13920324,"1392/03","جمعه","هفته 13",13,"جمعه 24 خرداد 1392",1,"بهار",0,0,139203
20130615,2013-06-15 00:00:00.000,2013,6,15,615,6,"June","6/15/2013",201306,"6/1/2013","Saturday","Week 24",24,13920325,1392,3,25,325,0,"خرداد","1392/03/25",13920325,"1392/03","شنبه","هفته 14",14,"شنبه 25 خرداد 1392",1,"بهار",0,0,139203
20130616,2013-06-16 00:00:00.000,2013,6,16,616,0,"June","6/16/2013",201306,"6/1/2013","Sunday","Week 25",25,13920326,1392,3,26,326,1,"خرداد","1392/03/26",13920326,"1392/03","یکشنبه","هفته 14",14,"یکشنبه 26 خرداد 1392",1,"بهار",0,0,139203
20130617,2013-06-17 00:00:00.000,2013,6,17,617,1,"June","6/17/2013",201306,"6/1/2013","Monday","Week 25",25,13920327,1392,3,27,327,2,"خرداد","1392/03/27",13920327,"1392/03","دوشنبه","هفته 14",14,"دوشنبه 27 خرداد 1392",1,"بهار",0,0,139203
20130618,2013-06-18 00:00:00.000,2013,6,18,618,2,"June","6/18/2013",201306,"6/1/2013","Tuesday","Week 25",25,13920328,1392,3,28,328,3,"خرداد","1392/03/28",13920328,"1392/03","سه شنبه","هفته 14",14,"سه شنبه 28 خرداد 1392",1,"بهار",0,0,139203
20130619,2013-06-19 00:00:00.000,2013,6,19,619,3,"June","6/19/2013",201306,"6/1/2013","Wednesday","Week 25",25,13920329,1392,3,29,329,4,"خرداد","1392/03/29",13920329,"1392/03","چهارشنبه","هفته 14",14,"چهارشنبه 29 خرداد 1392",1,"بهار",0,0,139203
20130620,2013-06-20 00:00:00.000,2013,6,20,620,4,"June","6/20/2013",201306,"6/1/2013","Thursday","Week 25",25,13920330,1392,3,30,330,5,"خرداد","1392/03/30",13920330,"1392/03","پنج شنبه","هفته 14",14,"پنج شنبه 30 خرداد 1392",1,"بهار",0,0,139203
20130621,2013-06-21 00:00:00.000,2013,6,21,621,5,"June","6/21/2013",201306,"6/1/2013","Friday","Week 25",25,13920331,1392,3,31,331,6,"خرداد","1392/03/31",13920331,"1392/03","جمعه","هفته 14",14,"جمعه 31 خرداد 1392",1,"بهار",0,0,139203
20150101,2015-01-01 00:00:00.000,2015,1,1,101,4,"January","1/1/2015",201501,"1/1/2015","Thursday","Week 1",1,13931011,1393,10,11,1011,5,"دی","1393/10/11",13931011,"1393/10","پنج شنبه","هفته 42",42,"پنج شنبه 11 دی 1393",4,"زمستان",0,0,139310
20150102,2015-01-02 00:00:00.000,2015,1,2,102,5,"January","1/2/2015",201501,"1/1/2015","Friday","Week 1",1,13931012,1393,10,12,1012,6,"دی","1393/10/12",13931012,"1393/10","جمعه","هفته 42",42,"جمعه 12 دی 1393",4,"زمستان",0,0,139310
20150103,2015-01-03 00:00:00.000,2015,1,3,103,6,"January","1/3/2015",201501,"1/1/2015","Saturday","Week 1",1,13931013,1393,10,13,1013,0,"دی","1393/10/13",13931013,"1393/10","شنبه","هفته 43",43,"شنبه 13 دی 1393",4,"زمستان",0,0,139310
20150104,2015-01-04 00:00:00.000,2015,1,4,104,0,"January","1/4/2015",201501,"1/1/2015","Sunday","Week 2",2,13931014,1393,10,14,1014,1,"دی","1393/10/14",13931014,"1393/10","یکشنبه","هفته 43",43,"یکشنبه 14 دی 1393",4,"زمستان",0,0,139310
20150105,2015-01-05 00:00:00.000,2015,1,5,105,1,"January","1/5/2015",201501,"1/1/2015","Monday","Week 2",2,13931015,1393,10,15,1015,2,"دی","1393/10/15",13931015,"1393/10","دوشنبه","هفته 43",43,"دوشنبه 15 دی 1393",4,"زمستان",0,0,139310
20150106,2015-01-06 00:00:00.000,2015,1,6,106,2,"January","1/6/2015",201501,"1/1/2015","Tuesday","Week 2",2,13931016,1393,10,16,1016,3,"دی","1393/10/16",13931016,"1393/10","سه شنبه","هفته 43",43,"سه شنبه 16 دی 1393",4,"زمستان",0,0,139310
20150107,2015-01-07 00:00:00.000,2015,1,7,107,3,"January","1/7/2015",201501,"1/1/2015","Wednesday","Week 2",2,13931017,1393,10,17,1017,4,"دی","1393/10/17",13931017,"1393/10","چهارشنبه","هفته 43",43,"چهارشنبه 17 دی 1393",4,"زمستان",0,0,139310
20130320,2013-03-20 00:00:00.000,2013,3,20,320,3,"March","3/20/2013",201303,"3/1/2013","Wednesday","Week 12",12,13911230,1391,12,30,1230,4,"اسفند","1391/12/30",13911230,"1391/12","چهارشنبه","هفته 53",53,"چهارشنبه 30 اسفند 1391",4,"زمستان",0,1,139112
20120229,2012-02-29 00:00:00.000,2012,2,29,229,3,"February","2/29/2012",201202,"2/1/2012","Wednesday","Week 9",9,13901210,1390,12,10,1210,4,"اسفند","1390/12/10",13901210,"1390/12","چهارشنبه","هفته 50",50,"چهارشنبه 10 اسفند 1390",4,"زمستان",1,0,139012
