GeographyKey,GeographyBusinessKey,City,State,Country,Region,Market
3616,"US|West|United States|California|Anaheim","Anaheim","California","United States","West","US"
3617,"US|West|United States|California|Antioch","Antioch","California","United States","West","US"
3618,"US|West|United States|California|Apple Valley","Apple Valley","California","United States","West","US"
3619,"US|West|United States|California|Bakersfield","Bakersfield","California","United States","West","US"
3620,"US|West|United States|California|Brentwood","Brentwood","California","United States","West","US"
3621,"US|West|United States|California|Burbank","Burbank","California","United States","West","US"
3622,"US|West|United States|California|Camarillo","Camarillo","California","United States","West","US"
3623,"US|West|United States|California|Chico","Chico","California","United States","West","US"
3624,"US|West|United States|California|Chula Vista","Chula Vista","California","United States","West","US"
3625,"US|West|United States|California|Citrus Heights","Citrus Heights","California","United States","West","US"
3626,"US|West|United States|California|Coachella","Coachella","California","United States","West","US"
3627,"US|West|United States|California|Concord","Concord","California","United States","West","US"
3628,"US|West|United States|California|Costa Mesa","Costa Mesa","California","United States","West","US"
3629,"US|West|United States|California|Danville","Danville","California","United States","West","US"
3630,"US|West|United States|California|Davis","Davis","California","United States","West","US"
3631,"US|West|United States|California|Dublin","Dublin","California","United States","West","US"
3632,"US|West|United States|California|El Cajon","El Cajon","California","United States","West","US"
3633,"US|West|United States|California|Encinitas","Encinitas","California","United States","West","US"
3634,"US|West|United States|California|Escondido","Escondido","California","United States","West","US"
3635,"US|West|United States|California|Fairfield","Fairfield","California","United States","West","US"
3636,"US|West|United States|California|Fresno","Fresno","California","United States","West","US"
3637,"US|West|United States|California|Hesperia","Hesperia","California","United States","West","US"
3638,"US|West|United States|California|Huntington Beach","Huntington Beach","California","United States","West","US"
3639,"US|West|United States|California|Inglewood","Inglewood","California","United States","West","US"
3640,"US|West|United States|California|La Mesa","La Mesa","California","United States","West","US"
3641,"US|West|United States|California|La Quinta","La Quinta","California","United States","West","US"
3642,"US|West|United States|California|Laguna Niguel","Laguna Niguel","California","United States","West","US"
3643,"US|West|United States|California|Lake Elsinore","Lake Elsinore","California","United States","West","US"
3644,"US|West|United States|California|Lake Forest","Lake Forest","California","United States","West","US"
3645,"US|West|United States|California|Lakewood","Lakewood","California","United States","West","US"
3646,"US|West|United States|California|Lancaster","Lancaster","California","United States","West","US"
3647,"US|West|United States|California|Lodi","Lodi","California","United States","West","US"
3648,"US|West|United States|California|Long Beach","Long Beach","California","United States","West","US"
3649,"US|West|United States|California|Los Angeles","Los Angeles","California","United States","West","US"
3650,"US|West|United States|California|Manteca","Manteca","California","United States","West","US"
3651,"US|West|United States|California|Mission Viejo","Mission Viejo","California","United States","West","US"
3652,"US|West|United States|California|Modesto","Modesto","California","United States","West","US"
3653,"US|West|United States|California|Montebello","Montebello","California","United States","West","US"
3654,"US|West|United States|California|Moreno Valley","Moreno Valley","California","United States","West","US"
3655,"US|West|United States|California|Morgan Hill","Morgan Hill","California","United States","West","US"
3656,"US|West|United States|California|Murrieta","Murrieta","California","United States","West","US"
3657,"US|West|United States|California|Oakland","Oakland","California","United States","West","US"
3658,"US|West|United States|California|Oceanside","Oceanside","California","United States","West","US"
3659,"US|West|United States|California|Ontario","Ontario","California","United States","West","US"
3660,"US|West|United States|California|Oxnard","Oxnard","California","United States","West","US"
3661,"US|West|United States|California|Pasadena","Pasadena","California","United States","West","US"
3662,"US|West|United States|California|Pico Rivera","Pico Rivera","California","United States","West","US"
3663,"US|West|United States|California|Pomona","Pomona","California","United States","West","US"
3664,"US|West|United States|California|Rancho Cucamonga","Rancho Cucamonga","California","United States","West","US"
3665,"US|West|United States|California|Redding","Redding","California","United States","West","US"
3666,"US|West|United States|California|Redlands","Redlands","California","United States","West","US"
3667,"US|West|United States|California|Redondo Beach","Redondo Beach","California","United States","West","US"
3668,"US|West|United States|California|Redwood City","Redwood City","California","United States","West","US"
3669,"US|West|United States|California|Riverside","Riverside","California","United States","West","US"
3670,"US|West|United States|California|Roseville","Roseville","California","United States","West","US"
3671,"US|West|United States|California|Sacramento","Sacramento","California","United States","West","US"
3672,"US|West|United States|California|Salinas","Salinas","California","United States","West","US"
3673,"US|West|United States|California|San Bernardino","San Bernardino","California","United States","West","US"
3674,"US|West|United States|California|San Clemente","San Clemente","California","United States","West","US"
3675,"US|West|United States|California|San Diego","San Diego","California","United States","West","US"
3676,"US|West|United States|California|San Francisco","San Francisco","California","United States","West","US"
3677,"US|West|United States|California|San Gabriel","San Gabriel","California","United States","West","US"
3678,"US|West|United States|California|San Jose","San Jose","California","United States","West","US"
3679,"US|West|United States|California|San Luis Obispo","San Luis Obispo","California","United States","West","US"
3680,"US|West|United States|California|San Mateo","San Mateo","California","United States","West","US"
3681,"US|West|United States|California|Santa Ana","Santa Ana","California","United States","West","US"
3682,"US|West|United States|California|Santa Barbara","Santa Barbara","California","United States","West","US"
3683,"US|West|United States|California|Santa Clara","Santa Clara","California","United States","West","US"
3684,"US|West|United States|California|Santa Maria","Santa Maria","California","United States","West","US"
3685,"US|West|United States|California|Stockton","Stockton","California","United States","West","US"
3686,"US|West|United States|California|Sunnyvale","Sunnyvale","California","United States","West","US"
3687,"US|West|United States|California|Temecula","Temecula","California","United States","West","US"
3688,"US|West|United States|California|Thousand Oaks","Thousand Oaks","California","United States","West","US"
3689,"US|West|United States|California|Torrance","Torrance","California","United States","West","US"
3690,"US|West|United States|California|Vacaville","Vacaville","California","United States","West","US"
3691,"US|West|United States|California|Vallejo","Vallejo","California","United States","West","US"
3692,"US|West|United States|California|Visalia","Visalia","California","United States","West","US"
3693,"US|West|United States|California|Westminster","Westminster","California","United States","West","US"
3694,"US|West|United States|California|Whittier","Whittier","California","United States","West","US"
3695,"US|West|United States|California|Woodland","Woodland","California","United States","West","US"
3696,"US|West|United States|California|Yucaipa","Yucaipa","California","United States","West","US"
3603,"US|West|United States|Arizona|Avondale","Avondale","Arizona","United States","West","US"
3604,"US|West|United States|Arizona|Bullhead City","Bullhead City","Arizona","United States","West","US"
3605,"US|West|United States|Arizona|Chandler","Chandler","Arizona","United States","West","US"
3606,"US|West|United States|Arizona|Gilbert","Gilbert","Arizona","United States","West","US"
3607,"US|West|United States|Arizona|Glendale","Glendale","Arizona","United States","West","US"
3608,"US|West|United States|Arizona|Mesa","Mesa","Arizona","United States","West","US"
3609,"US|West|United States|Arizona|Peoria","Peoria","Arizona","United States","West","US"
3610,"US|West|United States|Arizona|Phoenix","Phoenix","Arizona","United States","West","US"
3611,"US|West|United States|Arizona|Scottsdale","Scottsdale","Arizona","United States","West","US"
3612,"US|West|United States|Arizona|Sierra Vista","Sierra Vista","Arizona","United States","West","US"
3613,"US|West|United States|Arizona|Tempe","Tempe","Arizona","United States","West","US"
3614,"US|West|United States|Arizona|Tucson","Tucson","Arizona","United States","West","US"
3615,"US|West|United States|Arizona|Yuma","Yuma","Arizona","United States","West","US"
3697,"US|West|United States|Colorado|Arvada","Arvada","Colorado","United States","West","US"
3698,"US|West|United States|Colorado|Aurora","Aurora","Colorado","United States","West","US"
3699,"US|West|United States|Colorado|Broomfield","Broomfield","Colorado","United States","West","US"
3700,"US|West|United States|Colorado|Colorado Springs","Colorado Springs","Colorado","United States","West","US"
3701,"US|West|United States|Colorado|Commerce City","Commerce City","Colorado","United States","West","US"
3702,"US|West|United States|Colorado|Denver","Denver","Colorado","United States","West","US"
3703,"US|West|United States|Colorado|Englewood","Englewood","Colorado","United States","West","US"
3704,"US|West|United States|Colorado|Fort Collins","Fort Collins","Colorado","United States","West","US"
3705,"US|West|United States|Colorado|Greeley","Greeley","Colorado","United States","West","US"
3706,"US|West|United States|Colorado|Littleton","Littleton","Colorado","United States","West","US"
3707,"US|West|United States|Colorado|Longmont","Longmont","Colorado","United States","West","US"
3708,"US|West|United States|Colorado|Louisville","Louisville","Colorado","United States","West","US"
3709,"US|West|United States|Colorado|Loveland","Loveland","Colorado","United States","West","US"
3710,"US|West|United States|Colorado|Parker","Parker","Colorado","United States","West","US"
3711,"US|West|United States|Colorado|Pueblo","Pueblo","Colorado","United States","West","US"
3712,"US|West|United States|Colorado|Thornton","Thornton","Colorado","United States","West","US"
3713,"US|West|United States|Idaho|Boise","Boise","Idaho","United States","West","US"
3714,"US|West|United States|Idaho|Caldwell","Caldwell","Idaho","United States","West","US"
3715,"US|West|United States|Idaho|Lewiston","Lewiston","Idaho","United States","West","US"
3716,"US|West|United States|Idaho|Meridian","Meridian","Idaho","United States","West","US"
3717,"US|West|United States|Idaho|Pocatello","Pocatello","Idaho","United States","West","US"
3718,"US|West|United States|Idaho|Twin Falls","Twin Falls","Idaho","United States","West","US"
3719,"US|West|United States|Montana|Billings","Billings","Montana","United States","West","US"
3720,"US|West|United States|Montana|Bozeman","Bozeman","Montana","United States","West","US"
3721,"US|West|United States|Montana|Great Falls","Great Falls","Montana","United States","West","US"
3722,"US|West|United States|Montana|Helena","Helena","Montana","United States","West","US"
3723,"US|West|United States|Montana|Missoula","Missoula","Montana","United States","West","US"
3724,"US|West|United States|Nevada|Henderson","Henderson","Nevada","United States","West","US"
3725,"US|West|United States|Nevada|Las Vegas","Las Vegas","Nevada","United States","West","US"
3726,"US|West|United States|Nevada|North Las Vegas","North Las Vegas","Nevada","United States","West","US"
3727,"US|West|United States|Nevada|Reno","Reno","Nevada","United States","West","US"
3728,"US|West|United States|Nevada|Sparks","Sparks","Nevada","United States","West","US"
3729,"US|West|United States|New Mexico|Albuquerque","Albuquerque","New Mexico","United States","West","US"
3730,"US|West|United States|New Mexico|Carlsbad","Carlsbad","New Mexico","United States","West","US"
3731,"US|West|United States|New Mexico|Clovis","Clovis","New Mexico","United States","West","US"
3732,"US|West|United States|New Mexico|Farmington","Farmington","New Mexico","United States","West","US"
3733,"US|West|United States|New Mexico|Las Cruces","Las Cruces","New Mexico","United States","West","US"
3734,"US|West|United States|New Mexico|Rio Rancho","Rio Rancho","New Mexico","United States","West","US"
3735,"US|West|United States|New Mexico|Santa Fe","Santa Fe","New Mexico","United States","West","US"
3736,"US|West|United States|Oregon|Eugene","Eugene","Oregon","United States","West","US"
3737,"US|West|United States|Oregon|Gresham","Gresham","Oregon","United States","West","US"
3738,"US|West|United States|Oregon|Hillsboro","Hillsboro","Oregon","United States","West","US"
3739,"US|West|United States|Oregon|Medford","Medford","Oregon","United States","West","US"
3740,"US|West|United States|Oregon|Portland","Portland","Oregon","United States","West","US"
3741,"US|West|United States|Oregon|Redmond","Redmond","Oregon","United States","West","US"
3742,"US|West|United States|Oregon|Salem","Salem","Oregon","United States","West","US"
3743,"US|West|United States|Oregon|Springfield","Springfield","Oregon","United States","West","US"
3744,"US|West|United States|Oregon|Tigard","Tigard","Oregon","United States","West","US"
3745,"US|West|United States|Utah|Draper","Draper","Utah","United States","West","US"
3746,"US|West|United States|Utah|Layton","Layton","Utah","United States","West","US"
3747,"US|West|United States|Utah|Lehi","Lehi","Utah","United States","West","US"
3748,"US|West|United States|Utah|Logan","Logan","Utah","United States","West","US"
3749,"US|West|United States|Utah|Murray","Murray","Utah","United States","West","US"
3750,"US|West|United States|Utah|Orem","Orem","Utah","United States","West","US"
3751,"US|West|United States|Utah|Pleasant Grove","Pleasant Grove","Utah","United States","West","US"
3752,"US|West|United States|Utah|Provo","Provo","Utah","United States","West","US"
3753,"US|West|United States|Utah|Salt Lake City","Salt Lake City","Utah","United States","West","US"
3754,"US|West|United States|Utah|West Jordan","West Jordan","Utah","United States","West","US"
3755,"US|West|United States|Washington|Auburn","Auburn","Washington","United States","West","US"
3756,"US|West|United States|Washington|Bellevue","Bellevue","Washington","United States","West","US"
3757,"US|West|United States|Washington|Bellingham","Bellingham","Washington","United States","West","US"
3758,"US|West|United States|Washington|Covington","Covington","Washington","United States","West","US"
3759,"US|West|United States|Washington|Des Moines","Des Moines","Washington","United States","West","US"
3760,"US|West|United States|Washington|Edmonds","Edmonds","Washington","United States","West","US"
3761,"US|West|United States|Washington|Everett","Everett","Washington","United States","West","US"
3762,"US|West|United States|Washington|Kent","Kent","Washington","United States","West","US"
3763,"US|West|United States|Washington|Longview","Longview","Washington","United States","West","US"
3764,"US|West|United States|Washington|Marysville","Marysville","Washington","United States","West","US"
3765,"US|West|United States|Washington|Olympia","Olympia","Washington","United States","West","US"
3766,"US|West|United States|Washington|Pasco","Pasco","Washington","United States","West","US"
3767,"US|West|United States|Washington|Redmond","Redmond","Washington","United States","West","US"
3768,"US|West|United States|Washington|Renton","Renton","Washington","United States","West","US"
3769,"US|West|United States|Washington|Seattle","Seattle","Washington","United States","West","US"
3770,"US|West|United States|Washington|Spokane","Spokane","Washington","United States","West","US"
3771,"US|West|United States|Washington|Vancouver","Vancouver","Washington","United States","West","US"
3772,"US|West|United States|Wyoming|Cheyenne","Cheyenne","Wyoming","United States","West","US"
3355,"US|East|United States|Connecticut|Bristol","Bristol","Connecticut","United States","East","US"
3356,"US|East|United States|Connecticut|Danbury","Danbury","Connecticut","United States","East","US"
3357,"US|East|United States|Connecticut|Fairfield","Fairfield","Connecticut","United States","East","US"
3358,"US|East|United States|Connecticut|Manchester","Manchester","Connecticut","United States","East","US"
3359,"US|East|United States|Connecticut|Meriden","Meriden","Connecticut","United States","East","US"
3360,"US|East|United States|Connecticut|Middletown","Middletown","Connecticut","United States","East","US"
3361,"US|East|United States|Connecticut|Milford","Milford","Connecticut","United States","East","US"
3362,"US|East|United States|Connecticut|Norwich","Norwich","Connecticut","United States","East","US"
3363,"US|East|United States|Connecticut|Shelton","Shelton","Connecticut","United States","East","US"
3364,"US|East|United States|Connecticut|Waterbury","Waterbury","Connecticut","United States","East","US"
3365,"US|East|United States|Delaware|Dover","Dover","Delaware","United States","East","US"
3366,"US|East|United States|Delaware|Newark","Newark","Delaware","United States","East","US"
3367,"US|East|United States|Delaware|Wilmington","Wilmington","Delaware","United States","East","US"
3368,"US|East|United States|District of Columbia|Washington","Washington","District of Columbia","United States","East","US"
3369,"US|East|United States|Maine|Bangor","Bangor","Maine","United States","East","US"
3370,"US|East|United States|Maine|Lewiston","Lewiston","Maine","United States","East","US"
3371,"US|East|United States|Maryland|Baltimore","Baltimore","Maryland","United States","East","US"
3372,"US|East|United States|Maryland|Clinton","Clinton","Maryland","United States","East","US"
3373,"US|East|United States|Maryland|Columbia","Columbia","Maryland","United States","East","US"
3374,"US|East|United States|Maryland|Gaithersburg","Gaithersburg","Maryland","United States","East","US"
3375,"US|East|United States|Maryland|Hagerstown","Hagerstown","Maryland","United States","East","US"
3376,"US|East|United States|Maryland|Laurel","Laurel","Maryland","United States","East","US"
3377,"US|East|United States|Maryland|Rockville","Rockville","Maryland","United States","East","US"
3378,"US|East|United States|Massachusetts|Andover","Andover","Massachusetts","United States","East","US"
3379,"US|East|United States|Massachusetts|Beverly","Beverly","Massachusetts","United States","East","US"
3380,"US|East|United States|Massachusetts|Cambridge","Cambridge","Massachusetts","United States","East","US"
3381,"US|East|United States|Massachusetts|Everett","Everett","Massachusetts","United States","East","US"
3382,"US|East|United States|Massachusetts|Franklin","Franklin","Massachusetts","United States","East","US"
3383,"US|East|United States|Massachusetts|Holyoke","Holyoke","Massachusetts","United States","East","US"
3384,"US|East|United States|Massachusetts|Lawrence","Lawrence","Massachusetts","United States","East","US"
3385,"US|East|United States|Massachusetts|Leominster","Leominster","Massachusetts","United States","East","US"
3386,"US|East|United States|Massachusetts|Lowell","Lowell","Massachusetts","United States","East","US"
3387,"US|East|United States|Massachusetts|Malden","Malden","Massachusetts","United States","East","US"
3388,"US|East|United States|Massachusetts|Marlborough","Marlborough","Massachusetts","United States","East","US"
3389,"US|East|United States|Massachusetts|New Bedford","New Bedford","Massachusetts","United States","East","US"
3390,"US|East|United States|Massachusetts|Quincy","Quincy","Massachusetts","United States","East","US"
3391,"US|East|United States|Massachusetts|Revere","Revere","Massachusetts","United States","East","US"
3392,"US|East|United States|New Hampshire|Concord","Concord","New Hampshire","United States","East","US"
3393,"US|East|United States|New Hampshire|Dover","Dover","New Hampshire","United States","East","US"
3394,"US|East|United States|New Hampshire|Nashua","Nashua","New Hampshire","United States","East","US"
3395,"US|East|United States|New Jersey|Atlantic City","Atlantic City","New Jersey","United States","East","US"
3396,"US|East|United States|New Jersey|Bayonne","Bayonne","New Jersey","United States","East","US"
3397,"US|East|United States|New Jersey|Belleville","Belleville","New Jersey","United States","East","US"
3398,"US|East|United States|New Jersey|Bridgeton","Bridgeton","New Jersey","United States","East","US"
3399,"US|East|United States|New Jersey|Clifton","Clifton","New Jersey","United States","East","US"
3400,"US|East|United States|New Jersey|East Orange","East Orange","New Jersey","United States","East","US"
3401,"US|East|United States|New Jersey|Hackensack","Hackensack","New Jersey","United States","East","US"
3402,"US|East|United States|New Jersey|Lakewood","Lakewood","New Jersey","United States","East","US"
3403,"US|East|United States|New Jersey|Linden","Linden","New Jersey","United States","East","US"
3404,"US|East|United States|New Jersey|Morristown","Morristown","New Jersey","United States","East","US"
3405,"US|East|United States|New Jersey|New Brunswick","New Brunswick","New Jersey","United States","East","US"
3406,"US|East|United States|New Jersey|Orange","Orange","New Jersey","United States","East","US"
3407,"US|East|United States|New Jersey|Passaic","Passaic","New Jersey","United States","East","US"
3408,"US|East|United States|New Jersey|Paterson","Paterson","New Jersey","United States","East","US"
3409,"US|East|United States|New Jersey|Perth Amboy","Perth Amboy","New Jersey","United States","East","US"
3410,"US|East|United States|New Jersey|Plainfield","Plainfield","New Jersey","United States","East","US"
3411,"US|East|United States|New Jersey|Vineland","Vineland","New Jersey","United States","East","US"
3412,"US|East|United States|New Jersey|Westfield","Westfield","New Jersey","United States","East","US"
3413,"US|East|United States|New York|Auburn","Auburn","New York","United States","East","US"
3414,"US|East|United States|New York|Buffalo","Buffalo","New York","United States","East","US"
3415,"US|East|United States|New York|Freeport","Freeport","New York","United States","East","US"
3416,"US|East|United States|New York|Hempstead","Hempstead","New York","United States","East","US"
3417,"US|East|United States|New York|Jamestown","Jamestown","New York","United States","East","US"
3418,"US|East|United States|New York|Lindenhurst","Lindenhurst","New York","United States","East","US"
3419,"US|East|United States|New York|Long Beach","Long Beach","New York","United States","East","US"
3420,"US|East|United States|New York|Mount Vernon","Mount Vernon","New York","United States","East","US"
3421,"US|East|United States|New York|New Rochelle","New Rochelle","New York","United States","East","US"
3422,"US|East|United States|New York|New York City","New York City","New York","United States","East","US"
3423,"US|East|United States|New York|Niagara Falls","Niagara Falls","New York","United States","East","US"
3424,"US|East|United States|New York|Oceanside","Oceanside","New York","United States","East","US"
3425,"US|East|United States|New York|Rochester","Rochester","New York","United States","East","US"
3426,"US|East|United States|New York|Rome","Rome","New York","United States","East","US"
3427,"US|East|United States|New York|Troy","Troy","New York","United States","East","US"
3428,"US|East|United States|New York|Utica","Utica","New York","United States","East","US"
3429,"US|East|United States|New York|Watertown","Watertown","New York","United States","East","US"
3430,"US|East|United States|New York|Yonkers","Yonkers","New York","United States","East","US"
3431,"US|East|United States|Ohio|Akron","Akron","Ohio","United States","East","US"
3432,"US|East|United States|Ohio|Bowling Green","Bowling Green","Ohio","United States","East","US"
3433,"US|East|United States|Ohio|Cincinnati","Cincinnati","Ohio","United States","East","US"
3434,"US|East|United States|Ohio|Cleveland","Cleveland","Ohio","United States","East","US"
3435,"US|East|United States|Ohio|Columbus","Columbus","Ohio","United States","East","US"
3436,"US|East|United States|Ohio|Cuyahoga Falls","Cuyahoga Falls","Ohio","United States","East","US"
3437,"US|East|United States|Ohio|Dublin","Dublin","Ohio","United States","East","US"
3438,"US|East|United States|Ohio|Elyria","Elyria","Ohio","United States","East","US"
3439,"US|East|United States|Ohio|Fairfield","Fairfield","Ohio","United States","East","US"
3440,"US|East|United States|Ohio|Grove City","Grove City","Ohio","United States","East","US"
3441,"US|East|United States|Ohio|Hamilton","Hamilton","Ohio","United States","East","US"
3442,"US|East|United States|Ohio|Kent","Kent","Ohio","United States","East","US"
3443,"US|East|United States|Ohio|Lakewood","Lakewood","Ohio","United States","East","US"
3444,"US|East|United States|Ohio|Lancaster","Lancaster","Ohio","United States","East","US"
3445,"US|East|United States|Ohio|Lorain","Lorain","Ohio","United States","East","US"
3446,"US|East|United States|Ohio|Marion","Marion","Ohio","United States","East","US"
3447,"US|East|United States|Ohio|Mason","Mason","Ohio","United States","East","US"
3448,"US|East|United States|Ohio|Medina","Medina","Ohio","United States","East","US"
3449,"US|East|United States|Ohio|Mentor","Mentor","Ohio","United States","East","US"
3450,"US|East|United States|Ohio|Newark","Newark","Ohio","United States","East","US"
3451,"US|East|United States|Ohio|Parma","Parma","Ohio","United States","East","US"
3452,"US|East|United States|Ohio|Springfield","Springfield","Ohio","United States","East","US"
3453,"US|East|United States|Ohio|Toledo","Toledo","Ohio","United States","East","US"
3454,"US|East|United States|Ohio|Troy","Troy","Ohio","United States","East","US"
3455,"US|East|United States|Pennsylvania|Allentown","Allentown","Pennsylvania","United States","East","US"
3456,"US|East|United States|Pennsylvania|Altoona","Altoona","Pennsylvania","United States","East","US"
3457,"US|East|United States|Pennsylvania|Bethlehem","Bethlehem","Pennsylvania","United States","East","US"
3458,"US|East|United States|Pennsylvania|Chester","Chester","Pennsylvania","United States","East","US"
3459,"US|East|United States|Pennsylvania|Lancaster","Lancaster","Pennsylvania","United States","East","US"
3460,"US|East|United States|Pennsylvania|Philadelphia","Philadelphia","Pennsylvania","United States","East","US"
3461,"US|East|United States|Pennsylvania|Reading","Reading","Pennsylvania","United States","East","US"
3462,"US|East|United States|Pennsylvania|York","York","Pennsylvania","United States","East","US"
3463,"US|East|United States|Rhode Island|Cranston","Cranston","Rhode Island","United States","East","US"
3464,"US|East|United States|Rhode Island|Providence","Providence","Rhode Island","United States","East","US"
3465,"US|East|United States|Rhode Island|Warwick","Warwick","Rhode Island","United States","East","US"
3466,"US|East|United States|Rhode Island|Woonsocket","Woonsocket","Rhode Island","United States","East","US"
3467,"US|East|United States|Vermont|Burlington","Burlington","Vermont","United States","East","US"
3468,"US|East|United States|West Virginia|Wheeling","Wheeling","West Virginia","United States","East","US"
3469,"US|South|United States|Alabama|Auburn","Auburn","Alabama","United States","South","US"
3470,"US|South|United States|Alabama|Decatur","Decatur","Alabama","United States","South","US"
3471,"US|South|United States|Alabama|Florence","Florence","Alabama","United States","South","US"
3472,"US|South|United States|Alabama|Hoover","Hoover","Alabama","United States","South","US"
3473,"US|South|United States|Alabama|Huntsville","Huntsville","Alabama","United States","South","US"
3474,"US|South|United States|Alabama|Mobile","Mobile","Alabama","United States","South","US"
3475,"US|South|United States|Alabama|Montgomery","Montgomery","Alabama","United States","South","US"
3476,"US|South|United States|Alabama|Tuscaloosa","Tuscaloosa","Alabama","United States","South","US"
3477,"US|South|United States|Arkansas|Conway","Conway","Arkansas","United States","South","US"
3478,"US|South|United States|Arkansas|Fayetteville","Fayetteville","Arkansas","United States","South","US"
3479,"US|South|United States|Arkansas|Hot Springs","Hot Springs","Arkansas","United States","South","US"
3480,"US|South|United States|Arkansas|Jonesboro","Jonesboro","Arkansas","United States","South","US"
3481,"US|South|United States|Arkansas|Little Rock","Little Rock","Arkansas","United States","South","US"
3482,"US|South|United States|Arkansas|Pine Bluff","Pine Bluff","Arkansas","United States","South","US"
3483,"US|South|United States|Arkansas|Rogers","Rogers","Arkansas","United States","South","US"
3484,"US|South|United States|Arkansas|Springdale","Springdale","Arkansas","United States","South","US"
3485,"US|South|United States|Arkansas|Texarkana","Texarkana","Arkansas","United States","South","US"
3486,"US|South|United States|Florida|Apopka","Apopka","Florida","United States","South","US"
3487,"US|South|United States|Florida|Boca Raton","Boca Raton","Florida","United States","South","US"
3488,"US|South|United States|Florida|Boynton Beach","Boynton Beach","Florida","United States","South","US"
3489,"US|South|United States|Florida|Coral Gables","Coral Gables","Florida","United States","South","US"
3490,"US|South|United States|Florida|Coral Springs","Coral Springs","Florida","United States","South","US"
3491,"US|South|United States|Florida|Daytona Beach","Daytona Beach","Florida","United States","South","US"
3492,"US|South|United States|Florida|Delray Beach","Delray Beach","Florida","United States","South","US"
3493,"US|South|United States|Florida|Deltona","Deltona","Florida","United States","South","US"
3494,"US|South|United States|Florida|Fort Lauderdale","Fort Lauderdale","Florida","United States","South","US"
3495,"US|South|United States|Florida|Hialeah","Hialeah","Florida","United States","South","US"
3496,"US|South|United States|Florida|Hollywood","Hollywood","Florida","United States","South","US"
3497,"US|South|United States|Florida|Homestead","Homestead","Florida","United States","South","US"
3498,"US|South|United States|Florida|Jacksonville","Jacksonville","Florida","United States","South","US"
3499,"US|South|United States|Florida|Jupiter","Jupiter","Florida","United States","South","US"
3500,"US|South|United States|Florida|Kissimmee","Kissimmee","Florida","United States","South","US"
3501,"US|South|United States|Florida|Lakeland","Lakeland","Florida","United States","South","US"
3502,"US|South|United States|Florida|Margate","Margate","Florida","United States","South","US"
3503,"US|South|United States|Florida|Melbourne","Melbourne","Florida","United States","South","US"
3504,"US|South|United States|Florida|Miami","Miami","Florida","United States","South","US"
3505,"US|South|United States|Florida|Miramar","Miramar","Florida","United States","South","US"
3506,"US|South|United States|Florida|North Miami","North Miami","Florida","United States","South","US"
3507,"US|South|United States|Florida|Orlando","Orlando","Florida","United States","South","US"
3508,"US|South|United States|Florida|Ormond Beach","Ormond Beach","Florida","United States","South","US"
3509,"US|South|United States|Florida|Palm Coast","Palm Coast","Florida","United States","South","US"
3510,"US|South|United States|Florida|Pembroke Pines","Pembroke Pines","Florida","United States","South","US"
3511,"US|South|United States|Florida|Pensacola","Pensacola","Florida","United States","South","US"
3512,"US|South|United States|Florida|Plantation","Plantation","Florida","United States","South","US"
3513,"US|South|United States|Florida|Pompano Beach","Pompano Beach","Florida","United States","South","US"
3514,"US|South|United States|Florida|Port Orange","Port Orange","Florida","United States","South","US"
3515,"US|South|United States|Florida|Port Saint Lucie","Port Saint Lucie","Florida","United States","South","US"
3516,"US|South|United States|Florida|Saint Petersburg","Saint Petersburg","Florida","United States","South","US"
3517,"US|South|United States|Florida|Sanford","Sanford","Florida","United States","South","US"
3518,"US|South|United States|Florida|Tallahassee","Tallahassee","Florida","United States","South","US"
3519,"US|South|United States|Florida|Tamarac","Tamarac","Florida","United States","South","US"
3520,"US|South|United States|Florida|Tampa","Tampa","Florida","United States","South","US"
3521,"US|South|United States|Florida|West Palm Beach","West Palm Beach","Florida","United States","South","US"
3522,"US|South|United States|Georgia|Athens","Athens","Georgia","United States","South","US"
3523,"US|South|United States|Georgia|Atlanta","Atlanta","Georgia","United States","South","US"
3524,"US|South|United States|Georgia|Columbus","Columbus","Georgia","United States","South","US"
3525,"US|South|United States|Georgia|East Point","East Point","Georgia","United States","South","US"
3526,"US|South|United States|Georgia|Macon","Macon","Georgia","United States","South","US"
3527,"US|South|United States|Georgia|Marietta","Marietta","Georgia","United States","South","US"
3528,"US|South|United States|Georgia|Roswell","Roswell","Georgia","United States","South","US"
3529,"US|South|United States|Georgia|Sandy Springs","Sandy Springs","Georgia","United States","South","US"
3530,"US|South|United States|Georgia|Smyrna","Smyrna","Georgia","United States","South","US"
3531,"US|South|United States|Georgia|Warner Robins","Warner Robins","Georgia","United States","South","US"
3532,"US|South|United States|Georgia|Woodstock","Woodstock","Georgia","United States","South","US"
3533,"US|South|United States|Kentucky|Bowling Green","Bowling Green","Kentucky","United States","South","US"
3534,"US|South|United States|Kentucky|Florence","Florence","Kentucky","United States","South","US"
3535,"US|South|United States|Kentucky|Georgetown","Georgetown","Kentucky","United States","South","US"
3536,"US|South|United States|Kentucky|Henderson","Henderson","Kentucky","United States","South","US"
3537,"US|South|United States|Kentucky|Louisville","Louisville","Kentucky","United States","South","US"
3538,"US|South|United States|Kentucky|Murray","Murray","Kentucky","United States","South","US"
3539,"US|South|United States|Kentucky|Owensboro","Owensboro","Kentucky","United States","South","US"
3540,"US|South|United States|Kentucky|Richmond","Richmond","Kentucky","United States","South","US"
3541,"US|South|United States|Louisiana|Bossier City","Bossier City","Louisiana","United States","South","US"
3542,"US|South|United States|Louisiana|Kenner","Kenner","Louisiana","United States","South","US"
3543,"US|South|United States|Louisiana|Lafayette","Lafayette","Louisiana","United States","South","US"
3544,"US|South|United States|Louisiana|Lake Charles","Lake Charles","Louisiana","United States","South","US"
3545,"US|South|United States|Louisiana|Monroe","Monroe","Louisiana","United States","South","US"
3546,"US|South|United States|Mississippi|Gulfport","Gulfport","Mississippi","United States","South","US"
3547,"US|South|United States|Mississippi|Hattiesburg","Hattiesburg","Mississippi","United States","South","US"
3548,"US|South|United States|Mississippi|Jackson","Jackson","Mississippi","United States","South","US"
3549,"US|South|United States|Mississippi|Southaven","Southaven","Mississippi","United States","South","US"
3550,"US|South|United States|North Carolina|Asheville","Asheville","North Carolina","United States","South","US"
3551,"US|South|United States|North Carolina|Burlington","Burlington","North Carolina","United States","South","US"
3552,"US|South|United States|North Carolina|Cary","Cary","North Carolina","United States","South","US"
3553,"US|South|United States|North Carolina|Chapel Hill","Chapel Hill","North Carolina","United States","South","US"
3554,"US|South|United States|North Carolina|Charlotte","Charlotte","North Carolina","United States","South","US"
3555,"US|South|United States|North Carolina|Concord","Concord","North Carolina","United States","South","US"
3556,"US|South|United States|North Carolina|Durham","Durham","North Carolina","United States","South","US"
3557,"US|South|United States|North Carolina|Fayetteville","Fayetteville","North Carolina","United States","South","US"
3558,"US|South|United States|North Carolina|Gastonia","Gastonia","North Carolina","United States","South","US"
3559,"US|South|United States|North Carolina|Goldsboro","Goldsboro","North Carolina","United States","South","US"
3560,"US|South|United States|North Carolina|Greensboro","Greensboro","North Carolina","United States","South","US"
3561,"US|South|United States|North Carolina|Greenville","Greenville","North Carolina","United States","South","US"
3562,"US|South|United States|North Carolina|Hickory","Hickory","North Carolina","United States","South","US"
3563,"US|South|United States|North Carolina|Jacksonville","Jacksonville","North Carolina","United States","South","US"
3564,"US|South|United States|North Carolina|Monroe","Monroe","North Carolina","United States","South","US"
3565,"US|South|United States|North Carolina|Raleigh","Raleigh","North Carolina","United States","South","US"
3566,"US|South|United States|North Carolina|Thomasville","Thomasville","North Carolina","United States","South","US"
3567,"US|South|United States|North Carolina|Wilmington","Wilmington","North Carolina","United States","South","US"
3568,"US|South|United States|North Carolina|Wilson","Wilson","North Carolina","United States","South","US"
3569,"US|South|United States|South Carolina|Columbia","Columbia","South Carolina","United States","South","US"
3570,"US|South|United States|South Carolina|Florence","Florence","South Carolina","United States","South","US"
3571,"US|South|United States|South Carolina|Mount Pleasant","Mount Pleasant","South Carolina","United States","South","US"
3572,"US|South|United States|South Carolina|North Charleston","North Charleston","South Carolina","United States","South","US"
3573,"US|South|United States|South Carolina|Rock Hill","Rock Hill","South Carolina","United States","South","US"
3574,"US|South|United States|South Carolina|Summerville","Summerville","South Carolina","United States","South","US"
3575,"US|South|United States|Tennessee|Bartlett","Bartlett","Tennessee","United States","South","US"
3576,"US|South|United States|Tennessee|Bristol","Bristol","Tennessee","United States","South","US"
3577,"US|South|United States|Tennessee|Chattanooga","Chattanooga","Tennessee","United States","South","US"
3578,"US|South|United States|Tennessee|Clarksville","Clarksville","Tennessee","United States","South","US"
3579,"US|South|United States|Tennessee|Columbia","Columbia","Tennessee","United States","South","US"
3580,"US|South|United States|Tennessee|Franklin","Franklin","Tennessee","United States","South","US"
3581,"US|South|United States|Tennessee|Hendersonville","Hendersonville","Tennessee","United States","South","US"
3582,"US|South|United States|Tennessee|Jackson","Jackson","Tennessee","United States","South","US"
3583,"US|South|United States|Tennessee|Johnson City","Johnson City","Tennessee","United States","South","US"
3584,"US|South|United States|Tennessee|Knoxville","Knoxville","Tennessee","United States","South","US"
3585,"US|South|United States|Tennessee|Lebanon","Lebanon","Tennessee","United States","South","US"
3586,"US|South|United States|Tennessee|Memphis","Memphis","Tennessee","United States","South","US"
3587,"US|South|United States|Tennessee|Murfreesboro","Murfreesboro","Tennessee","United States","South","US"
3588,"US|South|United States|Tennessee|Nashville","Nashville","Tennessee","United States","South","US"
3589,"US|South|United States|Tennessee|Smyrna","Smyrna","Tennessee","United States","South","US"
3590,"US|South|United States|Virginia|Alexandria","Alexandria","Virginia","United States","South","US"
3591,"US|South|United States|Virginia|Arlington","Arlington","Virginia","United States","South","US"
3592,"US|South|United States|Virginia|Charlottesville","Charlottesville","Virginia","United States","South","US"
3593,"US|South|United States|Virginia|Chesapeake","Chesapeake","Virginia","United States","South","US"
3594,"US|South|United States|Virginia|Hampton","Hampton","Virginia","United States","South","US"
3595,"US|South|United States|Virginia|Harrisonburg","Harrisonburg","Virginia","United States","South","US"
3596,"US|South|United States|Virginia|Newport News","Newport News","Virginia","United States","South","US"
3597,"US|South|United States|Virginia|Richmond","Richmond","Virginia","United States","South","US"
3598,"US|South|United States|Virginia|Salem","Salem","Virginia","United States","South","US"
3599,"US|South|United States|Virginia|Springfield","Springfield","Virginia","United States","South","US"
3600,"US|South|United States|Virginia|Suffolk","Suffolk","Virginia","United States","South","US"
3601,"US|South|United States|Virginia|Virginia Beach","Virginia Beach","Virginia","United States","South","US"
3602,"US|South|United States|Virginia|Waynesboro","Waynesboro","Virginia","United States","South","US"
3170,"US|Central|United States|Illinois|Arlington Heights","Arlington Heights","Illinois","United States","Central","US"
3171,"US|Central|United States|Illinois|Aurora","Aurora","Illinois","United States","Central","US"
3172,"US|Central|United States|Illinois|Bloomington","Bloomington","Illinois","United States","Central","US"
3173,"US|Central|United States|Illinois|Bolingbrook","Bolingbrook","Illinois","United States","Central","US"
3174,"US|Central|United States|Illinois|Buffalo Grove","Buffalo Grove","Illinois","United States","Central","US"
3175,"US|Central|United States|Illinois|Carol Stream","Carol Stream","Illinois","United States","Central","US"
3176,"US|Central|United States|Illinois|Champaign","Champaign","Illinois","United States","Central","US"
3177,"US|Central|United States|Illinois|Chicago","Chicago","Illinois","United States","Central","US"
3178,"US|Central|United States|Illinois|Decatur","Decatur","Illinois","United States","Central","US"
3179,"US|Central|United States|Illinois|Des Plaines","Des Plaines","Illinois","United States","Central","US"
3180,"US|Central|United States|Illinois|Elmhurst","Elmhurst","Illinois","United States","Central","US"
3181,"US|Central|United States|Illinois|Evanston","Evanston","Illinois","United States","Central","US"
3182,"US|Central|United States|Illinois|Frankfort","Frankfort","Illinois","United States","Central","US"
3183,"US|Central|United States|Illinois|Freeport","Freeport","Illinois","United States","Central","US"
3184,"US|Central|United States|Illinois|Glenview","Glenview","Illinois","United States","Central","US"
3185,"US|Central|United States|Illinois|Highland Park","Highland Park","Illinois","United States","Central","US"
3186,"US|Central|United States|Illinois|Naperville","Naperville","Illinois","United States","Central","US"
3187,"US|Central|United States|Illinois|Normal","Normal","Illinois","United States","Central","US"
3188,"US|Central|United States|Illinois|Oak Park","Oak Park","Illinois","United States","Central","US"
3189,"US|Central|United States|Illinois|Orland Park","Orland Park","Illinois","United States","Central","US"
3190,"US|Central|United States|Illinois|Oswego","Oswego","Illinois","United States","Central","US"
3191,"US|Central|United States|Illinois|Palatine","Palatine","Illinois","United States","Central","US"
3192,"US|Central|United States|Illinois|Park Ridge","Park Ridge","Illinois","United States","Central","US"
3193,"US|Central|United States|Illinois|Peoria","Peoria","Illinois","United States","Central","US"
3194,"US|Central|United States|Illinois|Quincy","Quincy","Illinois","United States","Central","US"
3195,"US|Central|United States|Illinois|Rockford","Rockford","Illinois","United States","Central","US"
3196,"US|Central|United States|Illinois|Romeoville","Romeoville","Illinois","United States","Central","US"
3197,"US|Central|United States|Illinois|Saint Charles","Saint Charles","Illinois","United States","Central","US"
3198,"US|Central|United States|Illinois|Skokie","Skokie","Illinois","United States","Central","US"
3199,"US|Central|United States|Illinois|Tinley Park","Tinley Park","Illinois","United States","Central","US"
3200,"US|Central|United States|Illinois|Wheeling","Wheeling","Illinois","United States","Central","US"
3201,"US|Central|United States|Illinois|Woodstock","Woodstock","Illinois","United States","Central","US"
3202,"US|Central|United States|Indiana|Bloomington","Bloomington","Indiana","United States","Central","US"
3203,"US|Central|United States|Indiana|Columbus","Columbus","Indiana","United States","Central","US"
3204,"US|Central|United States|Indiana|Elkhart","Elkhart","Indiana","United States","Central","US"
3205,"US|Central|United States|Indiana|Greenwood","Greenwood","Indiana","United States","Central","US"
3206,"US|Central|United States|Indiana|Indianapolis","Indianapolis","Indiana","United States","Central","US"
3207,"US|Central|United States|Indiana|La Porte","La Porte","Indiana","United States","Central","US"
3208,"US|Central|United States|Indiana|Lafayette","Lafayette","Indiana","United States","Central","US"
3209,"US|Central|United States|Indiana|Lawrence","Lawrence","Indiana","United States","Central","US"
3210,"US|Central|United States|Indiana|Mishawaka","Mishawaka","Indiana","United States","Central","US"
3211,"US|Central|United States|Indiana|New Albany","New Albany","Indiana","United States","Central","US"
3212,"US|Central|United States|Indiana|New Castle","New Castle","Indiana","United States","Central","US"
3213,"US|Central|United States|Indiana|Noblesville","Noblesville","Indiana","United States","Central","US"
3214,"US|Central|United States|Indiana|Portage","Portage","Indiana","United States","Central","US"
3215,"US|Central|United States|Indiana|Richmond","Richmond","Indiana","United States","Central","US"
3216,"US|Central|United States|Indiana|South Bend","South Bend","Indiana","United States","Central","US"
3217,"US|Central|United States|Iowa|Burlington","Burlington","Iowa","United States","Central","US"
3218,"US|Central|United States|Iowa|Cedar Rapids","Cedar Rapids","Iowa","United States","Central","US"
3219,"US|Central|United States|Iowa|Des Moines","Des Moines","Iowa","United States","Central","US"
3220,"US|Central|United States|Iowa|Dubuque","Dubuque","Iowa","United States","Central","US"
3221,"US|Central|United States|Iowa|Iowa City","Iowa City","Iowa","United States","Central","US"
3222,"US|Central|United States|Iowa|Marion","Marion","Iowa","United States","Central","US"
3223,"US|Central|United States|Iowa|Urbandale","Urbandale","Iowa","United States","Central","US"
3224,"US|Central|United States|Iowa|Waterloo","Waterloo","Iowa","United States","Central","US"
3225,"US|Central|United States|Kansas|Garden City","Garden City","Kansas","United States","Central","US"
3226,"US|Central|United States|Kansas|Manhattan","Manhattan","Kansas","United States","Central","US"
3227,"US|Central|United States|Kansas|Olathe","Olathe","Kansas","United States","Central","US"
3228,"US|Central|United States|Kansas|Overland Park","Overland Park","Kansas","United States","Central","US"
3229,"US|Central|United States|Kansas|Wichita","Wichita","Kansas","United States","Central","US"
3230,"US|Central|United States|Michigan|Ann Arbor","Ann Arbor","Michigan","United States","Central","US"
3231,"US|Central|United States|Michigan|Canton","Canton","Michigan","United States","Central","US"
3232,"US|Central|United States|Michigan|Dearborn","Dearborn","Michigan","United States","Central","US"
3233,"US|Central|United States|Michigan|Dearborn Heights","Dearborn Heights","Michigan","United States","Central","US"
3234,"US|Central|United States|Michigan|Detroit","Detroit","Michigan","United States","Central","US"
3235,"US|Central|United States|Michigan|Grand Rapids","Grand Rapids","Michigan","United States","Central","US"
3236,"US|Central|United States|Michigan|Holland","Holland","Michigan","United States","Central","US"
3237,"US|Central|United States|Michigan|Jackson","Jackson","Michigan","United States","Central","US"
3238,"US|Central|United States|Michigan|Lansing","Lansing","Michigan","United States","Central","US"
3239,"US|Central|United States|Michigan|Lincoln Park","Lincoln Park","Michigan","United States","Central","US"
3240,"US|Central|United States|Michigan|Midland","Midland","Michigan","United States","Central","US"
3241,"US|Central|United States|Michigan|Mount Pleasant","Mount Pleasant","Michigan","United States","Central","US"
3242,"US|Central|United States|Michigan|Oak Park","Oak Park","Michigan","United States","Central","US"
3243,"US|Central|United States|Michigan|Rochester Hills","Rochester Hills","Michigan","United States","Central","US"
3244,"US|Central|United States|Michigan|Roseville","Roseville","Michigan","United States","Central","US"
3245,"US|Central|United States|Michigan|Royal Oak","Royal Oak","Michigan","United States","Central","US"
3246,"US|Central|United States|Michigan|Saginaw","Saginaw","Michigan","United States","Central","US"
3247,"US|Central|United States|Michigan|Sterling Heights","Sterling Heights","Michigan","United States","Central","US"
3248,"US|Central|United States|Michigan|Taylor","Taylor","Michigan","United States","Central","US"
3249,"US|Central|United States|Michigan|Trenton","Trenton","Michigan","United States","Central","US"
3250,"US|Central|United States|Michigan|Westland","Westland","Michigan","United States","Central","US"
3251,"US|Central|United States|Minnesota|Apple Valley","Apple Valley","Minnesota","United States","Central","US"
3252,"US|Central|United States|Minnesota|Coon Rapids","Coon Rapids","Minnesota","United States","Central","US"
3253,"US|Central|United States|Minnesota|Cottage Grove","Cottage Grove","Minnesota","United States","Central","US"
3254,"US|Central|United States|Minnesota|Eagan","Eagan","Minnesota","United States","Central","US"
3255,"US|Central|United States|Minnesota|Lakeville","Lakeville","Minnesota","United States","Central","US"
3256,"US|Central|United States|Minnesota|Maple Grove","Maple Grove","Minnesota","United States","Central","US"
3257,"US|Central|United States|Minnesota|Minneapolis","Minneapolis","Minnesota","United States","Central","US"
3258,"US|Central|United States|Minnesota|Moorhead","Moorhead","Minnesota","United States","Central","US"
3259,"US|Central|United States|Minnesota|Rochester","Rochester","Minnesota","United States","Central","US"
3260,"US|Central|United States|Minnesota|Roseville","Roseville","Minnesota","United States","Central","US"
3261,"US|Central|United States|Minnesota|Saint Cloud","Saint Cloud","Minnesota","United States","Central","US"
3262,"US|Central|United States|Minnesota|Saint Paul","Saint Paul","Minnesota","United States","Central","US"
3263,"US|Central|United States|Minnesota|Woodbury","Woodbury","Minnesota","United States","Central","US"
3264,"US|Central|United States|Missouri|Columbia","Columbia","Missouri","United States","Central","US"
3265,"US|Central|United States|Missouri|Gladstone","Gladstone","Missouri","United States","Central","US"
3266,"US|Central|United States|Missouri|Independence","Independence","Missouri","United States","Central","US"
3267,"US|Central|United States|Missouri|Jefferson City","Jefferson City","Missouri","United States","Central","US"
3268,"US|Central|United States|Missouri|Kirkwood","Kirkwood","Missouri","United States","Central","US"
3269,"US|Central|United States|Missouri|Saint Charles","Saint Charles","Missouri","United States","Central","US"
3270,"US|Central|United States|Missouri|Saint Louis","Saint Louis","Missouri","United States","Central","US"
3271,"US|Central|United States|Missouri|Saint Peters","Saint Peters","Missouri","United States","Central","US"
3272,"US|Central|United States|Missouri|Springfield","Springfield","Missouri","United States","Central","US"
3273,"US|Central|United States|Nebraska|Fremont","Fremont","Nebraska","United States","Central","US"
3274,"US|Central|United States|Nebraska|Grand Island","Grand Island","Nebraska","United States","Central","US"
3275,"US|Central|United States|Nebraska|Norfolk","Norfolk","Nebraska","United States","Central","US"
3276,"US|Central|United States|Nebraska|Omaha","Omaha","Nebraska","United States","Central","US"
3277,"US|Central|United States|North Dakota|Fargo","Fargo","North Dakota","United States","Central","US"
3278,"US|Central|United States|Oklahoma|Broken Arrow","Broken Arrow","Oklahoma","United States","Central","US"
3279,"US|Central|United States|Oklahoma|Edmond","Edmond","Oklahoma","United States","Central","US"
3280,"US|Central|United States|Oklahoma|Lawton","Lawton","Oklahoma","United States","Central","US"
3281,"US|Central|United States|Oklahoma|Muskogee","Muskogee","Oklahoma","United States","Central","US"
3282,"US|Central|United States|Oklahoma|Norman","Norman","Oklahoma","United States","Central","US"
3283,"US|Central|United States|Oklahoma|Oklahoma City","Oklahoma City","Oklahoma","United States","Central","US"
3284,"US|Central|United States|Oklahoma|Tulsa","Tulsa","Oklahoma","United States","Central","US"
3285,"US|Central|United States|South Dakota|Aberdeen","Aberdeen","South Dakota","United States","Central","US"
3286,"US|Central|United States|South Dakota|Rapid City","Rapid City","South Dakota","United States","Central","US"
3287,"US|Central|United States|South Dakota|Sioux Falls","Sioux Falls","South Dakota","United States","Central","US"
3288,"US|Central|United States|Texas|Abilene","Abilene","Texas","United States","Central","US"
3289,"US|Central|United States|Texas|Allen","Allen","Texas","United States","Central","US"
3290,"US|Central|United States|Texas|Amarillo","Amarillo","Texas","United States","Central","US"
3291,"US|Central|United States|Texas|Arlington","Arlington","Texas","United States","Central","US"
3292,"US|Central|United States|Texas|Austin","Austin","Texas","United States","Central","US"
3293,"US|Central|United States|Texas|Baytown","Baytown","Texas","United States","Central","US"
3294,"US|Central|United States|Texas|Beaumont","Beaumont","Texas","United States","Central","US"
3295,"US|Central|United States|Texas|Bedford","Bedford","Texas","United States","Central","US"
3296,"US|Central|United States|Texas|Brownsville","Brownsville","Texas","United States","Central","US"
3297,"US|Central|United States|Texas|Bryan","Bryan","Texas","United States","Central","US"
3298,"US|Central|United States|Texas|Carrollton","Carrollton","Texas","United States","Central","US"
3299,"US|Central|United States|Texas|Cedar Hill","Cedar Hill","Texas","United States","Central","US"
3300,"US|Central|United States|Texas|College Station","College Station","Texas","United States","Central","US"
3301,"US|Central|United States|Texas|Conroe","Conroe","Texas","United States","Central","US"
3302,"US|Central|United States|Texas|Coppell","Coppell","Texas","United States","Central","US"
3303,"US|Central|United States|Texas|Corpus Christi","Corpus Christi","Texas","United States","Central","US"
3304,"US|Central|United States|Texas|Dallas","Dallas","Texas","United States","Central","US"
3305,"US|Central|United States|Texas|Deer Park","Deer Park","Texas","United States","Central","US"
3306,"US|Central|United States|Texas|Edinburg","Edinburg","Texas","United States","Central","US"
3307,"US|Central|United States|Texas|El Paso","El Paso","Texas","United States","Central","US"
3308,"US|Central|United States|Texas|Fort Worth","Fort Worth","Texas","United States","Central","US"
3309,"US|Central|United States|Texas|Frisco","Frisco","Texas","United States","Central","US"
3310,"US|Central|United States|Texas|Garland","Garland","Texas","United States","Central","US"
3311,"US|Central|United States|Texas|Grand Prairie","Grand Prairie","Texas","United States","Central","US"
3312,"US|Central|United States|Texas|Grapevine","Grapevine","Texas","United States","Central","US"
3313,"US|Central|United States|Texas|Haltom City","Haltom City","Texas","United States","Central","US"
3314,"US|Central|United States|Texas|Harlingen","Harlingen","Texas","United States","Central","US"
3315,"US|Central|United States|Texas|Houston","Houston","Texas","United States","Central","US"
3316,"US|Central|United States|Texas|Huntsville","Huntsville","Texas","United States","Central","US"
3317,"US|Central|United States|Texas|Irving","Irving","Texas","United States","Central","US"
3318,"US|Central|United States|Texas|Keller","Keller","Texas","United States","Central","US"
3319,"US|Central|United States|Texas|La Porte","La Porte","Texas","United States","Central","US"
3320,"US|Central|United States|Texas|Laredo","Laredo","Texas","United States","Central","US"
3321,"US|Central|United States|Texas|League City","League City","Texas","United States","Central","US"
3322,"US|Central|United States|Texas|Lubbock","Lubbock","Texas","United States","Central","US"
3323,"US|Central|United States|Texas|Mansfield","Mansfield","Texas","United States","Central","US"
3324,"US|Central|United States|Texas|Mcallen","Mcallen","Texas","United States","Central","US"
3325,"US|Central|United States|Texas|Mesquite","Mesquite","Texas","United States","Central","US"
3326,"US|Central|United States|Texas|Missouri City","Missouri City","Texas","United States","Central","US"
3327,"US|Central|United States|Texas|Odessa","Odessa","Texas","United States","Central","US"
3328,"US|Central|United States|Texas|Pasadena","Pasadena","Texas","United States","Central","US"
3329,"US|Central|United States|Texas|Pearland","Pearland","Texas","United States","Central","US"
3330,"US|Central|United States|Texas|Pharr","Pharr","Texas","United States","Central","US"
3331,"US|Central|United States|Texas|Plano","Plano","Texas","United States","Central","US"
3332,"US|Central|United States|Texas|Port Arthur","Port Arthur","Texas","United States","Central","US"
3333,"US|Central|United States|Texas|Richardson","Richardson","Texas","United States","Central","US"
3334,"US|Central|United States|Texas|Round Rock","Round Rock","Texas","United States","Central","US"
3335,"US|Central|United States|Texas|San Angelo","San Angelo","Texas","United States","Central","US"
3336,"US|Central|United States|Texas|San Antonio","San Antonio","Texas","United States","Central","US"
3337,"US|Central|United States|Texas|San Marcos","San Marcos","Texas","United States","Central","US"
3338,"US|Central|United States|Texas|Texas City","Texas City","Texas","United States","Central","US"
3339,"US|Central|United States|Texas|The Colony","The Colony","Texas","United States","Central","US"
3340,"US|Central|United States|Texas|Tyler","Tyler","Texas","United States","Central","US"
3341,"US|Central|United States|Texas|Waco","Waco","Texas","United States","Central","US"
3342,"US|Central|United States|Wisconsin|Appleton","Appleton","Wisconsin","United States","Central","US"
3343,"US|Central|United States|Wisconsin|Eau Claire","Eau Claire","Wisconsin","United States","Central","US"
3344,"US|Central|United States|Wisconsin|Franklin","Franklin","Wisconsin","United States","Central","US"
3345,"US|Central|United States|Wisconsin|Green Bay","Green Bay","Wisconsin","United States","Central","US"
3346,"US|Central|United States|Wisconsin|Kenosha","Kenosha","Wisconsin","United States","Central","US"
3347,"US|Central|United States|Wisconsin|La Crosse","La Crosse","Wisconsin","United States","Central","US"
3348,"US|Central|United States|Wisconsin|Madison","Madison","Wisconsin","United States","Central","US"
3349,"US|Central|United States|Wisconsin|Milwaukee","Milwaukee","Wisconsin","United States","Central","US"
3350,"US|Central|United States|Wisconsin|Sheboygan","Sheboygan","Wisconsin","United States","Central","US"
3351,"US|Central|United States|Wisconsin|Superior","Superior","Wisconsin","United States","Central","US"
3352,"US|Central|United States|Wisconsin|Waukesha","Waukesha","Wisconsin","United States","Central","US"
3353,"US|Central|United States|Wisconsin|Wausau","Wausau","Wisconsin","United States","Central","US"
3354,"US|Central|United States|Wisconsin|West Allis","West Allis","Wisconsin","United States","Central","US"
2780,"LATAM|South|Brazil|Acre|Cruzeiro do Sul","Cruzeiro do Sul","Acre","Brazil","South","LATAM"
2781,"LATAM|South|Brazil|Acre|Rio Branco","Rio Branco","Acre","Brazil","South","LATAM"
2782,"LATAM|South|Brazil|Alagoas|Arapiraca","Arapiraca","Alagoas","Brazil","South","LATAM"
2783,"LATAM|South|Brazil|Alagoas|Maceió","Maceió","Alagoas","Brazil","South","LATAM"
2784,"LATAM|South|Brazil|Alagoas|Penedo","Penedo","Alagoas","Brazil","South","LATAM"
2785,"LATAM|South|Brazil|Alagoas|Pilar","Pilar","Alagoas","Brazil","South","LATAM"
2786,"LATAM|South|Brazil|Alagoas|São Miguel dos Campos","São Miguel dos Campos","Alagoas","Brazil","South","LATAM"
2787,"LATAM|South|Brazil|Amapá|Macapá","Macapá","Amapá","Brazil","South","LATAM"
2788,"LATAM|South|Brazil|Amazonas|Coari","Coari","Amazonas","Brazil","South","LATAM"
2789,"LATAM|South|Brazil|Amazonas|Manacapuru","Manacapuru","Amazonas","Brazil","South","LATAM"
2790,"LATAM|South|Brazil|Amazonas|Manaus","Manaus","Amazonas","Brazil","South","LATAM"
2791,"LATAM|South|Brazil|Amazonas|Parintins","Parintins","Amazonas","Brazil","South","LATAM"
2792,"LATAM|South|Brazil|Bahia|Barreiras","Barreiras","Bahia","Brazil","South","LATAM"
2793,"LATAM|South|Brazil|Bahia|Bom Jesus da Lapa","Bom Jesus da Lapa","Bahia","Brazil","South","LATAM"
2794,"LATAM|South|Brazil|Bahia|Brumado","Brumado","Bahia","Brazil","South","LATAM"
2795,"LATAM|South|Brazil|Bahia|Camaçari","Camaçari","Bahia","Brazil","South","LATAM"
2796,"LATAM|South|Brazil|Bahia|Cruz das Almas","Cruz das Almas","Bahia","Brazil","South","LATAM"
2797,"LATAM|South|Brazil|Bahia|Eunápolis","Eunápolis","Bahia","Brazil","South","LATAM"
2798,"LATAM|South|Brazil|Bahia|Feira de Santana","Feira de Santana","Bahia","Brazil","South","LATAM"
2799,"LATAM|South|Brazil|Bahia|Guanambi","Guanambi","Bahia","Brazil","South","LATAM"
2800,"LATAM|South|Brazil|Bahia|Ilhéus","Ilhéus","Bahia","Brazil","South","LATAM"
2801,"LATAM|South|Brazil|Bahia|Itamaraju","Itamaraju","Bahia","Brazil","South","LATAM"
2802,"LATAM|South|Brazil|Bahia|Jacobina","Jacobina","Bahia","Brazil","South","LATAM"
2803,"LATAM|South|Brazil|Bahia|Jequié","Jequié","Bahia","Brazil","South","LATAM"
2804,"LATAM|South|Brazil|Bahia|Juazeiro","Juazeiro","Bahia","Brazil","South","LATAM"
2805,"LATAM|South|Brazil|Bahia|Salvador","Salvador","Bahia","Brazil","South","LATAM"
2806,"LATAM|South|Brazil|Bahia|Senhor do Bonfim","Senhor do Bonfim","Bahia","Brazil","South","LATAM"
2807,"LATAM|South|Brazil|Bahia|Simões Filho","Simões Filho","Bahia","Brazil","South","LATAM"
2808,"LATAM|South|Brazil|Bahia|Vitória da Conquista","Vitória da Conquista","Bahia","Brazil","South","LATAM"
2809,"LATAM|South|Brazil|Ceará|Aracati","Aracati","Ceará","Brazil","South","LATAM"
2810,"LATAM|South|Brazil|Ceará|Camocim","Camocim","Ceará","Brazil","South","LATAM"
2811,"LATAM|South|Brazil|Ceará|Caucaia","Caucaia","Ceará","Brazil","South","LATAM"
2812,"LATAM|South|Brazil|Ceará|Crato","Crato","Ceará","Brazil","South","LATAM"
2813,"LATAM|South|Brazil|Ceará|Fortaleza","Fortaleza","Ceará","Brazil","South","LATAM"
2814,"LATAM|South|Brazil|Ceará|Limoeiro do Norte","Limoeiro do Norte","Ceará","Brazil","South","LATAM"
2815,"LATAM|South|Brazil|Ceará|Quixadá","Quixadá","Ceará","Brazil","South","LATAM"
2816,"LATAM|South|Brazil|Ceará|Sobral","Sobral","Ceará","Brazil","South","LATAM"
2817,"LATAM|South|Brazil|Ceará|São Benedito","São Benedito","Ceará","Brazil","South","LATAM"
2818,"LATAM|South|Brazil|Ceará|Tianguá","Tianguá","Ceará","Brazil","South","LATAM"
2819,"LATAM|South|Brazil|Espírito Santo|Guarapari","Guarapari","Espírito Santo","Brazil","South","LATAM"
2820,"LATAM|South|Brazil|Espírito Santo|Linhares","Linhares","Espírito Santo","Brazil","South","LATAM"
2821,"LATAM|South|Brazil|Espírito Santo|Serra","Serra","Espírito Santo","Brazil","South","LATAM"
2822,"LATAM|South|Brazil|Espírito Santo|Vitória","Vitória","Espírito Santo","Brazil","South","LATAM"
2823,"LATAM|South|Brazil|Federal District|Brasília","Brasília","Federal District","Brazil","South","LATAM"
2824,"LATAM|South|Brazil|Goiás|Anápolis","Anápolis","Goiás","Brazil","South","LATAM"
2825,"LATAM|South|Brazil|Goiás|Catalão","Catalão","Goiás","Brazil","South","LATAM"
2826,"LATAM|South|Brazil|Goiás|Cidade Ocidental","Cidade Ocidental","Goiás","Brazil","South","LATAM"
2827,"LATAM|South|Brazil|Goiás|Goiânia","Goiânia","Goiás","Brazil","South","LATAM"
2828,"LATAM|South|Brazil|Goiás|Jataí","Jataí","Goiás","Brazil","South","LATAM"
2829,"LATAM|South|Brazil|Goiás|Novo Gama","Novo Gama","Goiás","Brazil","South","LATAM"
2830,"LATAM|South|Brazil|Goiás|Valparaíso de Goiás","Valparaíso de Goiás","Goiás","Brazil","South","LATAM"
2831,"LATAM|South|Brazil|Goiás|Águas Lindas de Goiás","Águas Lindas de Goiás","Goiás","Brazil","South","LATAM"
2832,"LATAM|South|Brazil|Maranhão|Barreirinhas","Barreirinhas","Maranhão","Brazil","South","LATAM"
2833,"LATAM|South|Brazil|Maranhão|Buriticupu","Buriticupu","Maranhão","Brazil","South","LATAM"
2834,"LATAM|South|Brazil|Maranhão|Grajaú","Grajaú","Maranhão","Brazil","South","LATAM"
2835,"LATAM|South|Brazil|Maranhão|Itapecuru Mirim","Itapecuru Mirim","Maranhão","Brazil","South","LATAM"
2836,"LATAM|South|Brazil|Maranhão|Paço do Lumiar","Paço do Lumiar","Maranhão","Brazil","South","LATAM"
2837,"LATAM|South|Brazil|Maranhão|Pinheiro","Pinheiro","Maranhão","Brazil","South","LATAM"
2838,"LATAM|South|Brazil|Maranhão|Presidente Dutra","Presidente Dutra","Maranhão","Brazil","South","LATAM"
2839,"LATAM|South|Brazil|Maranhão|Santa Helena","Santa Helena","Maranhão","Brazil","South","LATAM"
2840,"LATAM|South|Brazil|Maranhão|São Luís","São Luís","Maranhão","Brazil","South","LATAM"
2841,"LATAM|South|Brazil|Mato Grosso do Sul|Campo Grande","Campo Grande","Mato Grosso do Sul","Brazil","South","LATAM"
2842,"LATAM|South|Brazil|Mato Grosso do Sul|Cassilândia","Cassilândia","Mato Grosso do Sul","Brazil","South","LATAM"
2843,"LATAM|South|Brazil|Mato Grosso do Sul|Dourados","Dourados","Mato Grosso do Sul","Brazil","South","LATAM"
2844,"LATAM|South|Brazil|Mato Grosso|Cuiabá","Cuiabá","Mato Grosso","Brazil","South","LATAM"
2845,"LATAM|South|Brazil|Mato Grosso|Pontes e Lacerda","Pontes e Lacerda","Mato Grosso","Brazil","South","LATAM"
2846,"LATAM|South|Brazil|Mato Grosso|Rondonópolis","Rondonópolis","Mato Grosso","Brazil","South","LATAM"
2847,"LATAM|South|Brazil|Mato Grosso|Sinop","Sinop","Mato Grosso","Brazil","South","LATAM"
2848,"LATAM|South|Brazil|Mato Grosso|Sorriso","Sorriso","Mato Grosso","Brazil","South","LATAM"
2849,"LATAM|South|Brazil|Mato Grosso|Várzea Grande","Várzea Grande","Mato Grosso","Brazil","South","LATAM"
2850,"LATAM|South|Brazil|Minas Gerais|Barbacena","Barbacena","Minas Gerais","Brazil","South","LATAM"
2851,"LATAM|South|Brazil|Minas Gerais|Belo Horizonte","Belo Horizonte","Minas Gerais","Brazil","South","LATAM"
2852,"LATAM|South|Brazil|Minas Gerais|Betim","Betim","Minas Gerais","Brazil","South","LATAM"
2853,"LATAM|South|Brazil|Minas Gerais|Boa Esperança","Boa Esperança","Minas Gerais","Brazil","South","LATAM"
2854,"LATAM|South|Brazil|Minas Gerais|Conselheiro Lafaiete","Conselheiro Lafaiete","Minas Gerais","Brazil","South","LATAM"
2855,"LATAM|South|Brazil|Minas Gerais|Contagem","Contagem","Minas Gerais","Brazil","South","LATAM"
2856,"LATAM|South|Brazil|Minas Gerais|Divinópolis","Divinópolis","Minas Gerais","Brazil","South","LATAM"
2857,"LATAM|South|Brazil|Minas Gerais|Ibirité","Ibirité","Minas Gerais","Brazil","South","LATAM"
2858,"LATAM|South|Brazil|Minas Gerais|Ipatinga","Ipatinga","Minas Gerais","Brazil","South","LATAM"
2859,"LATAM|South|Brazil|Minas Gerais|Itaúna","Itaúna","Minas Gerais","Brazil","South","LATAM"
2860,"LATAM|South|Brazil|Minas Gerais|Ituiutaba","Ituiutaba","Minas Gerais","Brazil","South","LATAM"
2861,"LATAM|South|Brazil|Minas Gerais|Juiz de Fora","Juiz de Fora","Minas Gerais","Brazil","South","LATAM"
2862,"LATAM|South|Brazil|Minas Gerais|Montes Claros","Montes Claros","Minas Gerais","Brazil","South","LATAM"
2863,"LATAM|South|Brazil|Minas Gerais|Nova Serrana","Nova Serrana","Minas Gerais","Brazil","South","LATAM"
2864,"LATAM|South|Brazil|Minas Gerais|Novo Cruzeiro","Novo Cruzeiro","Minas Gerais","Brazil","South","LATAM"
2865,"LATAM|South|Brazil|Minas Gerais|Paracatu","Paracatu","Minas Gerais","Brazil","South","LATAM"
2866,"LATAM|South|Brazil|Minas Gerais|Passos","Passos","Minas Gerais","Brazil","South","LATAM"
2867,"LATAM|South|Brazil|Minas Gerais|Patrocínio","Patrocínio","Minas Gerais","Brazil","South","LATAM"
2868,"LATAM|South|Brazil|Minas Gerais|Pirapora","Pirapora","Minas Gerais","Brazil","South","LATAM"
2869,"LATAM|South|Brazil|Minas Gerais|Ponte Nova","Ponte Nova","Minas Gerais","Brazil","South","LATAM"
2870,"LATAM|South|Brazil|Minas Gerais|Pouso Alegre","Pouso Alegre","Minas Gerais","Brazil","South","LATAM"
2871,"LATAM|South|Brazil|Minas Gerais|Poços de Caldas","Poços de Caldas","Minas Gerais","Brazil","South","LATAM"
2872,"LATAM|South|Brazil|Minas Gerais|Uberaba","Uberaba","Minas Gerais","Brazil","South","LATAM"
2873,"LATAM|South|Brazil|Minas Gerais|Uberlândia","Uberlândia","Minas Gerais","Brazil","South","LATAM"
2874,"LATAM|South|Brazil|Minas Gerais|Vespasiano","Vespasiano","Minas Gerais","Brazil","South","LATAM"
2875,"LATAM|South|Brazil|Parana|Apucarana","Apucarana","Parana","Brazil","South","LATAM"
2876,"LATAM|South|Brazil|Parana|Arapongas","Arapongas","Parana","Brazil","South","LATAM"
2877,"LATAM|South|Brazil|Parana|Araucária","Araucária","Parana","Brazil","South","LATAM"
2878,"LATAM|South|Brazil|Parana|Cambé","Cambé","Parana","Brazil","South","LATAM"
2879,"LATAM|South|Brazil|Parana|Colombo","Colombo","Parana","Brazil","South","LATAM"
2880,"LATAM|South|Brazil|Parana|Curitiba","Curitiba","Parana","Brazil","South","LATAM"
2881,"LATAM|South|Brazil|Parana|Francisco Beltrão","Francisco Beltrão","Parana","Brazil","South","LATAM"
2882,"LATAM|South|Brazil|Parana|Guarapuava","Guarapuava","Parana","Brazil","South","LATAM"
2883,"LATAM|South|Brazil|Parana|Londrina","Londrina","Parana","Brazil","South","LATAM"
2884,"LATAM|South|Brazil|Parana|Maringá","Maringá","Parana","Brazil","South","LATAM"
2885,"LATAM|South|Brazil|Parana|Paranaguá","Paranaguá","Parana","Brazil","South","LATAM"
2886,"LATAM|South|Brazil|Parana|Pato Branco","Pato Branco","Parana","Brazil","South","LATAM"
2887,"LATAM|South|Brazil|Parana|Rolândia","Rolândia","Parana","Brazil","South","LATAM"
2888,"LATAM|South|Brazil|Parana|Toledo","Toledo","Parana","Brazil","South","LATAM"
2889,"LATAM|South|Brazil|Parana|Umuarama","Umuarama","Parana","Brazil","South","LATAM"
2890,"LATAM|South|Brazil|Paraíba|Bayeux","Bayeux","Paraíba","Brazil","South","LATAM"
2891,"LATAM|South|Brazil|Paraíba|Cajazeiras","Cajazeiras","Paraíba","Brazil","South","LATAM"
2892,"LATAM|South|Brazil|Paraíba|Campina Grande","Campina Grande","Paraíba","Brazil","South","LATAM"
2893,"LATAM|South|Brazil|Paraíba|João Pessoa","João Pessoa","Paraíba","Brazil","South","LATAM"
2894,"LATAM|South|Brazil|Paraíba|Sousa","Sousa","Paraíba","Brazil","South","LATAM"
2895,"LATAM|South|Brazil|Pará|Altamira","Altamira","Pará","Brazil","South","LATAM"
2896,"LATAM|South|Brazil|Pará|Ananindeua","Ananindeua","Pará","Brazil","South","LATAM"
2897,"LATAM|South|Brazil|Pará|Castanhal","Castanhal","Pará","Brazil","South","LATAM"
2898,"LATAM|South|Brazil|Pará|Itaituba","Itaituba","Pará","Brazil","South","LATAM"
2899,"LATAM|South|Brazil|Pará|Oriximiná","Oriximiná","Pará","Brazil","South","LATAM"
2900,"LATAM|South|Brazil|Pará|Santarém","Santarém","Pará","Brazil","South","LATAM"
2901,"LATAM|South|Brazil|Pernambuco|Abreu e Lima","Abreu e Lima","Pernambuco","Brazil","South","LATAM"
2902,"LATAM|South|Brazil|Pernambuco|Arcoverde","Arcoverde","Pernambuco","Brazil","South","LATAM"
2903,"LATAM|South|Brazil|Pernambuco|Bezerros","Bezerros","Pernambuco","Brazil","South","LATAM"
2904,"LATAM|South|Brazil|Pernambuco|Cabo de Santo Agostinho","Cabo de Santo Agostinho","Pernambuco","Brazil","South","LATAM"
2905,"LATAM|South|Brazil|Pernambuco|Camaragibe","Camaragibe","Pernambuco","Brazil","South","LATAM"
2906,"LATAM|South|Brazil|Pernambuco|Garanhuns","Garanhuns","Pernambuco","Brazil","South","LATAM"
2907,"LATAM|South|Brazil|Pernambuco|Gravatá","Gravatá","Pernambuco","Brazil","South","LATAM"
2908,"LATAM|South|Brazil|Pernambuco|Igarassu","Igarassu","Pernambuco","Brazil","South","LATAM"
2909,"LATAM|South|Brazil|Pernambuco|Jurema","Jurema","Pernambuco","Brazil","South","LATAM"
2910,"LATAM|South|Brazil|Pernambuco|Palmares","Palmares","Pernambuco","Brazil","South","LATAM"
2911,"LATAM|South|Brazil|Pernambuco|Paulista","Paulista","Pernambuco","Brazil","South","LATAM"
2912,"LATAM|South|Brazil|Pernambuco|Recife","Recife","Pernambuco","Brazil","South","LATAM"
2913,"LATAM|South|Brazil|Pernambuco|Surubim","Surubim","Pernambuco","Brazil","South","LATAM"
2914,"LATAM|South|Brazil|Pernambuco|Vitória de Santo Antão","Vitória de Santo Antão","Pernambuco","Brazil","South","LATAM"
2915,"LATAM|South|Brazil|Piauí|Floriano","Floriano","Piauí","Brazil","South","LATAM"
2916,"LATAM|South|Brazil|Piauí|Teresina","Teresina","Piauí","Brazil","South","LATAM"
2917,"LATAM|South|Brazil|Rio Grande do Norte|Açu","Açu","Rio Grande do Norte","Brazil","South","LATAM"
2918,"LATAM|South|Brazil|Rio Grande do Norte|Mossoró","Mossoró","Rio Grande do Norte","Brazil","South","LATAM"
2919,"LATAM|South|Brazil|Rio Grande do Norte|Natal","Natal","Rio Grande do Norte","Brazil","South","LATAM"
2920,"LATAM|South|Brazil|Rio Grande do Sul|Bagé","Bagé","Rio Grande do Sul","Brazil","South","LATAM"
2921,"LATAM|South|Brazil|Rio Grande do Sul|Bento Gonçalves","Bento Gonçalves","Rio Grande do Sul","Brazil","South","LATAM"
2922,"LATAM|South|Brazil|Rio Grande do Sul|Canoas","Canoas","Rio Grande do Sul","Brazil","South","LATAM"
2923,"LATAM|South|Brazil|Rio Grande do Sul|Caxias do Sul","Caxias do Sul","Rio Grande do Sul","Brazil","South","LATAM"
2924,"LATAM|South|Brazil|Rio Grande do Sul|Erechim","Erechim","Rio Grande do Sul","Brazil","South","LATAM"
2925,"LATAM|South|Brazil|Rio Grande do Sul|Farroupilha","Farroupilha","Rio Grande do Sul","Brazil","South","LATAM"
2926,"LATAM|South|Brazil|Rio Grande do Sul|Gravataí","Gravataí","Rio Grande do Sul","Brazil","South","LATAM"
2927,"LATAM|South|Brazil|Rio Grande do Sul|Ijuí","Ijuí","Rio Grande do Sul","Brazil","South","LATAM"
2928,"LATAM|South|Brazil|Rio Grande do Sul|Lajeado","Lajeado","Rio Grande do Sul","Brazil","South","LATAM"
2929,"LATAM|South|Brazil|Rio Grande do Sul|Passo Fundo","Passo Fundo","Rio Grande do Sul","Brazil","South","LATAM"
2930,"LATAM|South|Brazil|Rio Grande do Sul|Pelotas","Pelotas","Rio Grande do Sul","Brazil","South","LATAM"
2931,"LATAM|South|Brazil|Rio Grande do Sul|Porto Alegre","Porto Alegre","Rio Grande do Sul","Brazil","South","LATAM"
2932,"LATAM|South|Brazil|Rio Grande do Sul|Rio Grande","Rio Grande","Rio Grande do Sul","Brazil","South","LATAM"
2933,"LATAM|South|Brazil|Rio Grande do Sul|Santa Cruz do Sul","Santa Cruz do Sul","Rio Grande do Sul","Brazil","South","LATAM"
2934,"LATAM|South|Brazil|Rio Grande do Sul|Santa Rosa","Santa Rosa","Rio Grande do Sul","Brazil","South","LATAM"
2935,"LATAM|South|Brazil|Rio Grande do Sul|Sapucaia do Sul","Sapucaia do Sul","Rio Grande do Sul","Brazil","South","LATAM"
2936,"LATAM|South|Brazil|Rio Grande do Sul|São Leopoldo","São Leopoldo","Rio Grande do Sul","Brazil","South","LATAM"
2937,"LATAM|South|Brazil|Rio Grande do Sul|Uruguaiana","Uruguaiana","Rio Grande do Sul","Brazil","South","LATAM"
2938,"LATAM|South|Brazil|Rio Grande do Sul|Vacaria","Vacaria","Rio Grande do Sul","Brazil","South","LATAM"
2939,"LATAM|South|Brazil|Rio de Janeiro|Barra Mansa","Barra Mansa","Rio de Janeiro","Brazil","South","LATAM"
2940,"LATAM|South|Brazil|Rio de Janeiro|Barra do Piraí","Barra do Piraí","Rio de Janeiro","Brazil","South","LATAM"
2941,"LATAM|South|Brazil|Rio de Janeiro|Cabo Frio","Cabo Frio","Rio de Janeiro","Brazil","South","LATAM"
2942,"LATAM|South|Brazil|Rio de Janeiro|Duque de Caxias","Duque de Caxias","Rio de Janeiro","Brazil","South","LATAM"
2943,"LATAM|South|Brazil|Rio de Janeiro|Niterói","Niterói","Rio de Janeiro","Brazil","South","LATAM"
2944,"LATAM|South|Brazil|Rio de Janeiro|Petrópolis","Petrópolis","Rio de Janeiro","Brazil","South","LATAM"
2945,"LATAM|South|Brazil|Rio de Janeiro|Resende","Resende","Rio de Janeiro","Brazil","South","LATAM"
2946,"LATAM|South|Brazil|Rio de Janeiro|Seropédica","Seropédica","Rio de Janeiro","Brazil","South","LATAM"
2947,"LATAM|South|Brazil|Rio de Janeiro|São Gonçalo","São Gonçalo","Rio de Janeiro","Brazil","South","LATAM"
2948,"LATAM|South|Brazil|Rio de Janeiro|São Pedro da Aldeia","São Pedro da Aldeia","Rio de Janeiro","Brazil","South","LATAM"
2949,"LATAM|South|Brazil|Rio de Janeiro|Teresópolis","Teresópolis","Rio de Janeiro","Brazil","South","LATAM"
2950,"LATAM|South|Brazil|Rio de Janeiro|Vassouras","Vassouras","Rio de Janeiro","Brazil","South","LATAM"
2951,"LATAM|South|Brazil|Rondônia|Ariquemes","Ariquemes","Rondônia","Brazil","South","LATAM"
2952,"LATAM|South|Brazil|Rondônia|Ji-Paraná","Ji-Paraná","Rondônia","Brazil","South","LATAM"
2953,"LATAM|South|Brazil|Rondônia|Vilhena","Vilhena","Rondônia","Brazil","South","LATAM"
2954,"LATAM|South|Brazil|Roraima|Boa Vista","Boa Vista","Roraima","Brazil","South","LATAM"
2955,"LATAM|South|Brazil|Santa Catarina|Araranguá","Araranguá","Santa Catarina","Brazil","South","LATAM"
2956,"LATAM|South|Brazil|Santa Catarina|Balneário Camboriú","Balneário Camboriú","Santa Catarina","Brazil","South","LATAM"
2957,"LATAM|South|Brazil|Santa Catarina|Blumenau","Blumenau","Santa Catarina","Brazil","South","LATAM"
2958,"LATAM|South|Brazil|Santa Catarina|Caçador","Caçador","Santa Catarina","Brazil","South","LATAM"
2959,"LATAM|South|Brazil|Santa Catarina|Chapecó","Chapecó","Santa Catarina","Brazil","South","LATAM"
2960,"LATAM|South|Brazil|Santa Catarina|Criciúma","Criciúma","Santa Catarina","Brazil","South","LATAM"
2961,"LATAM|South|Brazil|Santa Catarina|Gaspar","Gaspar","Santa Catarina","Brazil","South","LATAM"
2962,"LATAM|South|Brazil|Santa Catarina|Indaial","Indaial","Santa Catarina","Brazil","South","LATAM"
2963,"LATAM|South|Brazil|Santa Catarina|Itajaí","Itajaí","Santa Catarina","Brazil","South","LATAM"
2964,"LATAM|South|Brazil|Santa Catarina|Joinville","Joinville","Santa Catarina","Brazil","South","LATAM"
2965,"LATAM|South|Brazil|Santa Catarina|Navegantes","Navegantes","Santa Catarina","Brazil","South","LATAM"
2966,"LATAM|South|Brazil|Santa Catarina|Palhoça","Palhoça","Santa Catarina","Brazil","South","LATAM"
2967,"LATAM|South|Brazil|Sergipe|Aracaju","Aracaju","Sergipe","Brazil","South","LATAM"
3032,"LATAM|South|Brazil|Tocantins|Araguaína","Araguaína","Tocantins","Brazil","South","LATAM"
3033,"LATAM|South|Brazil|Tocantins|Gurupi","Gurupi","Tocantins","Brazil","South","LATAM"
2968,"LATAM|South|Brazil|São Paulo|Americana","Americana","São Paulo","Brazil","South","LATAM"
2969,"LATAM|South|Brazil|São Paulo|Andradina","Andradina","São Paulo","Brazil","South","LATAM"
2970,"LATAM|South|Brazil|São Paulo|Araraquara","Araraquara","São Paulo","Brazil","South","LATAM"
2971,"LATAM|South|Brazil|São Paulo|Araçatuba","Araçatuba","São Paulo","Brazil","South","LATAM"
2972,"LATAM|South|Brazil|São Paulo|Barretos","Barretos","São Paulo","Brazil","South","LATAM"
2973,"LATAM|South|Brazil|São Paulo|Barueri","Barueri","São Paulo","Brazil","South","LATAM"
2974,"LATAM|South|Brazil|São Paulo|Birigui","Birigui","São Paulo","Brazil","South","LATAM"
2975,"LATAM|South|Brazil|São Paulo|Bragança Paulista","Bragança Paulista","São Paulo","Brazil","South","LATAM"
2976,"LATAM|South|Brazil|São Paulo|Campo Limpo Paulista","Campo Limpo Paulista","São Paulo","Brazil","South","LATAM"
2977,"LATAM|South|Brazil|São Paulo|Caraguatatuba","Caraguatatuba","São Paulo","Brazil","South","LATAM"
2978,"LATAM|South|Brazil|São Paulo|Carapicuíba","Carapicuíba","São Paulo","Brazil","South","LATAM"
2979,"LATAM|South|Brazil|São Paulo|Catanduva","Catanduva","São Paulo","Brazil","South","LATAM"
2980,"LATAM|South|Brazil|São Paulo|Cosmópolis","Cosmópolis","São Paulo","Brazil","South","LATAM"
2981,"LATAM|South|Brazil|São Paulo|Cotia","Cotia","São Paulo","Brazil","South","LATAM"
2982,"LATAM|South|Brazil|São Paulo|Cruzeiro","Cruzeiro","São Paulo","Brazil","South","LATAM"
2983,"LATAM|South|Brazil|São Paulo|Cubatão","Cubatão","São Paulo","Brazil","South","LATAM"
2984,"LATAM|South|Brazil|São Paulo|Diadema","Diadema","São Paulo","Brazil","South","LATAM"
2985,"LATAM|South|Brazil|São Paulo|Franca","Franca","São Paulo","Brazil","South","LATAM"
2986,"LATAM|South|Brazil|São Paulo|Francisco Morato","Francisco Morato","São Paulo","Brazil","South","LATAM"
2987,"LATAM|South|Brazil|São Paulo|Franco da Rocha","Franco da Rocha","São Paulo","Brazil","South","LATAM"
2988,"LATAM|South|Brazil|São Paulo|Guaratinguetá","Guaratinguetá","São Paulo","Brazil","South","LATAM"
2989,"LATAM|South|Brazil|São Paulo|Guarujá","Guarujá","São Paulo","Brazil","South","LATAM"
2990,"LATAM|South|Brazil|São Paulo|Guarulhos","Guarulhos","São Paulo","Brazil","South","LATAM"
2991,"LATAM|South|Brazil|São Paulo|Ibiúna","Ibiúna","São Paulo","Brazil","South","LATAM"
2992,"LATAM|South|Brazil|São Paulo|Indaiatuba","Indaiatuba","São Paulo","Brazil","South","LATAM"
2993,"LATAM|South|Brazil|São Paulo|Itapecerica da Serra","Itapecerica da Serra","São Paulo","Brazil","South","LATAM"
2994,"LATAM|South|Brazil|São Paulo|Itapetininga","Itapetininga","São Paulo","Brazil","South","LATAM"
2995,"LATAM|South|Brazil|São Paulo|Itapeva","Itapeva","São Paulo","Brazil","South","LATAM"
2996,"LATAM|South|Brazil|São Paulo|Itapevi","Itapevi","São Paulo","Brazil","South","LATAM"
2997,"LATAM|South|Brazil|São Paulo|Itu","Itu","São Paulo","Brazil","South","LATAM"
2998,"LATAM|South|Brazil|São Paulo|Jaboticabal","Jaboticabal","São Paulo","Brazil","South","LATAM"
2999,"LATAM|South|Brazil|São Paulo|Jacareí","Jacareí","São Paulo","Brazil","South","LATAM"
3000,"LATAM|South|Brazil|São Paulo|Jaú","Jaú","São Paulo","Brazil","South","LATAM"
3001,"LATAM|South|Brazil|São Paulo|José Bonifácio","José Bonifácio","São Paulo","Brazil","South","LATAM"
3002,"LATAM|South|Brazil|São Paulo|Jundiaí","Jundiaí","São Paulo","Brazil","South","LATAM"
3003,"LATAM|South|Brazil|São Paulo|Lençóis Paulista","Lençóis Paulista","São Paulo","Brazil","South","LATAM"
3004,"LATAM|South|Brazil|São Paulo|Limeira","Limeira","São Paulo","Brazil","South","LATAM"
3005,"LATAM|South|Brazil|São Paulo|Lins","Lins","São Paulo","Brazil","South","LATAM"
3006,"LATAM|South|Brazil|São Paulo|Lorena","Lorena","São Paulo","Brazil","South","LATAM"
3007,"LATAM|South|Brazil|São Paulo|Mauá","Mauá","São Paulo","Brazil","South","LATAM"
3008,"LATAM|South|Brazil|São Paulo|Mococa","Mococa","São Paulo","Brazil","South","LATAM"
3009,"LATAM|South|Brazil|São Paulo|Mogi das Cruzes","Mogi das Cruzes","São Paulo","Brazil","South","LATAM"
3010,"LATAM|South|Brazil|São Paulo|Osasco","Osasco","São Paulo","Brazil","South","LATAM"
3011,"LATAM|South|Brazil|São Paulo|Pindamonhangaba","Pindamonhangaba","São Paulo","Brazil","South","LATAM"
3012,"LATAM|South|Brazil|São Paulo|Praia Grande","Praia Grande","São Paulo","Brazil","South","LATAM"
3013,"LATAM|South|Brazil|São Paulo|Presidente Prudente","Presidente Prudente","São Paulo","Brazil","South","LATAM"
3014,"LATAM|South|Brazil|São Paulo|Registro","Registro","São Paulo","Brazil","South","LATAM"
3015,"LATAM|South|Brazil|São Paulo|Ribeirão Preto","Ribeirão Preto","São Paulo","Brazil","South","LATAM"
3016,"LATAM|South|Brazil|São Paulo|Salto","Salto","São Paulo","Brazil","South","LATAM"
3017,"LATAM|South|Brazil|São Paulo|Santana de Parnaíba","Santana de Parnaíba","São Paulo","Brazil","South","LATAM"
3018,"LATAM|South|Brazil|São Paulo|Santo André","Santo André","São Paulo","Brazil","South","LATAM"
3019,"LATAM|South|Brazil|São Paulo|Santos","Santos","São Paulo","Brazil","South","LATAM"
3020,"LATAM|South|Brazil|São Paulo|Sorocaba","Sorocaba","São Paulo","Brazil","South","LATAM"
3021,"LATAM|South|Brazil|São Paulo|Sumaré","Sumaré","São Paulo","Brazil","South","LATAM"
3022,"LATAM|South|Brazil|São Paulo|São Bernardo do Campo","São Bernardo do Campo","São Paulo","Brazil","South","LATAM"
3023,"LATAM|South|Brazil|São Paulo|São José dos Campos","São José dos Campos","São Paulo","Brazil","South","LATAM"
3024,"LATAM|South|Brazil|São Paulo|São Paulo","São Paulo","São Paulo","Brazil","South","LATAM"
3025,"LATAM|South|Brazil|São Paulo|São Vicente","São Vicente","São Paulo","Brazil","South","LATAM"
3026,"LATAM|South|Brazil|São Paulo|Taboão da Serra","Taboão da Serra","São Paulo","Brazil","South","LATAM"
3027,"LATAM|South|Brazil|São Paulo|Tatuí","Tatuí","São Paulo","Brazil","South","LATAM"
3028,"LATAM|South|Brazil|São Paulo|Taubaté","Taubaté","São Paulo","Brazil","South","LATAM"
3029,"LATAM|South|Brazil|São Paulo|Tupã","Tupã","São Paulo","Brazil","South","LATAM"
3030,"LATAM|South|Brazil|São Paulo|Valinhos","Valinhos","São Paulo","Brazil","South","LATAM"
3031,"LATAM|South|Brazil|São Paulo|Votuporanga","Votuporanga","São Paulo","Brazil","South","LATAM"
1007,"Canada|Canada|Canada|Alberta|Calgary","Calgary","Alberta","Canada","Canada","Canada"
1008,"Canada|Canada|Canada|Alberta|Edmonton","Edmonton","Alberta","Canada","Canada","Canada"
1009,"Canada|Canada|Canada|Alberta|Red Deer","Red Deer","Alberta","Canada","Canada","Canada"
1010,"Canada|Canada|Canada|British Columbia|Abbotsford","Abbotsford","British Columbia","Canada","Canada","Canada"
1011,"Canada|Canada|Canada|British Columbia|Burnaby","Burnaby","British Columbia","Canada","Canada","Canada"
1012,"Canada|Canada|Canada|British Columbia|Coquitlam","Coquitlam","British Columbia","Canada","Canada","Canada"
1013,"Canada|Canada|Canada|British Columbia|Richmond","Richmond","British Columbia","Canada","Canada","Canada"
1014,"Canada|Canada|Canada|British Columbia|Saanich","Saanich","British Columbia","Canada","Canada","Canada"
1015,"Canada|Canada|Canada|British Columbia|Surrey","Surrey","British Columbia","Canada","Canada","Canada"
1016,"Canada|Canada|Canada|British Columbia|Vancouver","Vancouver","British Columbia","Canada","Canada","Canada"
1017,"Canada|Canada|Canada|Manitoba|Winnipeg","Winnipeg","Manitoba","Canada","Canada","Canada"
1018,"Canada|Canada|Canada|Newfoundland|St. John's","St. John's","Newfoundland","Canada","Canada","Canada"
1019,"Canada|Canada|Canada|Nova Scotia|Dartmouth","Dartmouth","Nova Scotia","Canada","Canada","Canada"
1020,"Canada|Canada|Canada|Nova Scotia|Halifax","Halifax","Nova Scotia","Canada","Canada","Canada"
1021,"Canada|Canada|Canada|Ontario|Barrie","Barrie","Ontario","Canada","Canada","Canada"
1022,"Canada|Canada|Canada|Ontario|Brampton","Brampton","Ontario","Canada","Canada","Canada"
1023,"Canada|Canada|Canada|Ontario|Brantford","Brantford","Ontario","Canada","Canada","Canada"
1024,"Canada|Canada|Canada|Ontario|Burlington","Burlington","Ontario","Canada","Canada","Canada"
1025,"Canada|Canada|Canada|Ontario|Guelph","Guelph","Ontario","Canada","Canada","Canada"
1026,"Canada|Canada|Canada|Ontario|Hamilton","Hamilton","Ontario","Canada","Canada","Canada"
1027,"Canada|Canada|Canada|Ontario|Kingston","Kingston","Ontario","Canada","Canada","Canada"
1028,"Canada|Canada|Canada|Ontario|Kitchener","Kitchener","Ontario","Canada","Canada","Canada"
1029,"Canada|Canada|Canada|Ontario|London","London","Ontario","Canada","Canada","Canada"
1030,"Canada|Canada|Canada|Ontario|Markham","Markham","Ontario","Canada","Canada","Canada"
1031,"Canada|Canada|Canada|Ontario|Mississauga","Mississauga","Ontario","Canada","Canada","Canada"
1032,"Canada|Canada|Canada|Ontario|North York","North York","Ontario","Canada","Canada","Canada"
1033,"Canada|Canada|Canada|Ontario|Oakville","Oakville","Ontario","Canada","Canada","Canada"
1034,"Canada|Canada|Canada|Ontario|Oshawa","Oshawa","Ontario","Canada","Canada","Canada"
1035,"Canada|Canada|Canada|Ontario|Ottawa","Ottawa","Ontario","Canada","Canada","Canada"
1036,"Canada|Canada|Canada|Ontario|Peterborough","Peterborough","Ontario","Canada","Canada","Canada"
1037,"Canada|Canada|Canada|Ontario|Pickering","Pickering","Ontario","Canada","Canada","Canada"
1038,"Canada|Canada|Canada|Ontario|Richmond Hill","Richmond Hill","Ontario","Canada","Canada","Canada"
1039,"Canada|Canada|Canada|Ontario|St. Catharines","St. Catharines","Ontario","Canada","Canada","Canada"
1040,"Canada|Canada|Canada|Ontario|Toronto","Toronto","Ontario","Canada","Canada","Canada"
1041,"Canada|Canada|Canada|Ontario|Vaughan","Vaughan","Ontario","Canada","Canada","Canada"
1042,"Canada|Canada|Canada|Ontario|Waterloo","Waterloo","Ontario","Canada","Canada","Canada"
1043,"Canada|Canada|Canada|Ontario|Whitby","Whitby","Ontario","Canada","Canada","Canada"
1044,"Canada|Canada|Canada|Ontario|Windsor","Windsor","Ontario","Canada","Canada","Canada"
1045,"Canada|Canada|Canada|Quebec|Gatineau","Gatineau","Quebec","Canada","Canada","Canada"
1046,"Canada|Canada|Canada|Quebec|Laval","Laval","Quebec","Canada","Canada","Canada"
1047,"Canada|Canada|Canada|Quebec|Longueuil","Longueuil","Quebec","Canada","Canada","Canada"
1048,"Canada|Canada|Canada|Quebec|Montréal","Montréal","Quebec","Canada","Canada","Canada"
1049,"Canada|Canada|Canada|Quebec|Quebec","Quebec","Quebec","Canada","Canada","Canada"
1050,"Canada|Canada|Canada|Quebec|Saint-Laurent","Saint-Laurent","Quebec","Canada","Canada","Canada"
1051,"Canada|Canada|Canada|Saskatchewan|Regina","Regina","Saskatchewan","Canada","Canada","Canada"
1052,"Canada|Canada|Canada|Saskatchewan|Saskatoon","Saskatoon","Saskatchewan","Canada","Canada","Canada"
2529,"LATAM|Caribbean|Barbados|Saint Michael|Bridgetown","Bridgetown","Saint Michael","Barbados","Caribbean","LATAM"
2530,"LATAM|Caribbean|Cuba|Artemisa|Artemisa","Artemisa","Artemisa","Cuba","Caribbean","LATAM"
2531,"LATAM|Caribbean|Cuba|Camagüey|Camagüey","Camagüey","Camagüey","Cuba","Caribbean","LATAM"
2532,"LATAM|Caribbean|Cuba|Ciego de Ávila|Ciego de Ávila","Ciego de Ávila","Ciego de Ávila","Cuba","Caribbean","LATAM"
2533,"LATAM|Caribbean|Cuba|Ciego de Ávila|Morón","Morón","Ciego de Ávila","Cuba","Caribbean","LATAM"
2534,"LATAM|Caribbean|Cuba|Cienfuegos|Cienfuegos","Cienfuegos","Cienfuegos","Cuba","Caribbean","LATAM"
2535,"LATAM|Caribbean|Cuba|Granma|Bayamo","Bayamo","Granma","Cuba","Caribbean","LATAM"
2536,"LATAM|Caribbean|Cuba|Granma|Manzanillo","Manzanillo","Granma","Cuba","Caribbean","LATAM"
2537,"LATAM|Caribbean|Cuba|Guantánamo|Guantánamo","Guantánamo","Guantánamo","Cuba","Caribbean","LATAM"
2538,"LATAM|Caribbean|Cuba|Holguín|Holguín","Holguín","Holguín","Cuba","Caribbean","LATAM"
2539,"LATAM|Caribbean|Cuba|Holguín|Moa","Moa","Holguín","Cuba","Caribbean","LATAM"
2540,"LATAM|Caribbean|Cuba|Isla de la Juventud|Nueva Gerona","Nueva Gerona","Isla de la Juventud","Cuba","Caribbean","LATAM"
2541,"LATAM|Caribbean|Cuba|Las Tunas|Las Tunas","Las Tunas","Las Tunas","Cuba","Caribbean","LATAM"
2542,"LATAM|Caribbean|Cuba|Las Tunas|Puerto Padre","Puerto Padre","Las Tunas","Cuba","Caribbean","LATAM"
2543,"LATAM|Caribbean|Cuba|Matanzas|Cárdenas","Cárdenas","Matanzas","Cuba","Caribbean","LATAM"
2544,"LATAM|Caribbean|Cuba|Matanzas|Matanzas","Matanzas","Matanzas","Cuba","Caribbean","LATAM"
2545,"LATAM|Caribbean|Cuba|Mayabeque|San José de las Lajas","San José de las Lajas","Mayabeque","Cuba","Caribbean","LATAM"
2546,"LATAM|Caribbean|Cuba|Pinar del Río|Consolación del Sur","Consolación del Sur","Pinar del Río","Cuba","Caribbean","LATAM"
2547,"LATAM|Caribbean|Cuba|Pinar del Río|Pinar del Río","Pinar del Río","Pinar del Río","Cuba","Caribbean","LATAM"
2548,"LATAM|Caribbean|Cuba|Sancti Spíritus|Sancti Spíritus","Sancti Spíritus","Sancti Spíritus","Cuba","Caribbean","LATAM"
2549,"LATAM|Caribbean|Cuba|Santiago de Cuba|Contramaestre","Contramaestre","Santiago de Cuba","Cuba","Caribbean","LATAM"
2550,"LATAM|Caribbean|Cuba|Santiago de Cuba|Palma Soriano","Palma Soriano","Santiago de Cuba","Cuba","Caribbean","LATAM"
2551,"LATAM|Caribbean|Cuba|Santiago de Cuba|Santiago de Cuba","Santiago de Cuba","Santiago de Cuba","Cuba","Caribbean","LATAM"
2552,"LATAM|Caribbean|Cuba|Villa Clara|Santa Clara","Santa Clara","Villa Clara","Cuba","Caribbean","LATAM"
2553,"LATAM|Caribbean|Dominican Republic|Barahona|Santa Cruz de Barahona","Santa Cruz de Barahona","Barahona","Dominican Republic","Caribbean","LATAM"
2554,"LATAM|Caribbean|Dominican Republic|Duarte|San Francisco de Macorís","San Francisco de Macorís","Duarte","Dominican Republic","Caribbean","LATAM"
2555,"LATAM|Caribbean|Dominican Republic|Espaillat|Moca","Moca","Espaillat","Dominican Republic","Caribbean","LATAM"
2556,"LATAM|Caribbean|Dominican Republic|La Romana|La Romana","La Romana","La Romana","Dominican Republic","Caribbean","LATAM"
2557,"LATAM|Caribbean|Dominican Republic|La Vega|La Vega","La Vega","La Vega","Dominican Republic","Caribbean","LATAM"
2558,"LATAM|Caribbean|Dominican Republic|Monseñor Nouel|Bonao","Bonao","Monseñor Nouel","Dominican Republic","Caribbean","LATAM"
2559,"LATAM|Caribbean|Dominican Republic|Peravia|Baní","Baní","Peravia","Dominican Republic","Caribbean","LATAM"
2560,"LATAM|Caribbean|Dominican Republic|San Cristóbal|Bajos de Haina","Bajos de Haina","San Cristóbal","Dominican Republic","Caribbean","LATAM"
2561,"LATAM|Caribbean|Dominican Republic|San Juan|San Juan de la Maguana","San Juan de la Maguana","San Juan","Dominican Republic","Caribbean","LATAM"
2562,"LATAM|Caribbean|Dominican Republic|San Pedro de Macorís|San Pedro de Macorís","San Pedro de Macorís","San Pedro de Macorís","Dominican Republic","Caribbean","LATAM"
2563,"LATAM|Caribbean|Dominican Republic|Santiago|Santiago de los Caballeros","Santiago de los Caballeros","Santiago","Dominican Republic","Caribbean","LATAM"
2564,"LATAM|Caribbean|Dominican Republic|Santo Domingo|Santo Domingo","Santo Domingo","Santo Domingo","Dominican Republic","Caribbean","LATAM"
2565,"LATAM|Caribbean|Guadeloupe|Guadeloupe|Les Abymes","Les Abymes","Guadeloupe","Guadeloupe","Caribbean","LATAM"
2566,"LATAM|Caribbean|Haiti|Artibonite|Gonaïves","Gonaïves","Artibonite","Haiti","Caribbean","LATAM"
2567,"LATAM|Caribbean|Haiti|Ouest|Carrefour","Carrefour","Ouest","Haiti","Caribbean","LATAM"
2568,"LATAM|Caribbean|Jamaica|Saint Catherine|Portmore","Portmore","Saint Catherine","Jamaica","Caribbean","LATAM"
2569,"LATAM|Caribbean|Jamaica|Saint Catherine|Spanish Town","Spanish Town","Saint Catherine","Jamaica","Caribbean","LATAM"
2570,"LATAM|Caribbean|Martinique|Martinique|Fort-de-France","Fort-de-France","Martinique","Martinique","Caribbean","LATAM"
2571,"LATAM|Caribbean|Trinidad and Tobago|Chaguanas|Chaguanas","Chaguanas","Chaguanas","Trinidad and Tobago","Caribbean","LATAM"
2572,"LATAM|Caribbean|Trinidad and Tobago|San Fernando|San Fernando","San Fernando","San Fernando","Trinidad and Tobago","Caribbean","LATAM"
2573,"LATAM|Central|El Salvador|Cuscatlán|San Martín","San Martín","Cuscatlán","El Salvador","Central","LATAM"
2574,"LATAM|Central|El Salvador|La Libertad|Antiguo Cuscatlán","Antiguo Cuscatlán","La Libertad","El Salvador","Central","LATAM"
2575,"LATAM|Central|El Salvador|San Salvador|Apopa","Apopa","San Salvador","El Salvador","Central","LATAM"
2576,"LATAM|Central|El Salvador|San Salvador|Cuscatancingo","Cuscatancingo","San Salvador","El Salvador","Central","LATAM"
2577,"LATAM|Central|El Salvador|San Salvador|Delgado","Delgado","San Salvador","El Salvador","Central","LATAM"
2578,"LATAM|Central|El Salvador|San Salvador|Ilopango","Ilopango","San Salvador","El Salvador","Central","LATAM"
2579,"LATAM|Central|El Salvador|San Salvador|Mejicanos","Mejicanos","San Salvador","El Salvador","Central","LATAM"
2580,"LATAM|Central|El Salvador|San Salvador|San Salvador","San Salvador","San Salvador","El Salvador","Central","LATAM"
2581,"LATAM|Central|El Salvador|San Salvador|Soyapango","Soyapango","San Salvador","El Salvador","Central","LATAM"
2582,"LATAM|Central|El Salvador|Santa Ana|Santa Ana","Santa Ana","Santa Ana","El Salvador","Central","LATAM"
2583,"LATAM|Central|El Salvador|Sonsonate|Sonsonate","Sonsonate","Sonsonate","El Salvador","Central","LATAM"
2584,"LATAM|Central|Guatemala|Chimaltenango|Chimaltenango","Chimaltenango","Chimaltenango","Guatemala","Central","LATAM"
2585,"LATAM|Central|Guatemala|Escuintla|Escuintla","Escuintla","Escuintla","Guatemala","Central","LATAM"
2586,"LATAM|Central|Guatemala|Guatemala|Amatitlán","Amatitlán","Guatemala","Guatemala","Central","LATAM"
2587,"LATAM|Central|Guatemala|Guatemala|Chinautla","Chinautla","Guatemala","Guatemala","Central","LATAM"
2588,"LATAM|Central|Guatemala|Guatemala|Guatemala City","Guatemala City","Guatemala","Guatemala","Central","LATAM"
2589,"LATAM|Central|Guatemala|Guatemala|Mixco","Mixco","Guatemala","Guatemala","Central","LATAM"
2590,"LATAM|Central|Guatemala|Guatemala|Petapa","Petapa","Guatemala","Guatemala","Central","LATAM"
2591,"LATAM|Central|Guatemala|Guatemala|Villa Canales","Villa Canales","Guatemala","Guatemala","Central","LATAM"
2592,"LATAM|Central|Guatemala|Guatemala|Villa Nueva","Villa Nueva","Guatemala","Guatemala","Central","LATAM"
2593,"LATAM|Central|Guatemala|Huehuetenango|Huehuetenango","Huehuetenango","Huehuetenango","Guatemala","Central","LATAM"
2594,"LATAM|Central|Guatemala|Quezaltenango|Quetzaltenango","Quetzaltenango","Quezaltenango","Guatemala","Central","LATAM"
2595,"LATAM|Central|Honduras|Atlántida|La Ceiba","La Ceiba","Atlántida","Honduras","Central","LATAM"
2596,"LATAM|Central|Honduras|Choluteca|Choluteca","Choluteca","Choluteca","Honduras","Central","LATAM"
2597,"LATAM|Central|Honduras|Cortés|Choloma","Choloma","Cortés","Honduras","Central","LATAM"
2598,"LATAM|Central|Honduras|Cortés|San Pedro Sula","San Pedro Sula","Cortés","Honduras","Central","LATAM"
2599,"LATAM|Central|Honduras|Francisco Morazán|Tegucigalpa","Tegucigalpa","Francisco Morazán","Honduras","Central","LATAM"
2600,"LATAM|Central|Honduras|Yoro|El Progreso","El Progreso","Yoro","Honduras","Central","LATAM"
2601,"LATAM|Central|Nicaragua|Chinandega|Chinandega","Chinandega","Chinandega","Nicaragua","Central","LATAM"
2602,"LATAM|Central|Nicaragua|Estelí|Estelí","Estelí","Estelí","Nicaragua","Central","LATAM"
2603,"LATAM|Central|Nicaragua|Granada|Granada","Granada","Granada","Nicaragua","Central","LATAM"
2604,"LATAM|Central|Nicaragua|León|León","León","León","Nicaragua","Central","LATAM"
2605,"LATAM|Central|Nicaragua|Managua|Managua","Managua","Managua","Nicaragua","Central","LATAM"
2606,"LATAM|Central|Nicaragua|Managua|Tipitapa","Tipitapa","Managua","Nicaragua","Central","LATAM"
2607,"LATAM|Central|Nicaragua|Masaya|Masaya","Masaya","Masaya","Nicaragua","Central","LATAM"
2608,"LATAM|Central|Nicaragua|Matagalpa|Matagalpa","Matagalpa","Matagalpa","Nicaragua","Central","LATAM"
2609,"LATAM|Central|Panama|Chiriquí|David","David","Chiriquí","Panama","Central","LATAM"
2610,"LATAM|Central|Panama|Colón|Colón","Colón","Colón","Panama","Central","LATAM"
2611,"LATAM|Central|Panama|Panama|Arraiján","Arraiján","Panama","Panama","Central","LATAM"
2612,"LATAM|Central|Panama|Panama|La Chorrera","La Chorrera","Panama","Panama","Central","LATAM"
2613,"LATAM|Central|Panama|Panama|Panama City","Panama City","Panama","Panama","Central","LATAM"
2614,"LATAM|Central|Panama|Panama|San Miguelito","San Miguelito","Panama","Panama","Central","LATAM"
2737,"LATAM|South|Argentina|Buenos Aires|Buenos Aires","Buenos Aires","Buenos Aires","Argentina","South","LATAM"
2738,"LATAM|South|Argentina|Catamarca|San Fernando del Valle de Catamarca","San Fernando del Valle de Catamarca","Catamarca","Argentina","South","LATAM"
2739,"LATAM|South|Argentina|Chaco|Presidencia Roque Sáenz Peña","Presidencia Roque Sáenz Peña","Chaco","Argentina","South","LATAM"
2740,"LATAM|South|Argentina|Chaco|Resistencia","Resistencia","Chaco","Argentina","South","LATAM"
2741,"LATAM|South|Argentina|Chubut|Comodoro Rivadavia","Comodoro Rivadavia","Chubut","Argentina","South","LATAM"
2742,"LATAM|South|Argentina|Corrientes|Corrientes","Corrientes","Corrientes","Argentina","South","LATAM"
2743,"LATAM|South|Argentina|Corrientes|Esquina","Esquina","Corrientes","Argentina","South","LATAM"
2744,"LATAM|South|Argentina|Córdoba|Córdoba","Córdoba","Córdoba","Argentina","South","LATAM"
2745,"LATAM|South|Argentina|Entre Ríos|Concepción del Uruguay","Concepción del Uruguay","Entre Ríos","Argentina","South","LATAM"
2746,"LATAM|South|Argentina|Entre Ríos|Paraná","Paraná","Entre Ríos","Argentina","South","LATAM"
2747,"LATAM|South|Argentina|Jujuy|San Salvador de Jujuy","San Salvador de Jujuy","Jujuy","Argentina","South","LATAM"
2748,"LATAM|South|Argentina|La Pampa|Santa Rosa","Santa Rosa","La Pampa","Argentina","South","LATAM"
2749,"LATAM|South|Argentina|La Rioja|La Rioja","La Rioja","La Rioja","Argentina","South","LATAM"
2750,"LATAM|South|Argentina|Mendoza|Mendoza","Mendoza","Mendoza","Argentina","South","LATAM"
2751,"LATAM|South|Argentina|Mendoza|San Rafael","San Rafael","Mendoza","Argentina","South","LATAM"
2752,"LATAM|South|Argentina|Misiones|Posadas","Posadas","Misiones","Argentina","South","LATAM"
2753,"LATAM|South|Argentina|Neuquén|Neuquén","Neuquén","Neuquén","Argentina","South","LATAM"
2754,"LATAM|South|Argentina|Provincia de Buenos Aires|Bahía Blanca","Bahía Blanca","Provincia de Buenos Aires","Argentina","South","LATAM"
2755,"LATAM|South|Argentina|Provincia de Buenos Aires|Junín","Junín","Provincia de Buenos Aires","Argentina","South","LATAM"
2756,"LATAM|South|Argentina|Provincia de Buenos Aires|La Plata","La Plata","Provincia de Buenos Aires","Argentina","South","LATAM"
2757,"LATAM|South|Argentina|Provincia de Buenos Aires|Mar del Plata","Mar del Plata","Provincia de Buenos Aires","Argentina","South","LATAM"
2758,"LATAM|South|Argentina|Provincia de Buenos Aires|Necochea","Necochea","Provincia de Buenos Aires","Argentina","South","LATAM"
2759,"LATAM|South|Argentina|Provincia de Buenos Aires|Quilmes","Quilmes","Provincia de Buenos Aires","Argentina","South","LATAM"
2760,"LATAM|South|Argentina|Provincia de Buenos Aires|San Nicolás de los Arroyos","San Nicolás de los Arroyos","Provincia de Buenos Aires","Argentina","South","LATAM"
2761,"LATAM|South|Argentina|Río Negro|Cipolletti","Cipolletti","Río Negro","Argentina","South","LATAM"
2762,"LATAM|South|Argentina|Salta|Salta","Salta","Salta","Argentina","South","LATAM"
2763,"LATAM|South|Argentina|Salta|Tartagal","Tartagal","Salta","Argentina","South","LATAM"
2764,"LATAM|South|Argentina|San Juan|San Juan","San Juan","San Juan","Argentina","South","LATAM"
2765,"LATAM|South|Argentina|San Luis|San Luis","San Luis","San Luis","Argentina","South","LATAM"
2766,"LATAM|South|Argentina|Santa Fe|Avellaneda","Avellaneda","Santa Fe","Argentina","South","LATAM"
2767,"LATAM|South|Argentina|Santa Fe|Rosario","Rosario","Santa Fe","Argentina","South","LATAM"
2768,"LATAM|South|Argentina|Santa Fe|San Justo","San Justo","Santa Fe","Argentina","South","LATAM"
2769,"LATAM|South|Argentina|Santa Fe|Santa Fe","Santa Fe","Santa Fe","Argentina","South","LATAM"
2770,"LATAM|South|Argentina|Santiago del Estero|Santiago del Estero","Santiago del Estero","Santiago del Estero","Argentina","South","LATAM"
2771,"LATAM|South|Bolivia|Beni|Riberalta","Riberalta","Beni","Bolivia","South","LATAM"
2772,"LATAM|South|Bolivia|Beni|Trinidad","Trinidad","Beni","Bolivia","South","LATAM"
2773,"LATAM|South|Bolivia|Chuquisaca|Sucre","Sucre","Chuquisaca","Bolivia","South","LATAM"
2774,"LATAM|South|Bolivia|Cochabamba|Cochabamba","Cochabamba","Cochabamba","Bolivia","South","LATAM"
2775,"LATAM|South|Bolivia|La Paz|La Paz","La Paz","La Paz","Bolivia","South","LATAM"
2776,"LATAM|South|Bolivia|Oruro|Oruro","Oruro","Oruro","Bolivia","South","LATAM"
2777,"LATAM|South|Bolivia|Potosí|Potosí","Potosí","Potosí","Bolivia","South","LATAM"
2778,"LATAM|South|Bolivia|Santa Cruz|Santa Cruz de la Sierra","Santa Cruz de la Sierra","Santa Cruz","Bolivia","South","LATAM"
2779,"LATAM|South|Bolivia|Tarija|Yacuiba","Yacuiba","Tarija","Bolivia","South","LATAM"
3034,"LATAM|South|Chile|Antofagasta|Antofagasta","Antofagasta","Antofagasta","Chile","South","LATAM"
3035,"LATAM|South|Chile|Antofagasta|Calama","Calama","Antofagasta","Chile","South","LATAM"
3036,"LATAM|South|Chile|Arica y Parinacota|Arica","Arica","Arica y Parinacota","Chile","South","LATAM"
3037,"LATAM|South|Chile|Atacama|Copiapó","Copiapó","Atacama","Chile","South","LATAM"
3038,"LATAM|South|Chile|Biobio|Chillán","Chillán","Biobio","Chile","South","LATAM"
3039,"LATAM|South|Chile|Biobio|Los Ángeles","Los Ángeles","Biobio","Chile","South","LATAM"
3040,"LATAM|South|Chile|Biobio|Talcahuano","Talcahuano","Biobio","Chile","South","LATAM"
3041,"LATAM|South|Chile|Los Lagos|Osorno","Osorno","Los Lagos","Chile","South","LATAM"
3042,"LATAM|South|Chile|Los Lagos|Puerto Montt","Puerto Montt","Los Lagos","Chile","South","LATAM"
3043,"LATAM|South|Chile|Magallanes y Antártica Chilena|Punta Arenas","Punta Arenas","Magallanes y Antártica Chilena","Chile","South","LATAM"
3044,"LATAM|South|Chile|O'Higgins|Rancagua","Rancagua","O'Higgins","Chile","South","LATAM"
3045,"LATAM|South|Chile|Santiago|La Pintana","La Pintana","Santiago","Chile","South","LATAM"
3046,"LATAM|South|Chile|Santiago|Lo Prado","Lo Prado","Santiago","Chile","South","LATAM"
3047,"LATAM|South|Chile|Santiago|Puente Alto","Puente Alto","Santiago","Chile","South","LATAM"
3048,"LATAM|South|Chile|Santiago|San Bernardo","San Bernardo","Santiago","Chile","South","LATAM"
3049,"LATAM|South|Chile|Santiago|Santiago","Santiago","Santiago","Chile","South","LATAM"
3050,"LATAM|South|Chile|Tarapacá|Iquique","Iquique","Tarapacá","Chile","South","LATAM"
3051,"LATAM|South|Chile|Valparaíso|San Antonio","San Antonio","Valparaíso","Chile","South","LATAM"
3052,"LATAM|South|Chile|Valparaíso|Valparaíso","Valparaíso","Valparaíso","Chile","South","LATAM"
3053,"LATAM|South|Chile|Valparaíso|Villa Alemana","Villa Alemana","Valparaíso","Chile","South","LATAM"
3054,"LATAM|South|Chile|Valparaíso|Viña del Mar","Viña del Mar","Valparaíso","Chile","South","LATAM"
3055,"LATAM|South|Colombia|Antioquia|Apartadó","Apartadó","Antioquia","Colombia","South","LATAM"
3056,"LATAM|South|Colombia|Antioquia|Bello","Bello","Antioquia","Colombia","South","LATAM"
3057,"LATAM|South|Colombia|Antioquia|Envigado","Envigado","Antioquia","Colombia","South","LATAM"
3058,"LATAM|South|Colombia|Antioquia|Medellín","Medellín","Antioquia","Colombia","South","LATAM"
3059,"LATAM|South|Colombia|Arauca|Arauca","Arauca","Arauca","Colombia","South","LATAM"
3060,"LATAM|South|Colombia|Atlántico|Barranquilla","Barranquilla","Atlántico","Colombia","South","LATAM"
3061,"LATAM|South|Colombia|Atlántico|Malambo","Malambo","Atlántico","Colombia","South","LATAM"
3062,"LATAM|South|Colombia|Atlántico|Sabanalarga","Sabanalarga","Atlántico","Colombia","South","LATAM"
3063,"LATAM|South|Colombia|Atlántico|Soledad","Soledad","Atlántico","Colombia","South","LATAM"
3064,"LATAM|South|Colombia|Bogota|Bogotá","Bogotá","Bogota","Colombia","South","LATAM"
3065,"LATAM|South|Colombia|Bolívar|Cartagena","Cartagena","Bolívar","Colombia","South","LATAM"
3066,"LATAM|South|Colombia|Boyacá|Duitama","Duitama","Boyacá","Colombia","South","LATAM"
3067,"LATAM|South|Colombia|Boyacá|Sogamoso","Sogamoso","Boyacá","Colombia","South","LATAM"
3068,"LATAM|South|Colombia|Caldas|Manizales","Manizales","Caldas","Colombia","South","LATAM"
3069,"LATAM|South|Colombia|Caquetá|Florencia","Florencia","Caquetá","Colombia","South","LATAM"
3070,"LATAM|South|Colombia|Casanare|Yopal","Yopal","Casanare","Colombia","South","LATAM"
3071,"LATAM|South|Colombia|Cesar|Valledupar","Valledupar","Cesar","Colombia","South","LATAM"
3072,"LATAM|South|Colombia|Chocó|Quibdó","Quibdó","Chocó","Colombia","South","LATAM"
3073,"LATAM|South|Colombia|Cundinamarca|Facatativá","Facatativá","Cundinamarca","Colombia","South","LATAM"
3074,"LATAM|South|Colombia|Cundinamarca|Mosquera","Mosquera","Cundinamarca","Colombia","South","LATAM"
3075,"LATAM|South|Colombia|Cundinamarca|Soacha","Soacha","Cundinamarca","Colombia","South","LATAM"
3076,"LATAM|South|Colombia|Córdoba|Montería","Montería","Córdoba","Colombia","South","LATAM"
3077,"LATAM|South|Colombia|Huila|Neiva","Neiva","Huila","Colombia","South","LATAM"
3078,"LATAM|South|Colombia|Huila|Pitalito","Pitalito","Huila","Colombia","South","LATAM"
3079,"LATAM|South|Colombia|Magdalena|Ciénaga","Ciénaga","Magdalena","Colombia","South","LATAM"
3080,"LATAM|South|Colombia|Magdalena|Santa Marta","Santa Marta","Magdalena","Colombia","South","LATAM"
3081,"LATAM|South|Colombia|Meta|Villavicencio","Villavicencio","Meta","Colombia","South","LATAM"
3082,"LATAM|South|Colombia|Nariño|Ipiales","Ipiales","Nariño","Colombia","South","LATAM"
3083,"LATAM|South|Colombia|Nariño|Pasto","Pasto","Nariño","Colombia","South","LATAM"
3084,"LATAM|South|Colombia|Norte de Santander|Cúcuta","Cúcuta","Norte de Santander","Colombia","South","LATAM"
3085,"LATAM|South|Colombia|Norte de Santander|Los Patios","Los Patios","Norte de Santander","Colombia","South","LATAM"
3086,"LATAM|South|Colombia|Norte de Santander|Ocaña","Ocaña","Norte de Santander","Colombia","South","LATAM"
3087,"LATAM|South|Colombia|Quindío|Armenia","Armenia","Quindío","Colombia","South","LATAM"
3088,"LATAM|South|Colombia|Quindío|Montenegro","Montenegro","Quindío","Colombia","South","LATAM"
3089,"LATAM|South|Colombia|Risaralda|Dos Quebradas","Dos Quebradas","Risaralda","Colombia","South","LATAM"
3090,"LATAM|South|Colombia|Risaralda|Pereira","Pereira","Risaralda","Colombia","South","LATAM"
3091,"LATAM|South|Colombia|Santander|Bucaramanga","Bucaramanga","Santander","Colombia","South","LATAM"
3092,"LATAM|South|Colombia|Santander|Floridablanca","Floridablanca","Santander","Colombia","South","LATAM"
3093,"LATAM|South|Colombia|Santander|Girón","Girón","Santander","Colombia","South","LATAM"
3094,"LATAM|South|Colombia|Santander|Piedecuesta","Piedecuesta","Santander","Colombia","South","LATAM"
3095,"LATAM|South|Colombia|Tolima|Ibagué","Ibagué","Tolima","Colombia","South","LATAM"
3096,"LATAM|South|Colombia|Valle del Cauca|Cartago","Cartago","Valle del Cauca","Colombia","South","LATAM"
3097,"LATAM|South|Colombia|Valle del Cauca|Jamundí","Jamundí","Valle del Cauca","Colombia","South","LATAM"
3098,"LATAM|South|Colombia|Valle del Cauca|Palmira","Palmira","Valle del Cauca","Colombia","South","LATAM"
3099,"LATAM|South|Ecuador|Azuay|Cuenca","Cuenca","Azuay","Ecuador","South","LATAM"
3100,"LATAM|South|Ecuador|Guayas|Guayaquil","Guayaquil","Guayas","Ecuador","South","LATAM"
3101,"LATAM|South|Ecuador|Los Rios|Quevedo","Quevedo","Los Rios","Ecuador","South","LATAM"
3102,"LATAM|South|Ecuador|Manabi|Portoviejo","Portoviejo","Manabi","Ecuador","South","LATAM"
3103,"LATAM|South|Ecuador|Pichincha|Quito","Quito","Pichincha","Ecuador","South","LATAM"
3104,"LATAM|South|Ecuador|Pichincha|Santo Domingo de los Colorados","Santo Domingo de los Colorados","Pichincha","Ecuador","South","LATAM"
3105,"LATAM|South|Paraguay|Asunción|Asunción","Asunción","Asunción","Paraguay","South","LATAM"
3106,"LATAM|South|Paraguay|Central|Fernando de la Mora","Fernando de la Mora","Central","Paraguay","South","LATAM"
3107,"LATAM|South|Paraguay|Central|Lambaré","Lambaré","Central","Paraguay","South","LATAM"
3108,"LATAM|South|Paraguay|Central|San Lorenzo","San Lorenzo","Central","Paraguay","South","LATAM"
3109,"LATAM|South|Peru|Ancash|Chimbote","Chimbote","Ancash","Peru","South","LATAM"
3110,"LATAM|South|Peru|Ancash|Huaraz","Huaraz","Ancash","Peru","South","LATAM"
3111,"LATAM|South|Peru|Arequipa|Arequipa","Arequipa","Arequipa","Peru","South","LATAM"
3112,"LATAM|South|Peru|Ayacucho|Ayacucho","Ayacucho","Ayacucho","Peru","South","LATAM"
3113,"LATAM|South|Peru|Cajamarca|Cajamarca","Cajamarca","Cajamarca","Peru","South","LATAM"
3114,"LATAM|South|Peru|Callao|Callao","Callao","Callao","Peru","South","LATAM"
3115,"LATAM|South|Peru|Ica|Chincha Alta","Chincha Alta","Ica","Peru","South","LATAM"
3116,"LATAM|South|Peru|Junín|Huancayo","Huancayo","Junín","Peru","South","LATAM"
3117,"LATAM|South|Peru|La Libertad|Trujillo","Trujillo","La Libertad","Peru","South","LATAM"
3118,"LATAM|South|Peru|Lambayeque|Chiclayo","Chiclayo","Lambayeque","Peru","South","LATAM"
3119,"LATAM|South|Peru|Lima (city)|Lima","Lima","Lima (city)","Peru","South","LATAM"
3120,"LATAM|South|Peru|Lima|Barranca","Barranca","Lima","Peru","South","LATAM"
3121,"LATAM|South|Peru|Loreto|Iquitos","Iquitos","Loreto","Peru","South","LATAM"
3122,"LATAM|South|Peru|Moquegua|Ilo","Ilo","Moquegua","Peru","South","LATAM"
3123,"LATAM|South|Peru|Piura|Paita","Paita","Piura","Peru","South","LATAM"
3124,"LATAM|South|Peru|Piura|Piura","Piura","Piura","Peru","South","LATAM"
3125,"LATAM|South|Peru|Piura|Talara","Talara","Piura","Peru","South","LATAM"
3126,"LATAM|South|Peru|Puno|Juliaca","Juliaca","Puno","Peru","South","LATAM"
3127,"LATAM|South|Peru|Puno|Puno","Puno","Puno","Peru","South","LATAM"
3128,"LATAM|South|Peru|Ucayali|Pucallpa","Pucallpa","Ucayali","Peru","South","LATAM"
3129,"LATAM|South|Uruguay|Canelones|Las Piedras","Las Piedras","Canelones","Uruguay","South","LATAM"
3130,"LATAM|South|Uruguay|Montevideo|Montevideo","Montevideo","Montevideo","Uruguay","South","LATAM"
3131,"LATAM|South|Uruguay|Paysandú|Paysandú","Paysandú","Paysandú","Uruguay","South","LATAM"
3132,"LATAM|South|Uruguay|Rivera|Rivera","Rivera","Rivera","Uruguay","South","LATAM"
3133,"LATAM|South|Venezuela|Anzoátegui|Barcelona","Barcelona","Anzoátegui","Venezuela","South","LATAM"
3134,"LATAM|South|Venezuela|Anzoátegui|El Tigre","El Tigre","Anzoátegui","Venezuela","South","LATAM"
3135,"LATAM|South|Venezuela|Anzoátegui|Puerto La Cruz","Puerto La Cruz","Anzoátegui","Venezuela","South","LATAM"
3136,"LATAM|South|Venezuela|Anzoátegui|San José de Guanipa","San José de Guanipa","Anzoátegui","Venezuela","South","LATAM"
3137,"LATAM|South|Venezuela|Aragua|Cagua","Cagua","Aragua","Venezuela","South","LATAM"
3138,"LATAM|South|Venezuela|Aragua|El Limón","El Limón","Aragua","Venezuela","South","LATAM"
3139,"LATAM|South|Venezuela|Aragua|Maracay","Maracay","Aragua","Venezuela","South","LATAM"
3140,"LATAM|South|Venezuela|Aragua|Palo Negro","Palo Negro","Aragua","Venezuela","South","LATAM"
3141,"LATAM|South|Venezuela|Aragua|Turmero","Turmero","Aragua","Venezuela","South","LATAM"
3142,"LATAM|South|Venezuela|Bolivar|Bolívar","Bolívar","Bolivar","Venezuela","South","LATAM"
3143,"LATAM|South|Venezuela|Bolivar|Guayana","Guayana","Bolivar","Venezuela","South","LATAM"
3144,"LATAM|South|Venezuela|Carabobo|Guacara","Guacara","Carabobo","Venezuela","South","LATAM"
3145,"LATAM|South|Venezuela|Carabobo|Valencia","Valencia","Carabobo","Venezuela","South","LATAM"
3146,"LATAM|South|Venezuela|Cojedes|Tinaquillo","Tinaquillo","Cojedes","Venezuela","South","LATAM"
3147,"LATAM|South|Venezuela|Distrito Capital|Caracas","Caracas","Distrito Capital","Venezuela","South","LATAM"
3148,"LATAM|South|Venezuela|Guárico|Calabozo","Calabozo","Guárico","Venezuela","South","LATAM"
3149,"LATAM|South|Venezuela|Guárico|Valle de La Pascua","Valle de La Pascua","Guárico","Venezuela","South","LATAM"
3150,"LATAM|South|Venezuela|Lara|Barquisimeto","Barquisimeto","Lara","Venezuela","South","LATAM"
3151,"LATAM|South|Venezuela|Lara|Carora","Carora","Lara","Venezuela","South","LATAM"
3152,"LATAM|South|Venezuela|Miranda|Baruta","Baruta","Miranda","Venezuela","South","LATAM"
3153,"LATAM|South|Venezuela|Miranda|Charallave","Charallave","Miranda","Venezuela","South","LATAM"
3154,"LATAM|South|Venezuela|Miranda|Cúa","Cúa","Miranda","Venezuela","South","LATAM"
3155,"LATAM|South|Venezuela|Miranda|Guarenas","Guarenas","Miranda","Venezuela","South","LATAM"
3156,"LATAM|South|Venezuela|Miranda|Guatire","Guatire","Miranda","Venezuela","South","LATAM"
3157,"LATAM|South|Venezuela|Miranda|Petare","Petare","Miranda","Venezuela","South","LATAM"
3158,"LATAM|South|Venezuela|Monagas|Maturín","Maturín","Monagas","Venezuela","South","LATAM"
3159,"LATAM|South|Venezuela|Mérida|Mérida","Mérida","Mérida","Venezuela","South","LATAM"
3160,"LATAM|South|Venezuela|Nueva Esparta|Porlamar","Porlamar","Nueva Esparta","Venezuela","South","LATAM"
3161,"LATAM|South|Venezuela|Portuguesa|Acarigua","Acarigua","Portuguesa","Venezuela","South","LATAM"
3162,"LATAM|South|Venezuela|Portuguesa|Guanare","Guanare","Portuguesa","Venezuela","South","LATAM"
3163,"LATAM|South|Venezuela|Sucre|Cumaná","Cumaná","Sucre","Venezuela","South","LATAM"
3164,"LATAM|South|Venezuela|Táchira|San Cristóbal","San Cristóbal","Táchira","Venezuela","South","LATAM"
3165,"LATAM|South|Venezuela|Vargas|Catia La Mar","Catia La Mar","Vargas","Venezuela","South","LATAM"
3166,"LATAM|South|Venezuela|Yaracuy|Yaritagua","Yaritagua","Yaracuy","Venezuela","South","LATAM"
3167,"LATAM|South|Venezuela|Zulia|Cabimas","Cabimas","Zulia","Venezuela","South","LATAM"
3168,"LATAM|South|Venezuela|Zulia|Maracaibo","Maracaibo","Zulia","Venezuela","South","LATAM"
3169,"LATAM|South|Venezuela|Zulia|San Carlos del Zulia","San Carlos del Zulia","Zulia","Venezuela","South","LATAM"
2615,"LATAM|North|Mexico|Baja California Sur|La Paz","La Paz","Baja California Sur","Mexico","North","LATAM"
2616,"LATAM|North|Mexico|Baja California|Ensenada","Ensenada","Baja California","Mexico","North","LATAM"
2617,"LATAM|North|Mexico|Baja California|Mexicali","Mexicali","Baja California","Mexico","North","LATAM"
2618,"LATAM|North|Mexico|Baja California|Rosarito","Rosarito","Baja California","Mexico","North","LATAM"
2619,"LATAM|North|Mexico|Baja California|Tijuana","Tijuana","Baja California","Mexico","North","LATAM"
2620,"LATAM|North|Mexico|Campeche|Campeche","Campeche","Campeche","Mexico","North","LATAM"
2621,"LATAM|North|Mexico|Campeche|Ciudad del Carmen","Ciudad del Carmen","Campeche","Mexico","North","LATAM"
2622,"LATAM|North|Mexico|Chiapas|San Cristóbal de Las Casas","San Cristóbal de Las Casas","Chiapas","Mexico","North","LATAM"
2623,"LATAM|North|Mexico|Chiapas|Tapachula","Tapachula","Chiapas","Mexico","North","LATAM"
2624,"LATAM|North|Mexico|Chiapas|Tuxtla Gutiérrez","Tuxtla Gutiérrez","Chiapas","Mexico","North","LATAM"
2625,"LATAM|North|Mexico|Chihuahua|Chihuahua","Chihuahua","Chihuahua","Mexico","North","LATAM"
2626,"LATAM|North|Mexico|Chihuahua|Delicias","Delicias","Chihuahua","Mexico","North","LATAM"
2627,"LATAM|North|Mexico|Chihuahua|Juárez","Juárez","Chihuahua","Mexico","North","LATAM"
2628,"LATAM|North|Mexico|Coahuila|Acuña","Acuña","Coahuila","Mexico","North","LATAM"
2629,"LATAM|North|Mexico|Coahuila|Monclova","Monclova","Coahuila","Mexico","North","LATAM"
2630,"LATAM|North|Mexico|Coahuila|Piedras Negras","Piedras Negras","Coahuila","Mexico","North","LATAM"
2631,"LATAM|North|Mexico|Coahuila|Saltillo","Saltillo","Coahuila","Mexico","North","LATAM"
2632,"LATAM|North|Mexico|Coahuila|Torreón","Torreón","Coahuila","Mexico","North","LATAM"
2633,"LATAM|North|Mexico|Coahuila|Villa Frontera","Villa Frontera","Coahuila","Mexico","North","LATAM"
2634,"LATAM|North|Mexico|Colima|Colima","Colima","Colima","Mexico","North","LATAM"
2635,"LATAM|North|Mexico|Colima|Manzanillo","Manzanillo","Colima","Mexico","North","LATAM"
2636,"LATAM|North|Mexico|Colima|Tecomán","Tecomán","Colima","Mexico","North","LATAM"
2637,"LATAM|North|Mexico|Distrito Federal|Azcapotzalco","Azcapotzalco","Distrito Federal","Mexico","North","LATAM"
2638,"LATAM|North|Mexico|Distrito Federal|Coyoacán","Coyoacán","Distrito Federal","Mexico","North","LATAM"
2639,"LATAM|North|Mexico|Distrito Federal|Cuajimalpa","Cuajimalpa","Distrito Federal","Mexico","North","LATAM"
2640,"LATAM|North|Mexico|Distrito Federal|Mexico City","Mexico City","Distrito Federal","Mexico","North","LATAM"
2641,"LATAM|North|Mexico|Distrito Federal|Miguel Hidalgo","Miguel Hidalgo","Distrito Federal","Mexico","North","LATAM"
2642,"LATAM|North|Mexico|Distrito Federal|Milpa Alta","Milpa Alta","Distrito Federal","Mexico","North","LATAM"
2643,"LATAM|North|Mexico|Distrito Federal|Tlalpan","Tlalpan","Distrito Federal","Mexico","North","LATAM"
2644,"LATAM|North|Mexico|Durango|Durango","Durango","Durango","Mexico","North","LATAM"
2645,"LATAM|North|Mexico|Durango|Gómez Palacio","Gómez Palacio","Durango","Mexico","North","LATAM"
2646,"LATAM|North|Mexico|Guanajuato|Acámbaro","Acámbaro","Guanajuato","Mexico","North","LATAM"
2647,"LATAM|North|Mexico|Guanajuato|Celaya","Celaya","Guanajuato","Mexico","North","LATAM"
2648,"LATAM|North|Mexico|Guanajuato|Guanajuato","Guanajuato","Guanajuato","Mexico","North","LATAM"
2649,"LATAM|North|Mexico|Guanajuato|Irapuato","Irapuato","Guanajuato","Mexico","North","LATAM"
2650,"LATAM|North|Mexico|Guanajuato|León","León","Guanajuato","Mexico","North","LATAM"
2651,"LATAM|North|Mexico|Guanajuato|Salamanca","Salamanca","Guanajuato","Mexico","North","LATAM"
2652,"LATAM|North|Mexico|Guanajuato|San Francisco del Rincón","San Francisco del Rincón","Guanajuato","Mexico","North","LATAM"
2653,"LATAM|North|Mexico|Guanajuato|Silao","Silao","Guanajuato","Mexico","North","LATAM"
2654,"LATAM|North|Mexico|Guerrero|Chilpancingo","Chilpancingo","Guerrero","Mexico","North","LATAM"
2655,"LATAM|North|Mexico|Guerrero|Iguala","Iguala","Guerrero","Mexico","North","LATAM"
2656,"LATAM|North|Mexico|Guerrero|Zihuatanejo","Zihuatanejo","Guerrero","Mexico","North","LATAM"
2657,"LATAM|North|Mexico|Hidalgo|Tulancingo","Tulancingo","Hidalgo","Mexico","North","LATAM"
2658,"LATAM|North|Mexico|Jalisco|Guadalajara","Guadalajara","Jalisco","Mexico","North","LATAM"
2659,"LATAM|North|Mexico|Jalisco|Guzmán","Guzmán","Jalisco","Mexico","North","LATAM"
2660,"LATAM|North|Mexico|Jalisco|Lagos de Moreno","Lagos de Moreno","Jalisco","Mexico","North","LATAM"
2661,"LATAM|North|Mexico|Jalisco|Ocotlán","Ocotlán","Jalisco","Mexico","North","LATAM"
2662,"LATAM|North|Mexico|Jalisco|Puerto Vallarta","Puerto Vallarta","Jalisco","Mexico","North","LATAM"
2663,"LATAM|North|Mexico|Jalisco|Tlaquepaque","Tlaquepaque","Jalisco","Mexico","North","LATAM"
2664,"LATAM|North|Mexico|Jalisco|Zapopan","Zapopan","Jalisco","Mexico","North","LATAM"
2665,"LATAM|North|Mexico|Michoacán|Apatzingán de la Constitución","Apatzingán de la Constitución","Michoacán","Mexico","North","LATAM"
2666,"LATAM|North|Mexico|Michoacán|Heroica Zitácuaro","Heroica Zitácuaro","Michoacán","Mexico","North","LATAM"
2667,"LATAM|North|Mexico|Michoacán|Hidalgo","Hidalgo","Michoacán","Mexico","North","LATAM"
2668,"LATAM|North|Mexico|Michoacán|Lázaro Cárdenas","Lázaro Cárdenas","Michoacán","Mexico","North","LATAM"
2669,"LATAM|North|Mexico|Michoacán|Morelia","Morelia","Michoacán","Mexico","North","LATAM"
2670,"LATAM|North|Mexico|Michoacán|Sahuayo de José María Morelos","Sahuayo de José María Morelos","Michoacán","Mexico","North","LATAM"
2671,"LATAM|North|Mexico|Morelos|Cuernavaca","Cuernavaca","Morelos","Mexico","North","LATAM"
2672,"LATAM|North|Mexico|Morelos|Jiutepec","Jiutepec","Morelos","Mexico","North","LATAM"
2673,"LATAM|North|Mexico|Morelos|Temixco","Temixco","Morelos","Mexico","North","LATAM"
2674,"LATAM|North|Mexico|México|Coacalco","Coacalco","México","Mexico","North","LATAM"
2675,"LATAM|North|Mexico|México|Cuautitlán","Cuautitlán","México","Mexico","North","LATAM"
2676,"LATAM|North|Mexico|México|Huixquilucan","Huixquilucan","México","Mexico","North","LATAM"
2677,"LATAM|North|Mexico|México|Ixtapaluca","Ixtapaluca","México","Mexico","North","LATAM"
2678,"LATAM|North|Mexico|México|Melchor Ocampo","Melchor Ocampo","México","Mexico","North","LATAM"
2679,"LATAM|North|Mexico|México|Metepec","Metepec","México","Mexico","North","LATAM"
2680,"LATAM|North|Mexico|México|Nicolás Romero","Nicolás Romero","México","Mexico","North","LATAM"
2681,"LATAM|North|Mexico|México|San Pablo de las Salinas","San Pablo de las Salinas","México","Mexico","North","LATAM"
2682,"LATAM|North|Mexico|México|Tlalnepantla","Tlalnepantla","México","Mexico","North","LATAM"
2683,"LATAM|North|Mexico|México|Toluca","Toluca","México","Mexico","North","LATAM"
2684,"LATAM|North|Mexico|Nayarit|Tepic","Tepic","Nayarit","Mexico","North","LATAM"
2685,"LATAM|North|Mexico|Nuevo León|Apodaca","Apodaca","Nuevo León","Mexico","North","LATAM"
2686,"LATAM|North|Mexico|Nuevo León|Cadereyta","Cadereyta","Nuevo León","Mexico","North","LATAM"
2687,"LATAM|North|Mexico|Nuevo León|Garza García","Garza García","Nuevo León","Mexico","North","LATAM"
2688,"LATAM|North|Mexico|Nuevo León|General Escobedo","General Escobedo","Nuevo León","Mexico","North","LATAM"
2689,"LATAM|North|Mexico|Nuevo León|Linares","Linares","Nuevo León","Mexico","North","LATAM"
2690,"LATAM|North|Mexico|Nuevo León|Monterrey","Monterrey","Nuevo León","Mexico","North","LATAM"
2691,"LATAM|North|Mexico|Nuevo León|Santa Catarina","Santa Catarina","Nuevo León","Mexico","North","LATAM"
2692,"LATAM|North|Mexico|Oaxaca|Salina Cruz","Salina Cruz","Oaxaca","Mexico","North","LATAM"
2693,"LATAM|North|Mexico|Puebla|Atlixco","Atlixco","Puebla","Mexico","North","LATAM"
2694,"LATAM|North|Mexico|Puebla|Cholula","Cholula","Puebla","Mexico","North","LATAM"
2695,"LATAM|North|Mexico|Puebla|Izúcar de Matamoros","Izúcar de Matamoros","Puebla","Mexico","North","LATAM"
2696,"LATAM|North|Mexico|Puebla|Puebla","Puebla","Puebla","Mexico","North","LATAM"
2697,"LATAM|North|Mexico|Puebla|Tehuacán","Tehuacán","Puebla","Mexico","North","LATAM"
2698,"LATAM|North|Mexico|Puebla|Teziutlán","Teziutlán","Puebla","Mexico","North","LATAM"
2699,"LATAM|North|Mexico|Querétaro|Querétaro","Querétaro","Querétaro","Mexico","North","LATAM"
2700,"LATAM|North|Mexico|Querétaro|San Juan del Río","San Juan del Río","Querétaro","Mexico","North","LATAM"
2701,"LATAM|North|Mexico|Quintana Roo|Cancún","Cancún","Quintana Roo","Mexico","North","LATAM"
2702,"LATAM|North|Mexico|Quintana Roo|Chetumal","Chetumal","Quintana Roo","Mexico","North","LATAM"
2703,"LATAM|North|Mexico|San Luis Potosí|Matehuala","Matehuala","San Luis Potosí","Mexico","North","LATAM"
2704,"LATAM|North|Mexico|San Luis Potosí|San Luis Potosí","San Luis Potosí","San Luis Potosí","Mexico","North","LATAM"
2705,"LATAM|North|Mexico|San Luis Potosí|Soledad Díez Gutiérrez","Soledad Díez Gutiérrez","San Luis Potosí","Mexico","North","LATAM"
2706,"LATAM|North|Mexico|San Luis Potosí|Valles","Valles","San Luis Potosí","Mexico","North","LATAM"
2707,"LATAM|North|Mexico|Sinaloa|Culiacán","Culiacán","Sinaloa","Mexico","North","LATAM"
2708,"LATAM|North|Mexico|Sinaloa|Guamúchil","Guamúchil","Sinaloa","Mexico","North","LATAM"
2709,"LATAM|North|Mexico|Sinaloa|Guasave","Guasave","Sinaloa","Mexico","North","LATAM"
2710,"LATAM|North|Mexico|Sinaloa|Los Mochis","Los Mochis","Sinaloa","Mexico","North","LATAM"
2711,"LATAM|North|Mexico|Sonora|Guaymas","Guaymas","Sonora","Mexico","North","LATAM"
2712,"LATAM|North|Mexico|Sonora|Hermosillo","Hermosillo","Sonora","Mexico","North","LATAM"
2713,"LATAM|North|Mexico|Sonora|Obregón","Obregón","Sonora","Mexico","North","LATAM"
2714,"LATAM|North|Mexico|Sonora|San Luis Río Colorado","San Luis Río Colorado","Sonora","Mexico","North","LATAM"
2715,"LATAM|North|Mexico|Tabasco|Frontera","Frontera","Tabasco","Mexico","North","LATAM"
2716,"LATAM|North|Mexico|Tabasco|Villahermosa","Villahermosa","Tabasco","Mexico","North","LATAM"
2717,"LATAM|North|Mexico|Tamaulipas|Madero","Madero","Tamaulipas","Mexico","North","LATAM"
2718,"LATAM|North|Mexico|Tamaulipas|Miramar","Miramar","Tamaulipas","Mexico","North","LATAM"
2719,"LATAM|North|Mexico|Tamaulipas|Nuevo Laredo","Nuevo Laredo","Tamaulipas","Mexico","North","LATAM"
2720,"LATAM|North|Mexico|Tamaulipas|Reynosa","Reynosa","Tamaulipas","Mexico","North","LATAM"
2721,"LATAM|North|Mexico|Tamaulipas|Río Bravo","Río Bravo","Tamaulipas","Mexico","North","LATAM"
2722,"LATAM|North|Mexico|Tamaulipas|Tampico","Tampico","Tamaulipas","Mexico","North","LATAM"
2723,"LATAM|North|Mexico|Tamaulipas|Valle Hermoso","Valle Hermoso","Tamaulipas","Mexico","North","LATAM"
2724,"LATAM|North|Mexico|Tamaulipas|Victoria","Victoria","Tamaulipas","Mexico","North","LATAM"
2725,"LATAM|North|Mexico|Veracruz|Acayucan","Acayucan","Veracruz","Mexico","North","LATAM"
2726,"LATAM|North|Mexico|Veracruz|Altotonga","Altotonga","Veracruz","Mexico","North","LATAM"
2727,"LATAM|North|Mexico|Veracruz|Coatzacoalcos","Coatzacoalcos","Veracruz","Mexico","North","LATAM"
2728,"LATAM|North|Mexico|Veracruz|Córdoba","Córdoba","Veracruz","Mexico","North","LATAM"
2729,"LATAM|North|Mexico|Veracruz|Orizaba","Orizaba","Veracruz","Mexico","North","LATAM"
2730,"LATAM|North|Mexico|Veracruz|Poza Rica de Hidalgo","Poza Rica de Hidalgo","Veracruz","Mexico","North","LATAM"
2731,"LATAM|North|Mexico|Veracruz|San Andrés Tuxtla","San Andrés Tuxtla","Veracruz","Mexico","North","LATAM"
2732,"LATAM|North|Mexico|Veracruz|Veracruz","Veracruz","Veracruz","Mexico","North","LATAM"
2733,"LATAM|North|Mexico|Yucatán|Mérida","Mérida","Yucatán","Mexico","North","LATAM"
2734,"LATAM|North|Mexico|Yucatán|Progreso","Progreso","Yucatán","Mexico","North","LATAM"
2735,"LATAM|North|Mexico|Zacatecas|Fresnillo de González Echeverría","Fresnillo de González Echeverría","Zacatecas","Mexico","North","LATAM"
2736,"LATAM|North|Mexico|Zacatecas|Zacatecas","Zacatecas","Zacatecas","Mexico","North","LATAM"
692,"Africa|Africa|Algeria|Alger|Algiers","Algiers","Alger","Algeria","Africa","Africa"
693,"Africa|Africa|Algeria|Annaba|Annaba","Annaba","Annaba","Algeria","Africa","Africa"
694,"Africa|Africa|Algeria|Batna|Barika","Barika","Batna","Algeria","Africa","Africa"
695,"Africa|Africa|Algeria|Batna|Batna","Batna","Batna","Algeria","Africa","Africa"
696,"Africa|Africa|Algeria|Bechar|Bechar","Bechar","Bechar","Algeria","Africa","Africa"
697,"Africa|Africa|Algeria|Bejaia|Bejaia","Bejaia","Bejaia","Algeria","Africa","Africa"
698,"Africa|Africa|Algeria|Constantine|Constantine","Constantine","Constantine","Algeria","Africa","Africa"
699,"Africa|Africa|Algeria|Djelfa|Ain Oussera","Ain Oussera","Djelfa","Algeria","Africa","Africa"
700,"Africa|Africa|Algeria|Djelfa|Dar Chioukh","Dar Chioukh","Djelfa","Algeria","Africa","Africa"
701,"Africa|Africa|Algeria|Djelfa|Messaad","Messaad","Djelfa","Algeria","Africa","Africa"
702,"Africa|Africa|Algeria|Guelma|Guelma","Guelma","Guelma","Algeria","Africa","Africa"
703,"Africa|Africa|Algeria|Laghouat|Laghouat","Laghouat","Laghouat","Algeria","Africa","Africa"
704,"Africa|Africa|Algeria|Medea|Medea","Medea","Medea","Algeria","Africa","Africa"
705,"Africa|Africa|Algeria|Mostaganem|Mostaganem","Mostaganem","Mostaganem","Algeria","Africa","Africa"
706,"Africa|Africa|Algeria|Oran|Oran","Oran","Oran","Algeria","Africa","Africa"
707,"Africa|Africa|Algeria|Saida|Saida","Saida","Saida","Algeria","Africa","Africa"
708,"Africa|Africa|Algeria|Sidi Bel Abbes|Sidi Bel Abbes","Sidi Bel Abbes","Sidi Bel Abbes","Algeria","Africa","Africa"
709,"Africa|Africa|Algeria|Skikda|Skikda","Skikda","Skikda","Algeria","Africa","Africa"
710,"Africa|Africa|Algeria|Tipaza|Baraki","Baraki","Tipaza","Algeria","Africa","Africa"
711,"Africa|Africa|Algeria|Tizi Ouzou|Boghni","Boghni","Tizi Ouzou","Algeria","Africa","Africa"
712,"Africa|Africa|Algeria|Tlemcen|Tlemcen","Tlemcen","Tlemcen","Algeria","Africa","Africa"
713,"Africa|Africa|Angola|Benguela|Benguela","Benguela","Benguela","Angola","Africa","Africa"
714,"Africa|Africa|Angola|Bie|Kuito","Kuito","Bie","Angola","Africa","Africa"
715,"Africa|Africa|Angola|Huambo|Huambo","Huambo","Huambo","Angola","Africa","Africa"
716,"Africa|Africa|Angola|Huila|Lubango","Lubango","Huila","Angola","Africa","Africa"
717,"Africa|Africa|Angola|Luanda|Luanda","Luanda","Luanda","Angola","Africa","Africa"
718,"Africa|Africa|Angola|Malanje|Malanje","Malanje","Malanje","Angola","Africa","Africa"
719,"Africa|Africa|Angola|Namibe|Namibe","Namibe","Namibe","Angola","Africa","Africa"
720,"Africa|Africa|Benin|Alibori|Kandi","Kandi","Alibori","Benin","Africa","Africa"
721,"Africa|Africa|Benin|Atakora|Natitingou","Natitingou","Atakora","Benin","Africa","Africa"
722,"Africa|Africa|Benin|Atlantique|Ouidah","Ouidah","Atlantique","Benin","Africa","Africa"
723,"Africa|Africa|Benin|Borgou|Parakou","Parakou","Borgou","Benin","Africa","Africa"
724,"Africa|Africa|Benin|Donga|Djougou","Djougou","Donga","Benin","Africa","Africa"
725,"Africa|Africa|Benin|Littoral|Cotonou","Cotonou","Littoral","Benin","Africa","Africa"
726,"Africa|Africa|Benin|Mono|Lokossa","Lokossa","Mono","Benin","Africa","Africa"
727,"Africa|Africa|Benin|Ouémé|Porto-Novo","Porto-Novo","Ouémé","Benin","Africa","Africa"
728,"Africa|Africa|Burundi|Bujumbura-Mairie|Bujumbura","Bujumbura","Bujumbura-Mairie","Burundi","Africa","Africa"
729,"Africa|Africa|Cameroon|Adamaoua|Ngaoundere","Ngaoundere","Adamaoua","Cameroon","Africa","Africa"
730,"Africa|Africa|Cameroon|Centre|Yaounde","Yaounde","Centre","Cameroon","Africa","Africa"
731,"Africa|Africa|Cameroon|Est|Bertoua","Bertoua","Est","Cameroon","Africa","Africa"
732,"Africa|Africa|Cameroon|Extreme-Nord|Maroua","Maroua","Extreme-Nord","Cameroon","Africa","Africa"
733,"Africa|Africa|Cameroon|Littoral|Edea","Edea","Littoral","Cameroon","Africa","Africa"
734,"Africa|Africa|Cameroon|Littoral|Loum","Loum","Littoral","Cameroon","Africa","Africa"
735,"Africa|Africa|Cameroon|Littoral|Nkongsamba","Nkongsamba","Littoral","Cameroon","Africa","Africa"
736,"Africa|Africa|Cameroon|Nord-Ouest|Bamenda","Bamenda","Nord-Ouest","Cameroon","Africa","Africa"
737,"Africa|Africa|Cameroon|Nord|Garoua","Garoua","Nord","Cameroon","Africa","Africa"
738,"Africa|Africa|Cameroon|Ouest|Bafoussam","Bafoussam","Ouest","Cameroon","Africa","Africa"
739,"Africa|Africa|Cameroon|Ouest|Foumban","Foumban","Ouest","Cameroon","Africa","Africa"
740,"Africa|Africa|Cameroon|Sud-Ouest|Kumba","Kumba","Sud-Ouest","Cameroon","Africa","Africa"
741,"Africa|Africa|Cameroon|Sud-Ouest|Limbe","Limbe","Sud-Ouest","Cameroon","Africa","Africa"
742,"Africa|Africa|Cameroon|Sud|Ebolowa","Ebolowa","Sud","Cameroon","Africa","Africa"
743,"Africa|Africa|Central African Republic|Bangui|Bangui","Bangui","Bangui","Central African Republic","Africa","Africa"
744,"Africa|Africa|Chad|Mandoul|Koumra","Koumra","Mandoul","Chad","Africa","Africa"
745,"Africa|Africa|Cote d'Ivoire|Dix-Huit Montagnes|Man","Man","Dix-Huit Montagnes","Cote d'Ivoire","Africa","Africa"
746,"Africa|Africa|Cote d'Ivoire|Fromager|Gagnoa","Gagnoa","Fromager","Cote d'Ivoire","Africa","Africa"
747,"Africa|Africa|Cote d'Ivoire|Haut-Sassandra|Daloa","Daloa","Haut-Sassandra","Cote d'Ivoire","Africa","Africa"
748,"Africa|Africa|Cote d'Ivoire|Lacs|Yamoussoukro","Yamoussoukro","Lacs","Cote d'Ivoire","Africa","Africa"
749,"Africa|Africa|Cote d'Ivoire|Lagunes|Abidjan","Abidjan","Lagunes","Cote d'Ivoire","Africa","Africa"
750,"Africa|Africa|Cote d'Ivoire|Savanes|Korhogo","Korhogo","Savanes","Cote d'Ivoire","Africa","Africa"
751,"Africa|Africa|Cote d'Ivoire|Vallee Du Bandama|Bouake","Bouake","Vallee Du Bandama","Cote d'Ivoire","Africa","Africa"
752,"Africa|Africa|Democratic Republic of the Congo|Bandundu|Bandundu","Bandundu","Bandundu","Democratic Republic of the Congo","Africa","Africa"
753,"Africa|Africa|Democratic Republic of the Congo|Bandundu|Kikwit","Kikwit","Bandundu","Democratic Republic of the Congo","Africa","Africa"
754,"Africa|Africa|Democratic Republic of the Congo|Bas-Congo|Matadi","Matadi","Bas-Congo","Democratic Republic of the Congo","Africa","Africa"
755,"Africa|Africa|Democratic Republic of the Congo|Equateur|Mbandaka","Mbandaka","Equateur","Democratic Republic of the Congo","Africa","Africa"
756,"Africa|Africa|Democratic Republic of the Congo|Kasai-Occidental|Kananga","Kananga","Kasai-Occidental","Democratic Republic of the Congo","Africa","Africa"
757,"Africa|Africa|Democratic Republic of the Congo|Kasai-Oriental|Mbuji-mayi","Mbuji-mayi","Kasai-Oriental","Democratic Republic of the Congo","Africa","Africa"
758,"Africa|Africa|Democratic Republic of the Congo|Katanga|Kalemie","Kalemie","Katanga","Democratic Republic of the Congo","Africa","Africa"
759,"Africa|Africa|Democratic Republic of the Congo|Katanga|Kamina","Kamina","Katanga","Democratic Republic of the Congo","Africa","Africa"
760,"Africa|Africa|Democratic Republic of the Congo|Katanga|Kolwezi","Kolwezi","Katanga","Democratic Republic of the Congo","Africa","Africa"
761,"Africa|Africa|Democratic Republic of the Congo|Katanga|Likasi","Likasi","Katanga","Democratic Republic of the Congo","Africa","Africa"
762,"Africa|Africa|Democratic Republic of the Congo|Katanga|Lubumbashi","Lubumbashi","Katanga","Democratic Republic of the Congo","Africa","Africa"
763,"Africa|Africa|Democratic Republic of the Congo|Kinshasa|Kinshasa","Kinshasa","Kinshasa","Democratic Republic of the Congo","Africa","Africa"
764,"Africa|Africa|Democratic Republic of the Congo|Maniema|Kindu","Kindu","Maniema","Democratic Republic of the Congo","Africa","Africa"
765,"Africa|Africa|Democratic Republic of the Congo|Orientale|Kisangani","Kisangani","Orientale","Democratic Republic of the Congo","Africa","Africa"
766,"Africa|Africa|Democratic Republic of the Congo|South Kivu|Bukavu","Bukavu","South Kivu","Democratic Republic of the Congo","Africa","Africa"
767,"Africa|Africa|Democratic Republic of the Congo|South Kivu|Uvira","Uvira","South Kivu","Democratic Republic of the Congo","Africa","Africa"
768,"Africa|Africa|Djibouti|Djibouti|Djibouti","Djibouti","Djibouti","Djibouti","Africa","Africa"
769,"Africa|Africa|Egypt|Al Bahr Al Ahmar|Hurghada","Hurghada","Al Bahr Al Ahmar","Egypt","Africa","Africa"
770,"Africa|Africa|Egypt|Al Buhayrah|Damanhur","Damanhur","Al Buhayrah","Egypt","Africa","Africa"
771,"Africa|Africa|Egypt|Al Buhayrah|Kafr ad Dawwar","Kafr ad Dawwar","Al Buhayrah","Egypt","Africa","Africa"
772,"Africa|Africa|Egypt|Al Fayyum|Al Fayyum","Al Fayyum","Al Fayyum","Egypt","Africa","Africa"
773,"Africa|Africa|Egypt|Al Gharbiyah|Al Mahallah al Kubra","Al Mahallah al Kubra","Al Gharbiyah","Egypt","Africa","Africa"
774,"Africa|Africa|Egypt|Al Gharbiyah|Tanta","Tanta","Al Gharbiyah","Egypt","Africa","Africa"
775,"Africa|Africa|Egypt|Al Iskandariyah|Alexandria","Alexandria","Al Iskandariyah","Egypt","Africa","Africa"
776,"Africa|Africa|Egypt|Al Minufiyah|Minuf","Minuf","Al Minufiyah","Egypt","Africa","Africa"
777,"Africa|Africa|Egypt|Al Minya|Al Minya","Al Minya","Al Minya","Egypt","Africa","Africa"
778,"Africa|Africa|Egypt|Al Minya|Mallawi","Mallawi","Al Minya","Egypt","Africa","Africa"
779,"Africa|Africa|Egypt|Al Minya|Samalut","Samalut","Al Minya","Egypt","Africa","Africa"
780,"Africa|Africa|Egypt|Al Qahirah|Cairo","Cairo","Al Qahirah","Egypt","Africa","Africa"
781,"Africa|Africa|Egypt|Ash Sharqiyah|Abu Kabir","Abu Kabir","Ash Sharqiyah","Egypt","Africa","Africa"
782,"Africa|Africa|Egypt|Ash Sharqiyah|Bilbeis","Bilbeis","Ash Sharqiyah","Egypt","Africa","Africa"
783,"Africa|Africa|Egypt|Aswan|Aswan","Aswan","Aswan","Egypt","Africa","Africa"
784,"Africa|Africa|Egypt|Aswan|Idfu","Idfu","Aswan","Egypt","Africa","Africa"
785,"Africa|Africa|Egypt|Asyut|Asyut","Asyut","Asyut","Egypt","Africa","Africa"
786,"Africa|Africa|Egypt|Bani Suwayf|Beni Suef","Beni Suef","Bani Suwayf","Egypt","Africa","Africa"
787,"Africa|Africa|Egypt|Bur Sa'id|Port Said","Port Said","Bur Sa'id","Egypt","Africa","Africa"
788,"Africa|Africa|Egypt|Kafr Ash Shaykh|Disuq","Disuq","Kafr Ash Shaykh","Egypt","Africa","Africa"
789,"Africa|Africa|Egypt|Kafr Ash Shaykh|Kafr ash Shaykh","Kafr ash Shaykh","Kafr Ash Shaykh","Egypt","Africa","Africa"
790,"Africa|Africa|Egypt|Matruh|Marsa Matruh","Marsa Matruh","Matruh","Egypt","Africa","Africa"
791,"Africa|Africa|Egypt|Qina|Qena","Qena","Qina","Egypt","Africa","Africa"
792,"Africa|Africa|Egypt|Suhaj|Akhmim","Akhmim","Suhaj","Egypt","Africa","Africa"
793,"Africa|Africa|Egypt|Suhaj|Girga","Girga","Suhaj","Egypt","Africa","Africa"
794,"Africa|Africa|Egypt|Suhaj|Sohag","Sohag","Suhaj","Egypt","Africa","Africa"
795,"Africa|Africa|Egypt|Suhaj|Tahta","Tahta","Suhaj","Egypt","Africa","Africa"
796,"Africa|Africa|Equatorial Guinea|Litoral|Bata","Bata","Litoral","Equatorial Guinea","Africa","Africa"
797,"Africa|Africa|Eritrea|Anseba|Keren","Keren","Anseba","Eritrea","Africa","Africa"
798,"Africa|Africa|Ethiopia|Dire Dawa|Dire Dawa","Dire Dawa","Dire Dawa","Ethiopia","Africa","Africa"
799,"Africa|Africa|Gabon|Estuaire|Libreville","Libreville","Estuaire","Gabon","Africa","Africa"
800,"Africa|Africa|Ghana|Ashanti|Kumasi","Kumasi","Ashanti","Ghana","Africa","Africa"
801,"Africa|Africa|Ghana|Central|Cape Coast","Cape Coast","Central","Ghana","Africa","Africa"
802,"Africa|Africa|Ghana|Eastern|Koforidua","Koforidua","Eastern","Ghana","Africa","Africa"
803,"Africa|Africa|Ghana|Greater Accra|Accra","Accra","Greater Accra","Ghana","Africa","Africa"
804,"Africa|Africa|Ghana|Northern|Tamale","Tamale","Northern","Ghana","Africa","Africa"
805,"Africa|Africa|Guinea-Bissau|Bissau|Bissau","Bissau","Bissau","Guinea-Bissau","Africa","Africa"
806,"Africa|Africa|Guinea|Kankan|Kankan","Kankan","Kankan","Guinea","Africa","Africa"
807,"Africa|Africa|Guinea|Kindia|Kindia","Kindia","Kindia","Guinea","Africa","Africa"
808,"Africa|Africa|Guinea|Nzérékoré|Nzerekore","Nzerekore","Nzérékoré","Guinea","Africa","Africa"
809,"Africa|Africa|Kenya|Central|Thika","Thika","Central","Kenya","Africa","Africa"
810,"Africa|Africa|Kenya|Coast|Mombasa","Mombasa","Coast","Kenya","Africa","Africa"
811,"Africa|Africa|Kenya|Eastern|Marsabit","Marsabit","Eastern","Kenya","Africa","Africa"
812,"Africa|Africa|Kenya|Nairobi|Nairobi","Nairobi","Nairobi","Kenya","Africa","Africa"
813,"Africa|Africa|Kenya|Nyanza|Kisumu","Kisumu","Nyanza","Kenya","Africa","Africa"
814,"Africa|Africa|Kenya|Rift Valley|Nakuru","Nakuru","Rift Valley","Kenya","Africa","Africa"
815,"Africa|Africa|Lesotho|Maseru|Maseru","Maseru","Maseru","Lesotho","Africa","Africa"
816,"Africa|Africa|Liberia|Grand Gedeh|Zwedru","Zwedru","Grand Gedeh","Liberia","Africa","Africa"
817,"Africa|Africa|Liberia|Montserrado|Monrovia","Monrovia","Montserrado","Liberia","Africa","Africa"
818,"Africa|Africa|Libya|Al Marqab|Al Khums","Al Khums","Al Marqab","Libya","Africa","Africa"
819,"Africa|Africa|Libya|Banghazi|Benghazi","Benghazi","Banghazi","Libya","Africa","Africa"
820,"Africa|Africa|Libya|Misratah|Misratah","Misratah","Misratah","Libya","Africa","Africa"
821,"Africa|Africa|Madagascar|Analamanga|Antananarivo","Antananarivo","Analamanga","Madagascar","Africa","Africa"
822,"Africa|Africa|Madagascar|Atsimo-Andrefana|Toliara","Toliara","Atsimo-Andrefana","Madagascar","Africa","Africa"
823,"Africa|Africa|Madagascar|Atsinanana|Toamasina","Toamasina","Atsinanana","Madagascar","Africa","Africa"
824,"Africa|Africa|Madagascar|Boeny|Mahajanga","Mahajanga","Boeny","Madagascar","Africa","Africa"
825,"Africa|Africa|Madagascar|Diana|Antsiranana","Antsiranana","Diana","Madagascar","Africa","Africa"
826,"Africa|Africa|Madagascar|Haute-Matsiatra|Fianarantsoa","Fianarantsoa","Haute-Matsiatra","Madagascar","Africa","Africa"
827,"Africa|Africa|Mali|Bamako|Bamako","Bamako","Bamako","Mali","Africa","Africa"
828,"Africa|Africa|Mali|Kayes|Kayes","Kayes","Kayes","Mali","Africa","Africa"
829,"Africa|Africa|Mali|Mopti|Mopti","Mopti","Mopti","Mali","Africa","Africa"
830,"Africa|Africa|Mali|Sikasso|Sikasso","Sikasso","Sikasso","Mali","Africa","Africa"
831,"Africa|Africa|Mauritania|Nouakchott|Nouakchott","Nouakchott","Nouakchott","Mauritania","Africa","Africa"
832,"Africa|Africa|Morocco|Chaouia-Ouardigha|Berrechid","Berrechid","Chaouia-Ouardigha","Morocco","Africa","Africa"
833,"Africa|Africa|Morocco|Chaouia-Ouardigha|Khouribga","Khouribga","Chaouia-Ouardigha","Morocco","Africa","Africa"
834,"Africa|Africa|Morocco|Chaouia-Ouardigha|Settat","Settat","Chaouia-Ouardigha","Morocco","Africa","Africa"
835,"Africa|Africa|Morocco|Doukkala-Abda|El Jadida","El Jadida","Doukkala-Abda","Morocco","Africa","Africa"
836,"Africa|Africa|Morocco|Doukkala-Abda|Safi","Safi","Doukkala-Abda","Morocco","Africa","Africa"
837,"Africa|Africa|Morocco|Fès-Boulemane|Fes","Fes","Fès-Boulemane","Morocco","Africa","Africa"
838,"Africa|Africa|Morocco|Gharb-Chrarda-Béni Hssen|Kenitra","Kenitra","Gharb-Chrarda-Béni Hssen","Morocco","Africa","Africa"
839,"Africa|Africa|Morocco|Gharb-Chrarda-Béni Hssen|Sidi Qacem","Sidi Qacem","Gharb-Chrarda-Béni Hssen","Morocco","Africa","Africa"
840,"Africa|Africa|Morocco|Grand Casablanca|Casablanca","Casablanca","Grand Casablanca","Morocco","Africa","Africa"
841,"Africa|Africa|Morocco|Grand Casablanca|Mohammedia","Mohammedia","Grand Casablanca","Morocco","Africa","Africa"
842,"Africa|Africa|Morocco|Guelmim-Es Semara|Guelmim","Guelmim","Guelmim-Es Semara","Morocco","Africa","Africa"
843,"Africa|Africa|Morocco|Marrakech-Tensift-El Haouz|Marrakech","Marrakech","Marrakech-Tensift-El Haouz","Morocco","Africa","Africa"
844,"Africa|Africa|Morocco|Meknès-Tafilalet|Khenifra","Khenifra","Meknès-Tafilalet","Morocco","Africa","Africa"
845,"Africa|Africa|Morocco|Meknès-Tafilalet|Meknes","Meknes","Meknès-Tafilalet","Morocco","Africa","Africa"
846,"Africa|Africa|Morocco|Rabat-Salé-Zemmour-Zaer|Khemisset","Khemisset","Rabat-Salé-Zemmour-Zaer","Morocco","Africa","Africa"
847,"Africa|Africa|Morocco|Rabat-Salé-Zemmour-Zaer|Rabat","Rabat","Rabat-Salé-Zemmour-Zaer","Morocco","Africa","Africa"
848,"Africa|Africa|Morocco|Rabat-Salé-Zemmour-Zaer|Sale","Sale","Rabat-Salé-Zemmour-Zaer","Morocco","Africa","Africa"
849,"Africa|Africa|Morocco|Souss-Massa-Draâ|Agadir","Agadir","Souss-Massa-Draâ","Morocco","Africa","Africa"
850,"Africa|Africa|Morocco|Tadla-Azilal|Beni Mellal","Beni Mellal","Tadla-Azilal","Morocco","Africa","Africa"
851,"Africa|Africa|Morocco|Tanger-Tétouan|Larache","Larache","Tanger-Tétouan","Morocco","Africa","Africa"
852,"Africa|Africa|Morocco|Tanger-Tétouan|Tangier","Tangier","Tanger-Tétouan","Morocco","Africa","Africa"
853,"Africa|Africa|Morocco|Tanger-Tétouan|Tetouan","Tetouan","Tanger-Tétouan","Morocco","Africa","Africa"
854,"Africa|Africa|Morocco|Taza-Al Hoceima-Taounate|Taza","Taza","Taza-Al Hoceima-Taounate","Morocco","Africa","Africa"
855,"Africa|Africa|Mozambique|Cabo Delgado|Pemba","Pemba","Cabo Delgado","Mozambique","Africa","Africa"
856,"Africa|Africa|Mozambique|Cidade De Maputo|Maputo","Maputo","Cidade De Maputo","Mozambique","Africa","Africa"
857,"Africa|Africa|Mozambique|Inhambane|Maxixe","Maxixe","Inhambane","Mozambique","Africa","Africa"
858,"Africa|Africa|Mozambique|Manica|Chimoio","Chimoio","Manica","Mozambique","Africa","Africa"
859,"Africa|Africa|Mozambique|Maputo|Matola","Matola","Maputo","Mozambique","Africa","Africa"
860,"Africa|Africa|Mozambique|Nampula|Nampula","Nampula","Nampula","Mozambique","Africa","Africa"
861,"Africa|Africa|Mozambique|Niassa|Lichinga","Lichinga","Niassa","Mozambique","Africa","Africa"
862,"Africa|Africa|Mozambique|Sofala|Beira","Beira","Sofala","Mozambique","Africa","Africa"
863,"Africa|Africa|Mozambique|Tete|Tete","Tete","Tete","Mozambique","Africa","Africa"
864,"Africa|Africa|Mozambique|Zambezia|Quelimane","Quelimane","Zambezia","Mozambique","Africa","Africa"
865,"Africa|Africa|Namibia|Khomas|Windhoek","Windhoek","Khomas","Namibia","Africa","Africa"
866,"Africa|Africa|Nigeria|Abia|Aba","Aba","Abia","Nigeria","Africa","Africa"
867,"Africa|Africa|Nigeria|Abuja Capital Territory|Abuja","Abuja","Abuja Capital Territory","Nigeria","Africa","Africa"
868,"Africa|Africa|Nigeria|Adamawa|Mubi","Mubi","Adamawa","Nigeria","Africa","Africa"
869,"Africa|Africa|Nigeria|Akwa Ibom|Ikot Ekpene","Ikot Ekpene","Akwa Ibom","Nigeria","Africa","Africa"
870,"Africa|Africa|Nigeria|Anambra|Onitsha","Onitsha","Anambra","Nigeria","Africa","Africa"
871,"Africa|Africa|Nigeria|Bauchi|Bauchi","Bauchi","Bauchi","Nigeria","Africa","Africa"
872,"Africa|Africa|Nigeria|Benue|Makurdi","Makurdi","Benue","Nigeria","Africa","Africa"
873,"Africa|Africa|Nigeria|Borno|Maiduguri","Maiduguri","Borno","Nigeria","Africa","Africa"
874,"Africa|Africa|Nigeria|Cross River|Calabar","Calabar","Cross River","Nigeria","Africa","Africa"
875,"Africa|Africa|Nigeria|Cross River|Ugep","Ugep","Cross River","Nigeria","Africa","Africa"
876,"Africa|Africa|Nigeria|Delta|Sapele","Sapele","Delta","Nigeria","Africa","Africa"
877,"Africa|Africa|Nigeria|Delta|Warri","Warri","Delta","Nigeria","Africa","Africa"
878,"Africa|Africa|Nigeria|Ebonyi|Abakaliki","Abakaliki","Ebonyi","Nigeria","Africa","Africa"
879,"Africa|Africa|Nigeria|Edo|Benin City","Benin City","Edo","Nigeria","Africa","Africa"
880,"Africa|Africa|Nigeria|Enugu|Enugu","Enugu","Enugu","Nigeria","Africa","Africa"
881,"Africa|Africa|Nigeria|Gombe|Gombe","Gombe","Gombe","Nigeria","Africa","Africa"
882,"Africa|Africa|Nigeria|Imo|Owerri","Owerri","Imo","Nigeria","Africa","Africa"
883,"Africa|Africa|Nigeria|Kaduna|Kaduna","Kaduna","Kaduna","Nigeria","Africa","Africa"
884,"Africa|Africa|Nigeria|Kaduna|Zaria","Zaria","Kaduna","Nigeria","Africa","Africa"
885,"Africa|Africa|Nigeria|Kano|Kano","Kano","Kano","Nigeria","Africa","Africa"
886,"Africa|Africa|Nigeria|Katsina|Funtua","Funtua","Katsina","Nigeria","Africa","Africa"
887,"Africa|Africa|Nigeria|Katsina|Katsina","Katsina","Katsina","Nigeria","Africa","Africa"
888,"Africa|Africa|Nigeria|Kwara|Ilorin","Ilorin","Kwara","Nigeria","Africa","Africa"
889,"Africa|Africa|Nigeria|Lagos|Lagos","Lagos","Lagos","Nigeria","Africa","Africa"
890,"Africa|Africa|Nigeria|Niger|Minna","Minna","Niger","Nigeria","Africa","Africa"
891,"Africa|Africa|Nigeria|Ogun|Abeokuta","Abeokuta","Ogun","Nigeria","Africa","Africa"
892,"Africa|Africa|Nigeria|Ogun|Shagamu","Shagamu","Ogun","Nigeria","Africa","Africa"
893,"Africa|Africa|Nigeria|Ondo|Akure","Akure","Ondo","Nigeria","Africa","Africa"
894,"Africa|Africa|Nigeria|Ondo|Owo","Owo","Ondo","Nigeria","Africa","Africa"
895,"Africa|Africa|Nigeria|Osun|Ilesha","Ilesha","Osun","Nigeria","Africa","Africa"
896,"Africa|Africa|Nigeria|Oyo|Ibadan","Ibadan","Oyo","Nigeria","Africa","Africa"
897,"Africa|Africa|Nigeria|Plateau|Jos","Jos","Plateau","Nigeria","Africa","Africa"
898,"Africa|Africa|Nigeria|Rivers|Port Harcourt","Port Harcourt","Rivers","Nigeria","Africa","Africa"
899,"Africa|Africa|Nigeria|Sokoto|Sokoto","Sokoto","Sokoto","Nigeria","Africa","Africa"
900,"Africa|Africa|Nigeria|Yobe|Damaturu","Damaturu","Yobe","Nigeria","Africa","Africa"
901,"Africa|Africa|Nigeria|Zamfara|Gusau","Gusau","Zamfara","Nigeria","Africa","Africa"
902,"Africa|Africa|Niger|Diffa|Nguigmi","Nguigmi","Diffa","Niger","Africa","Africa"
903,"Africa|Africa|Niger|Maradi|Maradi","Maradi","Maradi","Niger","Africa","Africa"
904,"Africa|Africa|Niger|Niamey|Niamey","Niamey","Niamey","Niger","Africa","Africa"
905,"Africa|Africa|Niger|Zinder|Zinder","Zinder","Zinder","Niger","Africa","Africa"
906,"Africa|Africa|Republic of the Congo|Niari|Loubomo","Loubomo","Niari","Republic of the Congo","Africa","Africa"
907,"Africa|Africa|Rwanda|Kigali|Kigali","Kigali","Kigali","Rwanda","Africa","Africa"
908,"Africa|Africa|Rwanda|Southern|Butare","Butare","Southern","Rwanda","Africa","Africa"
909,"Africa|Africa|Rwanda|Southern|Gitarama","Gitarama","Southern","Rwanda","Africa","Africa"
910,"Africa|Africa|Senegal|Dakar|Dakar","Dakar","Dakar","Senegal","Africa","Africa"
911,"Africa|Africa|Senegal|Saint-Louis|Saint-Louis","Saint-Louis","Saint-Louis","Senegal","Africa","Africa"
912,"Africa|Africa|Senegal|Thies|Thies Nones","Thies Nones","Thies","Senegal","Africa","Africa"
913,"Africa|Africa|Senegal|Ziguinchor|Ziguinchor","Ziguinchor","Ziguinchor","Senegal","Africa","Africa"
914,"Africa|Africa|Sierra Leone|Eastern|Koidu","Koidu","Eastern","Sierra Leone","Africa","Africa"
915,"Africa|Africa|Sierra Leone|Northern|Makeni","Makeni","Northern","Sierra Leone","Africa","Africa"
916,"Africa|Africa|Sierra Leone|Southern|Bo","Bo","Southern","Sierra Leone","Africa","Africa"
917,"Africa|Africa|Somalia|Banaadir|Mogadishu","Mogadishu","Banaadir","Somalia","Africa","Africa"
918,"Africa|Africa|Somalia|Jubbada Hoose|Kismaayo","Kismaayo","Jubbada Hoose","Somalia","Africa","Africa"
919,"Africa|Africa|Somalia|Woqooyi Galbeed|Hargeysa","Hargeysa","Woqooyi Galbeed","Somalia","Africa","Africa"
920,"Africa|Africa|South Africa|Eastern Cape|East London","East London","Eastern Cape","South Africa","Africa","Africa"
921,"Africa|Africa|South Africa|Eastern Cape|Port Elizabeth","Port Elizabeth","Eastern Cape","South Africa","Africa","Africa"
922,"Africa|Africa|South Africa|Eastern Cape|Umtata","Umtata","Eastern Cape","South Africa","Africa","Africa"
923,"Africa|Africa|South Africa|Free State|Bloemfontein","Bloemfontein","Free State","South Africa","Africa","Africa"
924,"Africa|Africa|South Africa|Free State|Botshabelo","Botshabelo","Free State","South Africa","Africa","Africa"
925,"Africa|Africa|South Africa|Gauteng|Benoni","Benoni","Gauteng","South Africa","Africa","Africa"
926,"Africa|Africa|South Africa|Gauteng|Boksburg","Boksburg","Gauteng","South Africa","Africa","Africa"
927,"Africa|Africa|South Africa|Gauteng|Centurion","Centurion","Gauteng","South Africa","Africa","Africa"
928,"Africa|Africa|South Africa|Gauteng|Johannesburg","Johannesburg","Gauteng","South Africa","Africa","Africa"
929,"Africa|Africa|South Africa|Gauteng|Krugersdorp","Krugersdorp","Gauteng","South Africa","Africa","Africa"
930,"Africa|Africa|South Africa|Gauteng|Mabopane","Mabopane","Gauteng","South Africa","Africa","Africa"
931,"Africa|Africa|South Africa|Gauteng|Pretoria","Pretoria","Gauteng","South Africa","Africa","Africa"
932,"Africa|Africa|South Africa|Gauteng|Randfontein","Randfontein","Gauteng","South Africa","Africa","Africa"
933,"Africa|Africa|South Africa|Gauteng|Roodepoort","Roodepoort","Gauteng","South Africa","Africa","Africa"
934,"Africa|Africa|South Africa|Gauteng|Soweto","Soweto","Gauteng","South Africa","Africa","Africa"
935,"Africa|Africa|South Africa|Gauteng|Springs","Springs","Gauteng","South Africa","Africa","Africa"
936,"Africa|Africa|South Africa|Gauteng|Tembisa","Tembisa","Gauteng","South Africa","Africa","Africa"
937,"Africa|Africa|South Africa|Gauteng|Vanderbijlpark","Vanderbijlpark","Gauteng","South Africa","Africa","Africa"
938,"Africa|Africa|South Africa|Gauteng|Vereeniging","Vereeniging","Gauteng","South Africa","Africa","Africa"
939,"Africa|Africa|South Africa|Gauteng|Westonaria","Westonaria","Gauteng","South Africa","Africa","Africa"
940,"Africa|Africa|South Africa|Kwazulu-natal|Durban","Durban","Kwazulu-natal","South Africa","Africa","Africa"
941,"Africa|Africa|South Africa|Kwazulu-natal|Mpumalanga","Mpumalanga","Kwazulu-natal","South Africa","Africa","Africa"
942,"Africa|Africa|South Africa|Kwazulu-natal|Newcastle","Newcastle","Kwazulu-natal","South Africa","Africa","Africa"
943,"Africa|Africa|South Africa|Kwazulu-natal|Pietermaritzburg","Pietermaritzburg","Kwazulu-natal","South Africa","Africa","Africa"
944,"Africa|Africa|South Africa|Kwazulu-natal|Stanger","Stanger","Kwazulu-natal","South Africa","Africa","Africa"
945,"Africa|Africa|South Africa|Kwazulu-natal|Ulundi","Ulundi","Kwazulu-natal","South Africa","Africa","Africa"
946,"Africa|Africa|South Africa|Limpopo|Giyani","Giyani","Limpopo","South Africa","Africa","Africa"
947,"Africa|Africa|South Africa|Mpumalanga|eMbalenhle","eMbalenhle","Mpumalanga","South Africa","Africa","Africa"
948,"Africa|Africa|South Africa|North-West|Potchefstroom","Potchefstroom","North-West","South Africa","Africa","Africa"
949,"Africa|Africa|South Africa|North-West|Rustenburg","Rustenburg","North-West","South Africa","Africa","Africa"
950,"Africa|Africa|South Africa|North-West|Vryburg","Vryburg","North-West","South Africa","Africa","Africa"
951,"Africa|Africa|South Africa|Western Cape|Cape Town","Cape Town","Western Cape","South Africa","Africa","Africa"
952,"Africa|Africa|South Africa|Western Cape|George","George","Western Cape","South Africa","Africa","Africa"
953,"Africa|Africa|South Africa|Western Cape|Stellenbosch","Stellenbosch","Western Cape","South Africa","Africa","Africa"
954,"Africa|Africa|South Sudan|Central Equatoria|Juba","Juba","Central Equatoria","South Sudan","Africa","Africa"
955,"Africa|Africa|Sudan|Gezira|Al Manaqil","Al Manaqil","Gezira","Sudan","Africa","Africa"
956,"Africa|Africa|Sudan|Gezira|Wad Madani","Wad Madani","Gezira","Sudan","Africa","Africa"
957,"Africa|Africa|Sudan|Kassala|Kassala","Kassala","Kassala","Sudan","Africa","Africa"
958,"Africa|Africa|Sudan|Khartoum|Khartoum","Khartoum","Khartoum","Sudan","Africa","Africa"
959,"Africa|Africa|Sudan|Red Sea|Bur Sudan","Bur Sudan","Red Sea","Sudan","Africa","Africa"
960,"Africa|Africa|Sudan|White Nile|Ad Diwem","Ad Diwem","White Nile","Sudan","Africa","Africa"
961,"Africa|Africa|Swaziland|Manzini|Manzini","Manzini","Manzini","Swaziland","Africa","Africa"
962,"Africa|Africa|Tanzania|Arusha|Arusha","Arusha","Arusha","Tanzania","Africa","Africa"
963,"Africa|Africa|Tanzania|Dar Es Salaam|Dar es Salaam","Dar es Salaam","Dar Es Salaam","Tanzania","Africa","Africa"
964,"Africa|Africa|Tanzania|Iringa|Iringa","Iringa","Iringa","Tanzania","Africa","Africa"
965,"Africa|Africa|Tanzania|Kigoma|Kigoma","Kigoma","Kigoma","Tanzania","Africa","Africa"
966,"Africa|Africa|Tanzania|Kigoma|Uvinza","Uvinza","Kigoma","Tanzania","Africa","Africa"
967,"Africa|Africa|Tanzania|Kilimanjaro|Moshi","Moshi","Kilimanjaro","Tanzania","Africa","Africa"
968,"Africa|Africa|Tanzania|Mara|Musoma","Musoma","Mara","Tanzania","Africa","Africa"
969,"Africa|Africa|Tanzania|Mbeya|Igurusi","Igurusi","Mbeya","Tanzania","Africa","Africa"
970,"Africa|Africa|Tanzania|Mbeya|Mbeya","Mbeya","Mbeya","Tanzania","Africa","Africa"
971,"Africa|Africa|Tanzania|Morogoro|Morogoro","Morogoro","Morogoro","Tanzania","Africa","Africa"
972,"Africa|Africa|Tanzania|Mtwara|Mtwara","Mtwara","Mtwara","Tanzania","Africa","Africa"
973,"Africa|Africa|Tanzania|Mwanza|Mwanza","Mwanza","Mwanza","Tanzania","Africa","Africa"
974,"Africa|Africa|Tanzania|Pwani|Bagamoyo","Bagamoyo","Pwani","Tanzania","Africa","Africa"
975,"Africa|Africa|Tanzania|Pwani|Chalinze","Chalinze","Pwani","Tanzania","Africa","Africa"
976,"Africa|Africa|Tanzania|Ruvuma|Mbinga","Mbinga","Ruvuma","Tanzania","Africa","Africa"
977,"Africa|Africa|Tanzania|Shinyanga|Shinyanga","Shinyanga","Shinyanga","Tanzania","Africa","Africa"
978,"Africa|Africa|Tanzania|Tabora|Tabora","Tabora","Tabora","Tanzania","Africa","Africa"
979,"Africa|Africa|Tanzania|Tanga|Tanga","Tanga","Tanga","Tanzania","Africa","Africa"
980,"Africa|Africa|Togo|Centrale|Sokode","Sokode","Centrale","Togo","Africa","Africa"
981,"Africa|Africa|Togo|Kara|Kara","Kara","Kara","Togo","Africa","Africa"
982,"Africa|Africa|Togo|Maritime|Lome","Lome","Maritime","Togo","Africa","Africa"
983,"Africa|Africa|Togo|Plateaux|Atakpame","Atakpame","Plateaux","Togo","Africa","Africa"
984,"Africa|Africa|Tunisia|Tunis|Tunis","Tunis","Tunis","Tunisia","Africa","Africa"
985,"Africa|Africa|Uganda|Gulu|Gulu","Gulu","Gulu","Uganda","Africa","Africa"
986,"Africa|Africa|Uganda|Jinja|Jinja","Jinja","Jinja","Uganda","Africa","Africa"
987,"Africa|Africa|Uganda|Kabarole|Fort Portal","Fort Portal","Kabarole","Uganda","Africa","Africa"
988,"Africa|Africa|Uganda|Kampala|Kampala","Kampala","Kampala","Uganda","Africa","Africa"
989,"Africa|Africa|Zambia|Central|Kabwe","Kabwe","Central","Zambia","Africa","Africa"
990,"Africa|Africa|Zambia|Copperbelt|Chililabombwe","Chililabombwe","Copperbelt","Zambia","Africa","Africa"
991,"Africa|Africa|Zambia|Copperbelt|Chingola","Chingola","Copperbelt","Zambia","Africa","Africa"
992,"Africa|Africa|Zambia|Copperbelt|Kitwe","Kitwe","Copperbelt","Zambia","Africa","Africa"
993,"Africa|Africa|Zambia|Copperbelt|Luanshya","Luanshya","Copperbelt","Zambia","Africa","Africa"
994,"Africa|Africa|Zambia|Copperbelt|Mufulira","Mufulira","Copperbelt","Zambia","Africa","Africa"
995,"Africa|Africa|Zambia|Copperbelt|Ndola","Ndola","Copperbelt","Zambia","Africa","Africa"
996,"Africa|Africa|Zambia|Eastern|Chipata","Chipata","Eastern","Zambia","Africa","Africa"
997,"Africa|Africa|Zambia|Lusaka|Lusaka","Lusaka","Lusaka","Zambia","Africa","Africa"
998,"Africa|Africa|Zambia|Northern|Kasama","Kasama","Northern","Zambia","Africa","Africa"
999,"Africa|Africa|Zambia|Southern|Livingstone","Livingstone","Southern","Zambia","Africa","Africa"
1000,"Africa|Africa|Zimbabwe|Bulawayo|Bulawayo","Bulawayo","Bulawayo","Zimbabwe","Africa","Africa"
1001,"Africa|Africa|Zimbabwe|Harare|Chitungwiza","Chitungwiza","Harare","Zimbabwe","Africa","Africa"
1002,"Africa|Africa|Zimbabwe|Harare|Epworth","Epworth","Harare","Zimbabwe","Africa","Africa"
1003,"Africa|Africa|Zimbabwe|Harare|Harare","Harare","Harare","Zimbabwe","Africa","Africa"
1004,"Africa|Africa|Zimbabwe|Manicaland|Mutare","Mutare","Manicaland","Zimbabwe","Africa","Africa"
1005,"Africa|Africa|Zimbabwe|Mashonaland West|Kadoma","Kadoma","Mashonaland West","Zimbabwe","Africa","Africa"
1006,"Africa|Africa|Zimbabwe|Matabeleland North|Victoria Falls","Victoria Falls","Matabeleland North","Zimbabwe","Africa","Africa"
1053,"EMEA|EMEA|Albania|Durrës|Durres","Durres","Durrës","Albania","EMEA","EMEA"
1054,"EMEA|EMEA|Albania|Elbasan|Elbasan","Elbasan","Elbasan","Albania","EMEA","EMEA"
1055,"EMEA|EMEA|Albania|Korçë|Korce","Korce","Korçë","Albania","EMEA","EMEA"
1056,"EMEA|EMEA|Albania|Shkodër|Shkoder","Shkoder","Shkodër","Albania","EMEA","EMEA"
1057,"EMEA|EMEA|Albania|Vlorë|Vlore","Vlore","Vlorë","Albania","EMEA","EMEA"
1058,"EMEA|EMEA|Armenia|Lori|Vanadzor","Vanadzor","Lori","Armenia","EMEA","EMEA"
1059,"EMEA|EMEA|Austria|Carinthia|Klagenfurt","Klagenfurt","Carinthia","Austria","EMEA","EMEA"
1060,"EMEA|EMEA|Austria|Salzburg|Salzburg","Salzburg","Salzburg","Austria","EMEA","EMEA"
1061,"EMEA|EMEA|Austria|Styria|Graz","Graz","Styria","Austria","EMEA","EMEA"
1062,"EMEA|EMEA|Austria|Styria|Leoben","Leoben","Styria","Austria","EMEA","EMEA"
1063,"EMEA|EMEA|Austria|Tyrol|Innsbruck","Innsbruck","Tyrol","Austria","EMEA","EMEA"
1064,"EMEA|EMEA|Austria|Upper Austria|Linz","Linz","Upper Austria","Austria","EMEA","EMEA"
1065,"EMEA|EMEA|Austria|Vienna|Vienna","Vienna","Vienna","Austria","EMEA","EMEA"
1066,"EMEA|EMEA|Azerbaijan|Baki|Baku","Baku","Baki","Azerbaijan","EMEA","EMEA"
1067,"EMEA|EMEA|Bahrain|Muharraq|Al Muharraq","Al Muharraq","Muharraq","Bahrain","EMEA","EMEA"
1068,"EMEA|EMEA|Belarus|Brest|Brest","Brest","Brest","Belarus","EMEA","EMEA"
1069,"EMEA|EMEA|Belarus|Brest|Pinsk","Pinsk","Brest","Belarus","EMEA","EMEA"
1070,"EMEA|EMEA|Belarus|Homyel'|Homyel'","Homyel'","Homyel'","Belarus","EMEA","EMEA"
1071,"EMEA|EMEA|Belarus|Homyel'|Mazyr","Mazyr","Homyel'","Belarus","EMEA","EMEA"
1072,"EMEA|EMEA|Belarus|Homyel'|Zhlobin","Zhlobin","Homyel'","Belarus","EMEA","EMEA"
1073,"EMEA|EMEA|Belarus|Hrodna|Hrodna","Hrodna","Hrodna","Belarus","EMEA","EMEA"
1074,"EMEA|EMEA|Belarus|Hrodna|Lida","Lida","Hrodna","Belarus","EMEA","EMEA"
1075,"EMEA|EMEA|Belarus|Vitsyebsk|Orsha","Orsha","Vitsyebsk","Belarus","EMEA","EMEA"
1076,"EMEA|EMEA|Belarus|Vitsyebsk|Polatsk","Polatsk","Vitsyebsk","Belarus","EMEA","EMEA"
1077,"EMEA|EMEA|Bosnia and Herzegovina|Federation of Bosnia and Herzegovina|Sarajevo","Sarajevo","Federation of Bosnia and Herzegovina","Bosnia and Herzegovina","EMEA","EMEA"
1078,"EMEA|EMEA|Bosnia and Herzegovina|Federation of Bosnia and Herzegovina|Tuzla","Tuzla","Federation of Bosnia and Herzegovina","Bosnia and Herzegovina","EMEA","EMEA"
1079,"EMEA|EMEA|Bosnia and Herzegovina|Federation of Bosnia and Herzegovina|Zenica","Zenica","Federation of Bosnia and Herzegovina","Bosnia and Herzegovina","EMEA","EMEA"
1080,"EMEA|EMEA|Bulgaria|Burgas|Burgas","Burgas","Burgas","Bulgaria","EMEA","EMEA"
1081,"EMEA|EMEA|Bulgaria|Pazardzhik|Pazardzhik","Pazardzhik","Pazardzhik","Bulgaria","EMEA","EMEA"
1082,"EMEA|EMEA|Bulgaria|Pernik|Pernik","Pernik","Pernik","Bulgaria","EMEA","EMEA"
1083,"EMEA|EMEA|Bulgaria|Pleven|Pleven","Pleven","Pleven","Bulgaria","EMEA","EMEA"
1084,"EMEA|EMEA|Bulgaria|Plovdiv|Plovdiv","Plovdiv","Plovdiv","Bulgaria","EMEA","EMEA"
1085,"EMEA|EMEA|Bulgaria|Shumen|Shumen","Shumen","Shumen","Bulgaria","EMEA","EMEA"
1086,"EMEA|EMEA|Bulgaria|Sliven|Sliven","Sliven","Sliven","Bulgaria","EMEA","EMEA"
1087,"EMEA|EMEA|Bulgaria|Sofiya-Grad|Sofia","Sofia","Sofiya-Grad","Bulgaria","EMEA","EMEA"
1088,"EMEA|EMEA|Bulgaria|Stara Zagora|Stara Zagora","Stara Zagora","Stara Zagora","Bulgaria","EMEA","EMEA"
1089,"EMEA|EMEA|Bulgaria|Varna|Varna","Varna","Varna","Bulgaria","EMEA","EMEA"
1090,"EMEA|EMEA|Bulgaria|Vratsa|Vratsa","Vratsa","Vratsa","Bulgaria","EMEA","EMEA"
1091,"EMEA|EMEA|Bulgaria|Yambol|Yambol","Yambol","Yambol","Bulgaria","EMEA","EMEA"
1092,"EMEA|EMEA|Croatia|Grad Zagreb|Zagreb","Zagreb","Grad Zagreb","Croatia","EMEA","EMEA"
1093,"EMEA|EMEA|Croatia|Osjecko-Baranjska|Osijek","Osijek","Osjecko-Baranjska","Croatia","EMEA","EMEA"
1094,"EMEA|EMEA|Croatia|Primorsko-Goranska|Rijeka","Rijeka","Primorsko-Goranska","Croatia","EMEA","EMEA"
1095,"EMEA|EMEA|Croatia|Splitsko-Dalmatinska|Split","Split","Splitsko-Dalmatinska","Croatia","EMEA","EMEA"
1096,"EMEA|EMEA|Croatia|Zagrebacka|Samobor","Samobor","Zagrebacka","Croatia","EMEA","EMEA"
1097,"EMEA|EMEA|Czech Republic|Hradec Kralove|Hradec Kralove","Hradec Kralove","Hradec Kralove","Czech Republic","EMEA","EMEA"
1098,"EMEA|EMEA|Czech Republic|Liberec|Liberec","Liberec","Liberec","Czech Republic","EMEA","EMEA"
1099,"EMEA|EMEA|Czech Republic|Moravian-Silesian|Ostrava","Ostrava","Moravian-Silesian","Czech Republic","EMEA","EMEA"
1100,"EMEA|EMEA|Czech Republic|Olomouc|Olomouc","Olomouc","Olomouc","Czech Republic","EMEA","EMEA"
1101,"EMEA|EMEA|Czech Republic|Plzen|Plzen","Plzen","Plzen","Czech Republic","EMEA","EMEA"
1102,"EMEA|EMEA|Czech Republic|Prague|Prague","Prague","Prague","Czech Republic","EMEA","EMEA"
1103,"EMEA|EMEA|Czech Republic|Usti nad Labem|Usti nad Labem","Usti nad Labem","Usti nad Labem","Czech Republic","EMEA","EMEA"
1104,"EMEA|EMEA|Estonia|Harjumaa|Tallinn","Tallinn","Harjumaa","Estonia","EMEA","EMEA"
1105,"EMEA|EMEA|Estonia|Tartumaa|Tartu","Tartu","Tartumaa","Estonia","EMEA","EMEA"
1106,"EMEA|EMEA|Georgia|Imereti|K'ut'aisi","K'ut'aisi","Imereti","Georgia","EMEA","EMEA"
1107,"EMEA|EMEA|Georgia|Tbilisi|Tbilisi","Tbilisi","Tbilisi","Georgia","EMEA","EMEA"
1108,"EMEA|EMEA|Hungary|Bekes|Gyula","Gyula","Bekes","Hungary","EMEA","EMEA"
1109,"EMEA|EMEA|Hungary|Budapest|Budapest","Budapest","Budapest","Hungary","EMEA","EMEA"
1110,"EMEA|EMEA|Hungary|Gyor|Gyor","Gyor","Gyor","Hungary","EMEA","EMEA"
1111,"EMEA|EMEA|Hungary|Hajdu-Bihar|Balmazujvaros","Balmazujvaros","Hajdu-Bihar","Hungary","EMEA","EMEA"
1112,"EMEA|EMEA|Iran|Ardabil|Ardabil","Ardabil","Ardabil","Iran","EMEA","EMEA"
1113,"EMEA|EMEA|Iran|Bushehr|Borazjan","Borazjan","Bushehr","Iran","EMEA","EMEA"
1114,"EMEA|EMEA|Iran|Esfahan|Kashan","Kashan","Esfahan","Iran","EMEA","EMEA"
1115,"EMEA|EMEA|Iran|Esfahan|Khomeynishahr","Khomeynishahr","Esfahan","Iran","EMEA","EMEA"
1116,"EMEA|EMEA|Iran|Esfahan|Najafabad","Najafabad","Esfahan","Iran","EMEA","EMEA"
1117,"EMEA|EMEA|Iran|Esfahan|Shahreza","Shahreza","Esfahan","Iran","EMEA","EMEA"
1118,"EMEA|EMEA|Iran|Fars|Fasa","Fasa","Fars","Iran","EMEA","EMEA"
1119,"EMEA|EMEA|Iran|Fars|Kazerun","Kazerun","Fars","Iran","EMEA","EMEA"
1120,"EMEA|EMEA|Iran|Fars|Shiraz","Shiraz","Fars","Iran","EMEA","EMEA"
1121,"EMEA|EMEA|Iran|Gilan|Bandar-e Anzali","Bandar-e Anzali","Gilan","Iran","EMEA","EMEA"
1122,"EMEA|EMEA|Iran|Gilan|Rasht","Rasht","Gilan","Iran","EMEA","EMEA"
1123,"EMEA|EMEA|Iran|Golestan|Gorgan","Gorgan","Golestan","Iran","EMEA","EMEA"
1124,"EMEA|EMEA|Iran|Hamadan|Hamadan","Hamadan","Hamadan","Iran","EMEA","EMEA"
1125,"EMEA|EMEA|Iran|Hamadan|Malayer","Malayer","Hamadan","Iran","EMEA","EMEA"
1126,"EMEA|EMEA|Iran|Hormozgan|Bandar Abbas","Bandar Abbas","Hormozgan","Iran","EMEA","EMEA"
1127,"EMEA|EMEA|Iran|Ilam|Ilam","Ilam","Ilam","Iran","EMEA","EMEA"
1128,"EMEA|EMEA|Iran|Kermanshah|Javanrud","Javanrud","Kermanshah","Iran","EMEA","EMEA"
1129,"EMEA|EMEA|Iran|Kermanshah|Kermanshah","Kermanshah","Kermanshah","Iran","EMEA","EMEA"
1130,"EMEA|EMEA|Iran|Kerman|Kerman","Kerman","Kerman","Iran","EMEA","EMEA"
1131,"EMEA|EMEA|Iran|Kerman|Rafsanjan","Rafsanjan","Kerman","Iran","EMEA","EMEA"
1132,"EMEA|EMEA|Iran|Khuzestan|Abadan","Abadan","Khuzestan","Iran","EMEA","EMEA"
1133,"EMEA|EMEA|Iran|Khuzestan|Ahvaz","Ahvaz","Khuzestan","Iran","EMEA","EMEA"
1134,"EMEA|EMEA|Iran|Khuzestan|Behbahan","Behbahan","Khuzestan","Iran","EMEA","EMEA"
1135,"EMEA|EMEA|Iran|Khuzestan|Khorramshahr","Khorramshahr","Khuzestan","Iran","EMEA","EMEA"
1136,"EMEA|EMEA|Iran|Khuzestan|Masjed Soleyman","Masjed Soleyman","Khuzestan","Iran","EMEA","EMEA"
1137,"EMEA|EMEA|Iran|Khuzestan|Shushtar","Shushtar","Khuzestan","Iran","EMEA","EMEA"
1138,"EMEA|EMEA|Iran|Kordestan|Sanandaj","Sanandaj","Kordestan","Iran","EMEA","EMEA"
1139,"EMEA|EMEA|Iran|Kordestan|Saqqez","Saqqez","Kordestan","Iran","EMEA","EMEA"
1140,"EMEA|EMEA|Iran|Lorestan|Aligudarz","Aligudarz","Lorestan","Iran","EMEA","EMEA"
1141,"EMEA|EMEA|Iran|Lorestan|Borujerd","Borujerd","Lorestan","Iran","EMEA","EMEA"
1142,"EMEA|EMEA|Iran|Lorestan|Khorramabad","Khorramabad","Lorestan","Iran","EMEA","EMEA"
1143,"EMEA|EMEA|Iran|Markazi|Arak","Arak","Markazi","Iran","EMEA","EMEA"
1144,"EMEA|EMEA|Iran|Markazi|Saveh","Saveh","Markazi","Iran","EMEA","EMEA"
1145,"EMEA|EMEA|Iran|Mazandaran|Amol","Amol","Mazandaran","Iran","EMEA","EMEA"
1146,"EMEA|EMEA|Iran|Mazandaran|Babol","Babol","Mazandaran","Iran","EMEA","EMEA"
1147,"EMEA|EMEA|Iran|Mazandaran|Behshahr","Behshahr","Mazandaran","Iran","EMEA","EMEA"
1148,"EMEA|EMEA|Iran|Mazandaran|Chalus","Chalus","Mazandaran","Iran","EMEA","EMEA"
1149,"EMEA|EMEA|Iran|Mazandaran|Sari","Sari","Mazandaran","Iran","EMEA","EMEA"
1150,"EMEA|EMEA|Iran|Qazvin|Qazvin","Qazvin","Qazvin","Iran","EMEA","EMEA"
1151,"EMEA|EMEA|Iran|Qazvin|Takestan","Takestan","Qazvin","Iran","EMEA","EMEA"
1152,"EMEA|EMEA|Iran|Qom|Qom","Qom","Qom","Iran","EMEA","EMEA"
1153,"EMEA|EMEA|Iran|Razavi Khorasan|Gonabad","Gonabad","Razavi Khorasan","Iran","EMEA","EMEA"
1154,"EMEA|EMEA|Iran|Razavi Khorasan|Mashhad","Mashhad","Razavi Khorasan","Iran","EMEA","EMEA"
1155,"EMEA|EMEA|Iran|Razavi Khorasan|Neyshabur","Neyshabur","Razavi Khorasan","Iran","EMEA","EMEA"
1156,"EMEA|EMEA|Iran|Razavi Khorasan|Quchan","Quchan","Razavi Khorasan","Iran","EMEA","EMEA"
1157,"EMEA|EMEA|Iran|Razavi Khorasan|Sabzevar","Sabzevar","Razavi Khorasan","Iran","EMEA","EMEA"
1158,"EMEA|EMEA|Iran|Razavi Khorasan|Torbat-e Heydariyeh","Torbat-e Heydariyeh","Razavi Khorasan","Iran","EMEA","EMEA"
1159,"EMEA|EMEA|Iran|Semnan|Semnan","Semnan","Semnan","Iran","EMEA","EMEA"
1160,"EMEA|EMEA|Iran|Sistan Va Baluchestan|Iranshahr","Iranshahr","Sistan Va Baluchestan","Iran","EMEA","EMEA"
1161,"EMEA|EMEA|Iran|Sistan Va Baluchestan|Zabol","Zabol","Sistan Va Baluchestan","Iran","EMEA","EMEA"
1162,"EMEA|EMEA|Iran|Sistan Va Baluchestan|Zahedan","Zahedan","Sistan Va Baluchestan","Iran","EMEA","EMEA"
1163,"EMEA|EMEA|Iran|South Khorasan|Birjand","Birjand","South Khorasan","Iran","EMEA","EMEA"
1164,"EMEA|EMEA|Iran|Tehran|Shahriar","Shahriar","Tehran","Iran","EMEA","EMEA"
1165,"EMEA|EMEA|Iran|Tehran|Tehran","Tehran","Tehran","Iran","EMEA","EMEA"
1166,"EMEA|EMEA|Iran|Tehran|Varamin","Varamin","Tehran","Iran","EMEA","EMEA"
1167,"EMEA|EMEA|Iran|Yazd|Yazd","Yazd","Yazd","Iran","EMEA","EMEA"
1168,"EMEA|EMEA|Iran|Zanjan|Zanjan","Zanjan","Zanjan","Iran","EMEA","EMEA"
1169,"EMEA|EMEA|Iraq|Al Basrah|Basra","Basra","Al Basrah","Iraq","EMEA","EMEA"
1170,"EMEA|EMEA|Iraq|Al Qadisiyah|Ad Diwaniyah","Ad Diwaniyah","Al Qadisiyah","Iraq","EMEA","EMEA"
1171,"EMEA|EMEA|Iraq|Arbil|Arbil","Arbil","Arbil","Iraq","EMEA","EMEA"
1172,"EMEA|EMEA|Iraq|Babil|Al Hillah","Al Hillah","Babil","Iraq","EMEA","EMEA"
1173,"EMEA|EMEA|Iraq|Baghdad|Baghdad","Baghdad","Baghdad","Iraq","EMEA","EMEA"
1174,"EMEA|EMEA|Iraq|Dhi Qar|An Nasiriyah","An Nasiriyah","Dhi Qar","Iraq","EMEA","EMEA"
1175,"EMEA|EMEA|Iraq|Diyala|Baqubah","Baqubah","Diyala","Iraq","EMEA","EMEA"
1176,"EMEA|EMEA|Iraq|Karbala'|Karbala'","Karbala'","Karbala'","Iraq","EMEA","EMEA"
1177,"EMEA|EMEA|Iraq|Maysan|Al Amarah","Al Amarah","Maysan","Iraq","EMEA","EMEA"
1178,"EMEA|EMEA|Iraq|Ninawa|Mosul","Mosul","Ninawa","Iraq","EMEA","EMEA"
1179,"EMEA|EMEA|Iraq|Salah Ad Din|Samarra'","Samarra'","Salah Ad Din","Iraq","EMEA","EMEA"
1180,"EMEA|EMEA|Israel|Central|Hod HaSharon","Hod HaSharon","Central","Israel","EMEA","EMEA"
1181,"EMEA|EMEA|Israel|Central|Rehovot","Rehovot","Central","Israel","EMEA","EMEA"
1182,"EMEA|EMEA|Israel|Haifa|Hadera","Hadera","Haifa","Israel","EMEA","EMEA"
1183,"EMEA|EMEA|Israel|Haifa|Haifa","Haifa","Haifa","Israel","EMEA","EMEA"
1184,"EMEA|EMEA|Israel|Jerusalem|Jerusalem","Jerusalem","Jerusalem","Israel","EMEA","EMEA"
1185,"EMEA|EMEA|Israel|Southern|Ashdod","Ashdod","Southern","Israel","EMEA","EMEA"
1186,"EMEA|EMEA|Israel|Southern|Ashqelon","Ashqelon","Southern","Israel","EMEA","EMEA"
1187,"EMEA|EMEA|Israel|Southern|Be'er Sheva","Be'er Sheva","Southern","Israel","EMEA","EMEA"
1188,"EMEA|EMEA|Israel|Tel Aviv|Bene Beraq","Bene Beraq","Tel Aviv","Israel","EMEA","EMEA"
1189,"EMEA|EMEA|Israel|Tel Aviv|Holon","Holon","Tel Aviv","Israel","EMEA","EMEA"
1190,"EMEA|EMEA|Israel|Tel Aviv|Ramat Aviv","Ramat Aviv","Tel Aviv","Israel","EMEA","EMEA"
1191,"EMEA|EMEA|Israel|Tel Aviv|Ramat Gan","Ramat Gan","Tel Aviv","Israel","EMEA","EMEA"
1192,"EMEA|EMEA|Israel|Tel Aviv|Tel Aviv","Tel Aviv","Tel Aviv","Israel","EMEA","EMEA"
1193,"EMEA|EMEA|Jordan|'Amman|Amman","Amman","'Amman","Jordan","EMEA","EMEA"
1194,"EMEA|EMEA|Jordan|'Amman|Wadi as Sir","Wadi as Sir","'Amman","Jordan","EMEA","EMEA"
1195,"EMEA|EMEA|Jordan|Irbid|Irbid","Irbid","Irbid","Jordan","EMEA","EMEA"
1196,"EMEA|EMEA|Kazakhstan|Almaty City|Almaty","Almaty","Almaty City","Kazakhstan","EMEA","EMEA"
1197,"EMEA|EMEA|Kazakhstan|Almaty|Sarkand","Sarkand","Almaty","Kazakhstan","EMEA","EMEA"
1198,"EMEA|EMEA|Kazakhstan|Almaty|Taldyqorghan","Taldyqorghan","Almaty","Kazakhstan","EMEA","EMEA"
1199,"EMEA|EMEA|Kazakhstan|Aqmola|Kokshetau","Kokshetau","Aqmola","Kazakhstan","EMEA","EMEA"
1200,"EMEA|EMEA|Kazakhstan|Astana|Astana","Astana","Astana","Kazakhstan","EMEA","EMEA"
1201,"EMEA|EMEA|Kazakhstan|Pavlodar|Ekibastuz","Ekibastuz","Pavlodar","Kazakhstan","EMEA","EMEA"
1202,"EMEA|EMEA|Kazakhstan|Pavlodar|Pavlodar","Pavlodar","Pavlodar","Kazakhstan","EMEA","EMEA"
1203,"EMEA|EMEA|Kazakhstan|Qaraghandy|Dzhezkazgan","Dzhezkazgan","Qaraghandy","Kazakhstan","EMEA","EMEA"
1204,"EMEA|EMEA|Kazakhstan|Qaraghandy|Qaraghandy","Qaraghandy","Qaraghandy","Kazakhstan","EMEA","EMEA"
1205,"EMEA|EMEA|Kazakhstan|Qaraghandy|Temirtau","Temirtau","Qaraghandy","Kazakhstan","EMEA","EMEA"
1206,"EMEA|EMEA|Kazakhstan|Qostanay|Qostanay","Qostanay","Qostanay","Kazakhstan","EMEA","EMEA"
1207,"EMEA|EMEA|Kazakhstan|Zhambyl|Taraz","Taraz","Zhambyl","Kazakhstan","EMEA","EMEA"
1208,"EMEA|EMEA|Kyrgyzstan|Bishkek|Bishkek","Bishkek","Bishkek","Kyrgyzstan","EMEA","EMEA"
1209,"EMEA|EMEA|Kyrgyzstan|Osh|Osh","Osh","Osh","Kyrgyzstan","EMEA","EMEA"
1210,"EMEA|EMEA|Lebanon|Beirut|Beirut","Beirut","Beirut","Lebanon","EMEA","EMEA"
1211,"EMEA|EMEA|Lebanon|North Lebanon|Tripoli","Tripoli","North Lebanon","Lebanon","EMEA","EMEA"
1212,"EMEA|EMEA|Lithuania|Kaunas|Kaunas","Kaunas","Kaunas","Lithuania","EMEA","EMEA"
1213,"EMEA|EMEA|Lithuania|Klaipeda|Klaipeda","Klaipeda","Klaipeda","Lithuania","EMEA","EMEA"
1214,"EMEA|EMEA|Lithuania|Panevezys|Panevezys","Panevezys","Panevezys","Lithuania","EMEA","EMEA"
1215,"EMEA|EMEA|Lithuania|Vilnius|Vilnius","Vilnius","Vilnius","Lithuania","EMEA","EMEA"
1216,"EMEA|EMEA|Lithuania|Šiauliai|Siauliai","Siauliai","Šiauliai","Lithuania","EMEA","EMEA"
1217,"EMEA|EMEA|Macedonia|Bitola|Bitola","Bitola","Bitola","Macedonia","EMEA","EMEA"
1218,"EMEA|EMEA|Macedonia|Kumanovo|Kumanovo","Kumanovo","Kumanovo","Macedonia","EMEA","EMEA"
1219,"EMEA|EMEA|Moldova|Balti|Balti","Balti","Balti","Moldova","EMEA","EMEA"
1220,"EMEA|EMEA|Moldova|Chisinau|Chisinau","Chisinau","Chisinau","Moldova","EMEA","EMEA"
1221,"EMEA|EMEA|Mongolia|Ulaanbaatar|Ulan Bator","Ulan Bator","Ulaanbaatar","Mongolia","EMEA","EMEA"
1222,"EMEA|EMEA|Montenegro|Podgorica|Podgorica","Podgorica","Podgorica","Montenegro","EMEA","EMEA"
1223,"EMEA|EMEA|Poland|Greater Poland|Kalisz","Kalisz","Greater Poland","Poland","EMEA","EMEA"
1224,"EMEA|EMEA|Poland|Greater Poland|Pila","Pila","Greater Poland","Poland","EMEA","EMEA"
1225,"EMEA|EMEA|Poland|Greater Poland|Poznan","Poznan","Greater Poland","Poland","EMEA","EMEA"
1226,"EMEA|EMEA|Poland|Lodz|Lodz","Lodz","Lodz","Poland","EMEA","EMEA"
1227,"EMEA|EMEA|Poland|Lodz|Piotrkow Trybunalski","Piotrkow Trybunalski","Lodz","Poland","EMEA","EMEA"
1228,"EMEA|EMEA|Poland|Lublin|Lublin","Lublin","Lublin","Poland","EMEA","EMEA"
1229,"EMEA|EMEA|Poland|Lubusz|Gorzow Wielkopolski","Gorzow Wielkopolski","Lubusz","Poland","EMEA","EMEA"
1230,"EMEA|EMEA|Poland|Lubusz|Zielona Gora","Zielona Gora","Lubusz","Poland","EMEA","EMEA"
1231,"EMEA|EMEA|Poland|Masovia|Plock","Plock","Masovia","Poland","EMEA","EMEA"
1232,"EMEA|EMEA|Poland|Masovia|Radom","Radom","Masovia","Poland","EMEA","EMEA"
1233,"EMEA|EMEA|Poland|Masovia|Siedlce","Siedlce","Masovia","Poland","EMEA","EMEA"
1234,"EMEA|EMEA|Poland|Masovia|Warsaw","Warsaw","Masovia","Poland","EMEA","EMEA"
1235,"EMEA|EMEA|Poland|Opole|Nysa","Nysa","Opole","Poland","EMEA","EMEA"
1236,"EMEA|EMEA|Poland|Opole|Opole","Opole","Opole","Poland","EMEA","EMEA"
1237,"EMEA|EMEA|Poland|Podlaskie|Bialystok","Bialystok","Podlaskie","Poland","EMEA","EMEA"
1238,"EMEA|EMEA|Poland|Pomerania|Gdansk","Gdansk","Pomerania","Poland","EMEA","EMEA"
1239,"EMEA|EMEA|Poland|Pomerania|Gdynia","Gdynia","Pomerania","Poland","EMEA","EMEA"
1240,"EMEA|EMEA|Poland|Pomerania|Slupsk","Slupsk","Pomerania","Poland","EMEA","EMEA"
1241,"EMEA|EMEA|Poland|Silesia|Bielsko-Biala","Bielsko-Biala","Silesia","Poland","EMEA","EMEA"
1242,"EMEA|EMEA|Poland|Silesia|Bytom","Bytom","Silesia","Poland","EMEA","EMEA"
1243,"EMEA|EMEA|Poland|Silesia|Chorzow","Chorzow","Silesia","Poland","EMEA","EMEA"
1244,"EMEA|EMEA|Poland|Silesia|Czestochowa","Czestochowa","Silesia","Poland","EMEA","EMEA"
1245,"EMEA|EMEA|Poland|Silesia|Dabrowa Gornicza","Dabrowa Gornicza","Silesia","Poland","EMEA","EMEA"
1246,"EMEA|EMEA|Poland|Silesia|Gliwice","Gliwice","Silesia","Poland","EMEA","EMEA"
1247,"EMEA|EMEA|Poland|Silesia|Jastrzebie Zdroj","Jastrzebie Zdroj","Silesia","Poland","EMEA","EMEA"
1248,"EMEA|EMEA|Poland|Silesia|Jaworzno","Jaworzno","Silesia","Poland","EMEA","EMEA"
1249,"EMEA|EMEA|Poland|Silesia|Katowice","Katowice","Silesia","Poland","EMEA","EMEA"
1250,"EMEA|EMEA|Poland|Silesia|Myslowice","Myslowice","Silesia","Poland","EMEA","EMEA"
1251,"EMEA|EMEA|Poland|Silesia|Ruda Slaska","Ruda Slaska","Silesia","Poland","EMEA","EMEA"
1252,"EMEA|EMEA|Poland|Silesia|Rybnik","Rybnik","Silesia","Poland","EMEA","EMEA"
1253,"EMEA|EMEA|Poland|Silesia|Sosnowiec","Sosnowiec","Silesia","Poland","EMEA","EMEA"
1254,"EMEA|EMEA|Poland|Silesia|Tychy","Tychy","Silesia","Poland","EMEA","EMEA"
1255,"EMEA|EMEA|Poland|Silesia|Zabrze","Zabrze","Silesia","Poland","EMEA","EMEA"
1256,"EMEA|EMEA|Qatar|Ad Dawhah|Doha","Doha","Ad Dawhah","Qatar","EMEA","EMEA"
1257,"EMEA|EMEA|Romania|Arad|Arad","Arad","Arad","Romania","EMEA","EMEA"
1258,"EMEA|EMEA|Romania|Arges|Pitesti","Pitesti","Arges","Romania","EMEA","EMEA"
1259,"EMEA|EMEA|Romania|Bacau|Bacau","Bacau","Bacau","Romania","EMEA","EMEA"
1260,"EMEA|EMEA|Romania|Bihor|Oradea","Oradea","Bihor","Romania","EMEA","EMEA"
1261,"EMEA|EMEA|Romania|Bistrita-Nasaud|Bistrita","Bistrita","Bistrita-Nasaud","Romania","EMEA","EMEA"
1262,"EMEA|EMEA|Romania|Botosani|Botosani","Botosani","Botosani","Romania","EMEA","EMEA"
1263,"EMEA|EMEA|Romania|Braila|Braila","Braila","Braila","Romania","EMEA","EMEA"
1264,"EMEA|EMEA|Romania|Brasov|Brasov","Brasov","Brasov","Romania","EMEA","EMEA"
1265,"EMEA|EMEA|Romania|Buzau|Buzau","Buzau","Buzau","Romania","EMEA","EMEA"
1266,"EMEA|EMEA|Romania|Caras-Severin|Resita","Resita","Caras-Severin","Romania","EMEA","EMEA"
1267,"EMEA|EMEA|Romania|Cluj|Cluj-Napoca","Cluj-Napoca","Cluj","Romania","EMEA","EMEA"
1268,"EMEA|EMEA|Romania|Constanta|Constanta","Constanta","Constanta","Romania","EMEA","EMEA"
1269,"EMEA|EMEA|Romania|Dolj|Craiova","Craiova","Dolj","Romania","EMEA","EMEA"
1270,"EMEA|EMEA|Romania|Galati|Galati","Galati","Galati","Romania","EMEA","EMEA"
1271,"EMEA|EMEA|Romania|Giurgiu|Giurgiu","Giurgiu","Giurgiu","Romania","EMEA","EMEA"
1272,"EMEA|EMEA|Romania|Gorj|Targu Jiu","Targu Jiu","Gorj","Romania","EMEA","EMEA"
1273,"EMEA|EMEA|Romania|Hunedoara|Deva","Deva","Hunedoara","Romania","EMEA","EMEA"
1274,"EMEA|EMEA|Romania|Iasi|Iasi","Iasi","Iasi","Romania","EMEA","EMEA"
1275,"EMEA|EMEA|Romania|Maramures|Baia Mare","Baia Mare","Maramures","Romania","EMEA","EMEA"
1276,"EMEA|EMEA|Romania|Mehedinti|Drobeta-Turnu Severin","Drobeta-Turnu Severin","Mehedinti","Romania","EMEA","EMEA"
1277,"EMEA|EMEA|Romania|Mures|Targu Mures","Targu Mures","Mures","Romania","EMEA","EMEA"
1278,"EMEA|EMEA|Romania|Neamt|Piatra-Neamt","Piatra-Neamt","Neamt","Romania","EMEA","EMEA"
1279,"EMEA|EMEA|Romania|Neamt|Roman","Roman","Neamt","Romania","EMEA","EMEA"
1280,"EMEA|EMEA|Romania|Prahova|Ploiesti","Ploiesti","Prahova","Romania","EMEA","EMEA"
1281,"EMEA|EMEA|Romania|Satu Mare|Satu Mare","Satu Mare","Satu Mare","Romania","EMEA","EMEA"
1282,"EMEA|EMEA|Romania|Sibiu|Sibiu","Sibiu","Sibiu","Romania","EMEA","EMEA"
1283,"EMEA|EMEA|Romania|Suceava|Suceava","Suceava","Suceava","Romania","EMEA","EMEA"
1284,"EMEA|EMEA|Romania|Timis|Lugoj","Lugoj","Timis","Romania","EMEA","EMEA"
1285,"EMEA|EMEA|Romania|Timis|Timisoara","Timisoara","Timis","Romania","EMEA","EMEA"
1286,"EMEA|EMEA|Romania|Valcea|Ramnicu Valcea","Ramnicu Valcea","Valcea","Romania","EMEA","EMEA"
1287,"EMEA|EMEA|Romania|Vrancea|Focsani","Focsani","Vrancea","Romania","EMEA","EMEA"
1288,"EMEA|EMEA|Russia|Amur|Blagoveshchensk","Blagoveshchensk","Amur","Russia","EMEA","EMEA"
1289,"EMEA|EMEA|Russia|Arkhangel'sk|Arkhangelsk","Arkhangelsk","Arkhangel'sk","Russia","EMEA","EMEA"
1290,"EMEA|EMEA|Russia|Arkhangel'sk|Severodvinsk","Severodvinsk","Arkhangel'sk","Russia","EMEA","EMEA"
1291,"EMEA|EMEA|Russia|Astrakhan'|Astrakhan'","Astrakhan'","Astrakhan'","Russia","EMEA","EMEA"
1292,"EMEA|EMEA|Russia|Bashkortostan|Blagoveshchensk","Blagoveshchensk","Bashkortostan","Russia","EMEA","EMEA"
1293,"EMEA|EMEA|Russia|Bashkortostan|Oktyabr'skiy","Oktyabr'skiy","Bashkortostan","Russia","EMEA","EMEA"
1294,"EMEA|EMEA|Russia|Bashkortostan|Salavat","Salavat","Bashkortostan","Russia","EMEA","EMEA"
1295,"EMEA|EMEA|Russia|Bashkortostan|Sterlitamak","Sterlitamak","Bashkortostan","Russia","EMEA","EMEA"
1296,"EMEA|EMEA|Russia|Bashkortostan|Ufa","Ufa","Bashkortostan","Russia","EMEA","EMEA"
1297,"EMEA|EMEA|Russia|Belgorod|Belgorod","Belgorod","Belgorod","Russia","EMEA","EMEA"
1298,"EMEA|EMEA|Russia|Belgorod|Gubkin","Gubkin","Belgorod","Russia","EMEA","EMEA"
1299,"EMEA|EMEA|Russia|Bryansk|Bryansk","Bryansk","Bryansk","Russia","EMEA","EMEA"
1300,"EMEA|EMEA|Russia|Chelyabinsk|Chelyabinsk","Chelyabinsk","Chelyabinsk","Russia","EMEA","EMEA"
1301,"EMEA|EMEA|Russia|Chelyabinsk|Kopeysk","Kopeysk","Chelyabinsk","Russia","EMEA","EMEA"
1302,"EMEA|EMEA|Russia|Chelyabinsk|Magnitogorsk","Magnitogorsk","Chelyabinsk","Russia","EMEA","EMEA"
1303,"EMEA|EMEA|Russia|Chelyabinsk|Miass","Miass","Chelyabinsk","Russia","EMEA","EMEA"
1304,"EMEA|EMEA|Russia|Chelyabinsk|Zlatoust","Zlatoust","Chelyabinsk","Russia","EMEA","EMEA"
1305,"EMEA|EMEA|Russia|Dagestan|Derbent","Derbent","Dagestan","Russia","EMEA","EMEA"
1306,"EMEA|EMEA|Russia|Dagestan|Kaspiysk","Kaspiysk","Dagestan","Russia","EMEA","EMEA"
1307,"EMEA|EMEA|Russia|Dagestan|Khasavyurt","Khasavyurt","Dagestan","Russia","EMEA","EMEA"
1308,"EMEA|EMEA|Russia|Dagestan|Makhachkala","Makhachkala","Dagestan","Russia","EMEA","EMEA"
1309,"EMEA|EMEA|Russia|Irkutsk|Angarsk","Angarsk","Irkutsk","Russia","EMEA","EMEA"
1310,"EMEA|EMEA|Russia|Irkutsk|Bratsk","Bratsk","Irkutsk","Russia","EMEA","EMEA"
1311,"EMEA|EMEA|Russia|Irkutsk|Irkutsk","Irkutsk","Irkutsk","Russia","EMEA","EMEA"
1312,"EMEA|EMEA|Russia|Irkutsk|Usol'ye-Sibirskoye","Usol'ye-Sibirskoye","Irkutsk","Russia","EMEA","EMEA"
1313,"EMEA|EMEA|Russia|Ivanovo|Ivanovo","Ivanovo","Ivanovo","Russia","EMEA","EMEA"
1314,"EMEA|EMEA|Russia|Kabardino-Balkariya|Nal'chik","Nal'chik","Kabardino-Balkariya","Russia","EMEA","EMEA"
1315,"EMEA|EMEA|Russia|Kaliningrad|Kaliningrad","Kaliningrad","Kaliningrad","Russia","EMEA","EMEA"
1316,"EMEA|EMEA|Russia|Kaluga|Kaluga","Kaluga","Kaluga","Russia","EMEA","EMEA"
1317,"EMEA|EMEA|Russia|Kaluga|Obninsk","Obninsk","Kaluga","Russia","EMEA","EMEA"
1318,"EMEA|EMEA|Russia|Moscow|Kashira","Kashira","Moscow","Russia","EMEA","EMEA"
1319,"EMEA|EMEA|Russia|Novgorod|Pestovo","Pestovo","Novgorod","Russia","EMEA","EMEA"
1320,"EMEA|EMEA|Russia|Novosibirsk|Toguchin","Toguchin","Novosibirsk","Russia","EMEA","EMEA"
1321,"EMEA|EMEA|Russia|Stavropol'|Arzgir","Arzgir","Stavropol'","Russia","EMEA","EMEA"
1322,"EMEA|EMEA|Russia|Stavropol'|Budënnovsk","Budënnovsk","Stavropol'","Russia","EMEA","EMEA"
1323,"EMEA|EMEA|Russia|Tambov|Uvarovo","Uvarovo","Tambov","Russia","EMEA","EMEA"
1324,"EMEA|EMEA|Russia|Vladimir|Vladimir","Vladimir","Vladimir","Russia","EMEA","EMEA"
1325,"EMEA|EMEA|Russia|Voronezh|Voronezh","Voronezh","Voronezh","Russia","EMEA","EMEA"
1326,"EMEA|EMEA|Russia|Yaroslavl'|Rybinsk","Rybinsk","Yaroslavl'","Russia","EMEA","EMEA"
1327,"EMEA|EMEA|Russia|Yaroslavl'|Yaroslavl'","Yaroslavl'","Yaroslavl'","Russia","EMEA","EMEA"
1328,"EMEA|EMEA|Russia|Yevrey|Birobidzhan","Birobidzhan","Yevrey","Russia","EMEA","EMEA"
1329,"EMEA|EMEA|Saudi Arabia|'Asir|Abha","Abha","'Asir","Saudi Arabia","EMEA","EMEA"
1330,"EMEA|EMEA|Saudi Arabia|Al Jawf|Sakaka","Sakaka","Al Jawf","Saudi Arabia","EMEA","EMEA"
1331,"EMEA|EMEA|Saudi Arabia|Al Madinah|Medina","Medina","Al Madinah","Saudi Arabia","EMEA","EMEA"
1332,"EMEA|EMEA|Saudi Arabia|Al Madinah|Yanbu al Bahr","Yanbu al Bahr","Al Madinah","Saudi Arabia","EMEA","EMEA"
1333,"EMEA|EMEA|Saudi Arabia|Ar Riyad|Riyadh","Riyadh","Ar Riyad","Saudi Arabia","EMEA","EMEA"
1334,"EMEA|EMEA|Saudi Arabia|Ash Sharqiyah|Al Hufuf","Al Hufuf","Ash Sharqiyah","Saudi Arabia","EMEA","EMEA"
1335,"EMEA|EMEA|Saudi Arabia|Ash Sharqiyah|Al Mubarraz","Al Mubarraz","Ash Sharqiyah","Saudi Arabia","EMEA","EMEA"
1336,"EMEA|EMEA|Saudi Arabia|Jizan|Jizan","Jizan","Jizan","Saudi Arabia","EMEA","EMEA"
1337,"EMEA|EMEA|Saudi Arabia|Makkah|Jeddah","Jeddah","Makkah","Saudi Arabia","EMEA","EMEA"
1338,"EMEA|EMEA|Saudi Arabia|Makkah|Mecca","Mecca","Makkah","Saudi Arabia","EMEA","EMEA"
1339,"EMEA|EMEA|Saudi Arabia|Tabuk|Tabuk","Tabuk","Tabuk","Saudi Arabia","EMEA","EMEA"
1340,"EMEA|EMEA|Slovakia|Banská Bystrica|Banska Bystrica","Banska Bystrica","Banská Bystrica","Slovakia","EMEA","EMEA"
1341,"EMEA|EMEA|Slovakia|Nitra|Nitra","Nitra","Nitra","Slovakia","EMEA","EMEA"
1342,"EMEA|EMEA|Slovakia|Žilina|Zilina","Zilina","Žilina","Slovakia","EMEA","EMEA"
1343,"EMEA|EMEA|Slovenia|Ljubljana|Ljubljana","Ljubljana","Ljubljana","Slovenia","EMEA","EMEA"
1344,"EMEA|EMEA|Syria|Ar Raqqah|Ar Raqqah","Ar Raqqah","Ar Raqqah","Syria","EMEA","EMEA"
1345,"EMEA|EMEA|Syria|Dayr Az Zawr|Dayr az Zawr","Dayr az Zawr","Dayr Az Zawr","Syria","EMEA","EMEA"
1346,"EMEA|EMEA|Syria|Hims|Homs","Homs","Hims","Syria","EMEA","EMEA"
1347,"EMEA|EMEA|Tajikistan|Khatlon|Kulob","Kulob","Khatlon","Tajikistan","EMEA","EMEA"
1444,"EMEA|EMEA|Turkmenistan|Ashgabat|Ashgabat","Ashgabat","Ashgabat","Turkmenistan","EMEA","EMEA"
1445,"EMEA|EMEA|Turkmenistan|Lebap|Turkmenabat","Turkmenabat","Lebap","Turkmenistan","EMEA","EMEA"
1446,"EMEA|EMEA|Turkmenistan|Mary|Mary","Mary","Mary","Turkmenistan","EMEA","EMEA"
1447,"EMEA|EMEA|Ukraine|Cherkasy|Cherkasy","Cherkasy","Cherkasy","Ukraine","EMEA","EMEA"
1448,"EMEA|EMEA|Ukraine|Cherkasy|Uman'","Uman'","Cherkasy","Ukraine","EMEA","EMEA"
1449,"EMEA|EMEA|Ukraine|Chernihiv|Chernihiv","Chernihiv","Chernihiv","Ukraine","EMEA","EMEA"
1450,"EMEA|EMEA|Ukraine|Chernihiv|Nizhyn","Nizhyn","Chernihiv","Ukraine","EMEA","EMEA"
1451,"EMEA|EMEA|Ukraine|Dnipropetrovs'k|Dniprodzerzhyns'k","Dniprodzerzhyns'k","Dnipropetrovs'k","Ukraine","EMEA","EMEA"
1452,"EMEA|EMEA|Ukraine|Dnipropetrovs'k|Dnipropetrovs'k","Dnipropetrovs'k","Dnipropetrovs'k","Ukraine","EMEA","EMEA"
1453,"EMEA|EMEA|Ukraine|Dnipropetrovs'k|Kryvyy Rih","Kryvyy Rih","Dnipropetrovs'k","Ukraine","EMEA","EMEA"
1454,"EMEA|EMEA|Ukraine|Dnipropetrovs'k|Nikopol'","Nikopol'","Dnipropetrovs'k","Ukraine","EMEA","EMEA"
1455,"EMEA|EMEA|Ukraine|Donetsk|Donets'k","Donets'k","Donetsk","Ukraine","EMEA","EMEA"
1456,"EMEA|EMEA|Ukraine|Donetsk|Horlivka","Horlivka","Donetsk","Ukraine","EMEA","EMEA"
1457,"EMEA|EMEA|Ukraine|Donetsk|Kramators'k","Kramators'k","Donetsk","Ukraine","EMEA","EMEA"
1458,"EMEA|EMEA|Ukraine|Donetsk|Mariupol'","Mariupol'","Donetsk","Ukraine","EMEA","EMEA"
1459,"EMEA|EMEA|Ukraine|Ivano-Frankivsk|Ivano-Frankivs'k","Ivano-Frankivs'k","Ivano-Frankivsk","Ukraine","EMEA","EMEA"
1460,"EMEA|EMEA|Ukraine|Ivano-Frankivsk|Kalush","Kalush","Ivano-Frankivsk","Ukraine","EMEA","EMEA"
1461,"EMEA|EMEA|Ukraine|Kharkiv|Kharkiv","Kharkiv","Kharkiv","Ukraine","EMEA","EMEA"
1462,"EMEA|EMEA|Ukraine|Kherson|Kherson","Kherson","Kherson","Ukraine","EMEA","EMEA"
1463,"EMEA|EMEA|Ukraine|Khmel'nyts'kyy|Khmel'nyts'kyy","Khmel'nyts'kyy","Khmel'nyts'kyy","Ukraine","EMEA","EMEA"
1464,"EMEA|EMEA|Ukraine|Kirovohrad|Kirovohrad","Kirovohrad","Kirovohrad","Ukraine","EMEA","EMEA"
1465,"EMEA|EMEA|Ukraine|Kirovohrad|Oleksandriya","Oleksandriya","Kirovohrad","Ukraine","EMEA","EMEA"
1466,"EMEA|EMEA|Ukraine|L'viv|Drogobych","Drogobych","L'viv","Ukraine","EMEA","EMEA"
1467,"EMEA|EMEA|Ukraine|L'viv|L'viv","L'viv","L'viv","Ukraine","EMEA","EMEA"
1468,"EMEA|EMEA|Ukraine|Luhans'k|Krasnyy Luch","Krasnyy Luch","Luhans'k","Ukraine","EMEA","EMEA"
1469,"EMEA|EMEA|Ukraine|Luhans'k|Lisichansk","Lisichansk","Luhans'k","Ukraine","EMEA","EMEA"
1470,"EMEA|EMEA|Ukraine|Luhans'k|Luhans'k","Luhans'k","Luhans'k","Ukraine","EMEA","EMEA"
1471,"EMEA|EMEA|Ukraine|Luhans'k|Stakhanov","Stakhanov","Luhans'k","Ukraine","EMEA","EMEA"
1472,"EMEA|EMEA|Ukraine|Mykolayiv|Mykolayiv","Mykolayiv","Mykolayiv","Ukraine","EMEA","EMEA"
1473,"EMEA|EMEA|Ukraine|Poltava|Kremenchuk","Kremenchuk","Poltava","Ukraine","EMEA","EMEA"
1474,"EMEA|EMEA|Ukraine|Poltava|Poltava","Poltava","Poltava","Ukraine","EMEA","EMEA"
1475,"EMEA|EMEA|Ukraine|Rivne|Rivne","Rivne","Rivne","Ukraine","EMEA","EMEA"
1476,"EMEA|EMEA|Ukraine|Sevastopol'|Sevastopol","Sevastopol","Sevastopol'","Ukraine","EMEA","EMEA"
1477,"EMEA|EMEA|Ukraine|Sumy|Sumy","Sumy","Sumy","Ukraine","EMEA","EMEA"
1478,"EMEA|EMEA|Ukraine|Ternopil'|Ternopil'","Ternopil'","Ternopil'","Ukraine","EMEA","EMEA"
1479,"EMEA|EMEA|Ukraine|Vinnytsya|Vinnytsya","Vinnytsya","Vinnytsya","Ukraine","EMEA","EMEA"
1480,"EMEA|EMEA|Ukraine|Volyn|Luts'k","Luts'k","Volyn","Ukraine","EMEA","EMEA"
1481,"EMEA|EMEA|Ukraine|Zaporizhzhya|Berdyans'k","Berdyans'k","Zaporizhzhya","Ukraine","EMEA","EMEA"
1482,"EMEA|EMEA|Ukraine|Zaporizhzhya|Melitopol'","Melitopol'","Zaporizhzhya","Ukraine","EMEA","EMEA"
1483,"EMEA|EMEA|Ukraine|Zaporizhzhya|Zaporizhzhya","Zaporizhzhya","Zaporizhzhya","Ukraine","EMEA","EMEA"
1484,"EMEA|EMEA|Ukraine|Zhytomyr|Berdychiv","Berdychiv","Zhytomyr","Ukraine","EMEA","EMEA"
1485,"EMEA|EMEA|Ukraine|Zhytomyr|Zhytomyr","Zhytomyr","Zhytomyr","Ukraine","EMEA","EMEA"
1486,"EMEA|EMEA|United Arab Emirates|'Ajman|Ajman","Ajman","'Ajman","United Arab Emirates","EMEA","EMEA"
1487,"EMEA|EMEA|United Arab Emirates|Ra's Al Khaymah|Ras al Khaymah","Ras al Khaymah","Ra's Al Khaymah","United Arab Emirates","EMEA","EMEA"
1488,"EMEA|EMEA|Uzbekistan|Andijan|Andijon","Andijon","Andijan","Uzbekistan","EMEA","EMEA"
1489,"EMEA|EMEA|Uzbekistan|Jizzakh|Jizzakh","Jizzakh","Jizzakh","Uzbekistan","EMEA","EMEA"
1490,"EMEA|EMEA|Uzbekistan|Khorezm|Urganch","Urganch","Khorezm","Uzbekistan","EMEA","EMEA"
1491,"EMEA|EMEA|Uzbekistan|Namangan|Namangan","Namangan","Namangan","Uzbekistan","EMEA","EMEA"
1492,"EMEA|EMEA|Uzbekistan|Qashqadaryo|Qarshi","Qarshi","Qashqadaryo","Uzbekistan","EMEA","EMEA"
1493,"EMEA|EMEA|Uzbekistan|Surxondaryo|Termez","Termez","Surxondaryo","Uzbekistan","EMEA","EMEA"
1494,"EMEA|EMEA|Yemen|Al Hudaydah|Al Hudaydah","Al Hudaydah","Al Hudaydah","Yemen","EMEA","EMEA"
1495,"EMEA|EMEA|Yemen|Ibb|Ibb","Ibb","Ibb","Yemen","EMEA","EMEA"
1496,"EMEA|EMEA|Yemen|Ta'izz|Taizz","Taizz","Ta'izz","Yemen","EMEA","EMEA"
1348,"EMEA|EMEA|Turkey|Adana|Adana","Adana","Adana","Turkey","EMEA","EMEA"
1349,"EMEA|EMEA|Turkey|Adana|Ceyhan","Ceyhan","Adana","Turkey","EMEA","EMEA"
1350,"EMEA|EMEA|Turkey|Adana|Kozan","Kozan","Adana","Turkey","EMEA","EMEA"
1351,"EMEA|EMEA|Turkey|Adiyaman|Adiyaman","Adiyaman","Adiyaman","Turkey","EMEA","EMEA"
1352,"EMEA|EMEA|Turkey|Afyonkarahisar|Afyon","Afyon","Afyonkarahisar","Turkey","EMEA","EMEA"
1353,"EMEA|EMEA|Turkey|Aksaray|Aksaray","Aksaray","Aksaray","Turkey","EMEA","EMEA"
1354,"EMEA|EMEA|Turkey|Amasya|Amasya","Amasya","Amasya","Turkey","EMEA","EMEA"
1355,"EMEA|EMEA|Turkey|Ankara|Ankara","Ankara","Ankara","Turkey","EMEA","EMEA"
1356,"EMEA|EMEA|Turkey|Ankara|Cankaya","Cankaya","Ankara","Turkey","EMEA","EMEA"
1357,"EMEA|EMEA|Turkey|Ankara|Cubuk","Cubuk","Ankara","Turkey","EMEA","EMEA"
1358,"EMEA|EMEA|Turkey|Ankara|Etimesgut","Etimesgut","Ankara","Turkey","EMEA","EMEA"
1359,"EMEA|EMEA|Turkey|Ankara|Mamak","Mamak","Ankara","Turkey","EMEA","EMEA"
1360,"EMEA|EMEA|Turkey|Ankara|Polatli","Polatli","Ankara","Turkey","EMEA","EMEA"
1361,"EMEA|EMEA|Turkey|Ankara|Sincan","Sincan","Ankara","Turkey","EMEA","EMEA"
1362,"EMEA|EMEA|Turkey|Antalya|Alanya","Alanya","Antalya","Turkey","EMEA","EMEA"
1363,"EMEA|EMEA|Turkey|Antalya|Antalya","Antalya","Antalya","Turkey","EMEA","EMEA"
1364,"EMEA|EMEA|Turkey|Ardahan|Ardahan","Ardahan","Ardahan","Turkey","EMEA","EMEA"
1365,"EMEA|EMEA|Turkey|Aydin|Aydin","Aydin","Aydin","Turkey","EMEA","EMEA"
1366,"EMEA|EMEA|Turkey|Aydin|Nazilli","Nazilli","Aydin","Turkey","EMEA","EMEA"
1367,"EMEA|EMEA|Turkey|Balikesir|Balikesir","Balikesir","Balikesir","Turkey","EMEA","EMEA"
1368,"EMEA|EMEA|Turkey|Balikesir|Bandirma","Bandirma","Balikesir","Turkey","EMEA","EMEA"
1369,"EMEA|EMEA|Turkey|Batman|Batman","Batman","Batman","Turkey","EMEA","EMEA"
1370,"EMEA|EMEA|Turkey|Bingol|Bingol","Bingol","Bingol","Turkey","EMEA","EMEA"
1371,"EMEA|EMEA|Turkey|Bingol|Karliova","Karliova","Bingol","Turkey","EMEA","EMEA"
1372,"EMEA|EMEA|Turkey|Bolu|Bolu","Bolu","Bolu","Turkey","EMEA","EMEA"
1373,"EMEA|EMEA|Turkey|Bursa|Bursa","Bursa","Bursa","Turkey","EMEA","EMEA"
1374,"EMEA|EMEA|Turkey|Bursa|Inegol","Inegol","Bursa","Turkey","EMEA","EMEA"
1375,"EMEA|EMEA|Turkey|Canakkale|Canakkale","Canakkale","Canakkale","Turkey","EMEA","EMEA"
1376,"EMEA|EMEA|Turkey|Corum|Corum","Corum","Corum","Turkey","EMEA","EMEA"
1377,"EMEA|EMEA|Turkey|Denizli|Denizli","Denizli","Denizli","Turkey","EMEA","EMEA"
1378,"EMEA|EMEA|Turkey|Diyarbakir|Diyarbakir","Diyarbakir","Diyarbakir","Turkey","EMEA","EMEA"
1379,"EMEA|EMEA|Turkey|Edirne|Edirne","Edirne","Edirne","Turkey","EMEA","EMEA"
1380,"EMEA|EMEA|Turkey|Elazig|Elazig","Elazig","Elazig","Turkey","EMEA","EMEA"
1381,"EMEA|EMEA|Turkey|Erzurum|Erzurum","Erzurum","Erzurum","Turkey","EMEA","EMEA"
1382,"EMEA|EMEA|Turkey|Eskisehir|Eskisehir","Eskisehir","Eskisehir","Turkey","EMEA","EMEA"
1383,"EMEA|EMEA|Turkey|Gaziantep|Gaziantep","Gaziantep","Gaziantep","Turkey","EMEA","EMEA"
1384,"EMEA|EMEA|Turkey|Hatay|Antakya","Antakya","Hatay","Turkey","EMEA","EMEA"
1385,"EMEA|EMEA|Turkey|Hatay|Iskenderun","Iskenderun","Hatay","Turkey","EMEA","EMEA"
1386,"EMEA|EMEA|Turkey|Igdir|Igdir","Igdir","Igdir","Turkey","EMEA","EMEA"
1387,"EMEA|EMEA|Turkey|Isparta|Isparta","Isparta","Isparta","Turkey","EMEA","EMEA"
1388,"EMEA|EMEA|Turkey|Istanbul|Bagcilar","Bagcilar","Istanbul","Turkey","EMEA","EMEA"
1389,"EMEA|EMEA|Turkey|Istanbul|Beykoz","Beykoz","Istanbul","Turkey","EMEA","EMEA"
1390,"EMEA|EMEA|Turkey|Istanbul|Esenyurt","Esenyurt","Istanbul","Turkey","EMEA","EMEA"
1391,"EMEA|EMEA|Turkey|Istanbul|Istanbul","Istanbul","Istanbul","Turkey","EMEA","EMEA"
1392,"EMEA|EMEA|Turkey|Istanbul|Kartal","Kartal","Istanbul","Turkey","EMEA","EMEA"
1393,"EMEA|EMEA|Turkey|Istanbul|Maltepe","Maltepe","Istanbul","Turkey","EMEA","EMEA"
1394,"EMEA|EMEA|Turkey|Istanbul|Silivri","Silivri","Istanbul","Turkey","EMEA","EMEA"
1395,"EMEA|EMEA|Turkey|Istanbul|Umraniye","Umraniye","Istanbul","Turkey","EMEA","EMEA"
1396,"EMEA|EMEA|Turkey|Istanbul|Uskudar","Uskudar","Istanbul","Turkey","EMEA","EMEA"
1397,"EMEA|EMEA|Turkey|Izmir|Bornova","Bornova","Izmir","Turkey","EMEA","EMEA"
1398,"EMEA|EMEA|Turkey|Izmir|Buca","Buca","Izmir","Turkey","EMEA","EMEA"
1399,"EMEA|EMEA|Turkey|Izmir|Gaziemir","Gaziemir","Izmir","Turkey","EMEA","EMEA"
1400,"EMEA|EMEA|Turkey|Izmir|Izmir","Izmir","Izmir","Turkey","EMEA","EMEA"
1401,"EMEA|EMEA|Turkey|Izmir|Menemen","Menemen","Izmir","Turkey","EMEA","EMEA"
1402,"EMEA|EMEA|Turkey|Izmir|Torbali","Torbali","Izmir","Turkey","EMEA","EMEA"
1403,"EMEA|EMEA|Turkey|Kahramanmaras|Kahramanmaras","Kahramanmaras","Kahramanmaras","Turkey","EMEA","EMEA"
1404,"EMEA|EMEA|Turkey|Kars|Kars","Kars","Kars","Turkey","EMEA","EMEA"
1405,"EMEA|EMEA|Turkey|Kastamonu|Kastamonu","Kastamonu","Kastamonu","Turkey","EMEA","EMEA"
1406,"EMEA|EMEA|Turkey|Kayseri|Felahiye","Felahiye","Kayseri","Turkey","EMEA","EMEA"
1407,"EMEA|EMEA|Turkey|Kayseri|Kayseri","Kayseri","Kayseri","Turkey","EMEA","EMEA"
1408,"EMEA|EMEA|Turkey|Kilis|Kilis","Kilis","Kilis","Turkey","EMEA","EMEA"
1409,"EMEA|EMEA|Turkey|Kirsehir|Kirsehir","Kirsehir","Kirsehir","Turkey","EMEA","EMEA"
1410,"EMEA|EMEA|Turkey|Kocaeli|Gebze","Gebze","Kocaeli","Turkey","EMEA","EMEA"
1411,"EMEA|EMEA|Turkey|Kocaeli|Kocaeli","Kocaeli","Kocaeli","Turkey","EMEA","EMEA"
1412,"EMEA|EMEA|Turkey|Konya|Konya","Konya","Konya","Turkey","EMEA","EMEA"
1413,"EMEA|EMEA|Turkey|Kutahya|Kutahya","Kutahya","Kutahya","Turkey","EMEA","EMEA"
1414,"EMEA|EMEA|Turkey|Malatya|Malatya","Malatya","Malatya","Turkey","EMEA","EMEA"
1415,"EMEA|EMEA|Turkey|Manisa|Akhisar","Akhisar","Manisa","Turkey","EMEA","EMEA"
1416,"EMEA|EMEA|Turkey|Manisa|Manisa","Manisa","Manisa","Turkey","EMEA","EMEA"
1417,"EMEA|EMEA|Turkey|Manisa|Salihli","Salihli","Manisa","Turkey","EMEA","EMEA"
1418,"EMEA|EMEA|Turkey|Manisa|Soma","Soma","Manisa","Turkey","EMEA","EMEA"
1419,"EMEA|EMEA|Turkey|Manisa|Turgutlu","Turgutlu","Manisa","Turkey","EMEA","EMEA"
1420,"EMEA|EMEA|Turkey|Mardin|Kiziltepe","Kiziltepe","Mardin","Turkey","EMEA","EMEA"
1421,"EMEA|EMEA|Turkey|Mardin|Mardin","Mardin","Mardin","Turkey","EMEA","EMEA"
1422,"EMEA|EMEA|Turkey|Mardin|Midyat","Midyat","Mardin","Turkey","EMEA","EMEA"
1423,"EMEA|EMEA|Turkey|Mersin|Mersin","Mersin","Mersin","Turkey","EMEA","EMEA"
1424,"EMEA|EMEA|Turkey|Mersin|Mezitli","Mezitli","Mersin","Turkey","EMEA","EMEA"
1425,"EMEA|EMEA|Turkey|Mersin|Tarsus","Tarsus","Mersin","Turkey","EMEA","EMEA"
1426,"EMEA|EMEA|Turkey|Nevsehir|Nevsehir","Nevsehir","Nevsehir","Turkey","EMEA","EMEA"
1427,"EMEA|EMEA|Turkey|Ordu|Ordu","Ordu","Ordu","Turkey","EMEA","EMEA"
1428,"EMEA|EMEA|Turkey|Osmaniye|Osmaniye","Osmaniye","Osmaniye","Turkey","EMEA","EMEA"
1429,"EMEA|EMEA|Turkey|Samsun|Bafra","Bafra","Samsun","Turkey","EMEA","EMEA"
1430,"EMEA|EMEA|Turkey|Samsun|Samsun","Samsun","Samsun","Turkey","EMEA","EMEA"
1431,"EMEA|EMEA|Turkey|Sanliurfa|Sanliurfa","Sanliurfa","Sanliurfa","Turkey","EMEA","EMEA"
1432,"EMEA|EMEA|Turkey|Sanliurfa|Viransehir","Viransehir","Sanliurfa","Turkey","EMEA","EMEA"
1433,"EMEA|EMEA|Turkey|Siirt|Siirt","Siirt","Siirt","Turkey","EMEA","EMEA"
1434,"EMEA|EMEA|Turkey|Sirnak|Cizre","Cizre","Sirnak","Turkey","EMEA","EMEA"
1435,"EMEA|EMEA|Turkey|Sirnak|Silopi","Silopi","Sirnak","Turkey","EMEA","EMEA"
1436,"EMEA|EMEA|Turkey|Sivas|Sivas","Sivas","Sivas","Turkey","EMEA","EMEA"
1437,"EMEA|EMEA|Turkey|Tekirdag|Corlu","Corlu","Tekirdag","Turkey","EMEA","EMEA"
1438,"EMEA|EMEA|Turkey|Tekirdag|Tekirdag","Tekirdag","Tekirdag","Turkey","EMEA","EMEA"
1439,"EMEA|EMEA|Turkey|Tokat|Tokat","Tokat","Tokat","Turkey","EMEA","EMEA"
1440,"EMEA|EMEA|Turkey|Trabzon|Trabzon","Trabzon","Trabzon","Turkey","EMEA","EMEA"
1441,"EMEA|EMEA|Turkey|Usak|Usak","Usak","Usak","Turkey","EMEA","EMEA"
1442,"EMEA|EMEA|Turkey|Van|Van","Van","Van","Turkey","EMEA","EMEA"
1443,"EMEA|EMEA|Turkey|Yalova|Yalova","Yalova","Yalova","Turkey","EMEA","EMEA"
13,"APAC|Central Asia|India|Andhra Pradesh|Anantapur","Anantapur","Andhra Pradesh","India","Central Asia","APAC"
14,"APAC|Central Asia|India|Andhra Pradesh|Guntur","Guntur","Andhra Pradesh","India","Central Asia","APAC"
15,"APAC|Central Asia|India|Andhra Pradesh|Kakinada","Kakinada","Andhra Pradesh","India","Central Asia","APAC"
16,"APAC|Central Asia|India|Andhra Pradesh|Nellore","Nellore","Andhra Pradesh","India","Central Asia","APAC"
17,"APAC|Central Asia|India|Andhra Pradesh|Tirupati","Tirupati","Andhra Pradesh","India","Central Asia","APAC"
18,"APAC|Central Asia|India|Andhra Pradesh|Vijayawada","Vijayawada","Andhra Pradesh","India","Central Asia","APAC"
19,"APAC|Central Asia|India|Andhra Pradesh|Visakhapatnam","Visakhapatnam","Andhra Pradesh","India","Central Asia","APAC"
20,"APAC|Central Asia|India|Assam|Guwahati","Guwahati","Assam","India","Central Asia","APAC"
21,"APAC|Central Asia|India|Bihar|Aurangabad","Aurangabad","Bihar","India","Central Asia","APAC"
22,"APAC|Central Asia|India|Bihar|Bihar Sharif","Bihar Sharif","Bihar","India","Central Asia","APAC"
23,"APAC|Central Asia|India|Bihar|Darbhanga","Darbhanga","Bihar","India","Central Asia","APAC"
24,"APAC|Central Asia|India|Bihar|Gaya","Gaya","Bihar","India","Central Asia","APAC"
25,"APAC|Central Asia|India|Bihar|Muzaffarpur","Muzaffarpur","Bihar","India","Central Asia","APAC"
26,"APAC|Central Asia|India|Bihar|Patna","Patna","Bihar","India","Central Asia","APAC"
27,"APAC|Central Asia|India|Chandigarh|Chandigarh","Chandigarh","Chandigarh","India","Central Asia","APAC"
28,"APAC|Central Asia|India|Chhattisgarh|Bhilai","Bhilai","Chhattisgarh","India","Central Asia","APAC"
29,"APAC|Central Asia|India|Chhattisgarh|Durg","Durg","Chhattisgarh","India","Central Asia","APAC"
30,"APAC|Central Asia|India|Chhattisgarh|Korba","Korba","Chhattisgarh","India","Central Asia","APAC"
31,"APAC|Central Asia|India|Chhattisgarh|Kota","Kota","Chhattisgarh","India","Central Asia","APAC"
32,"APAC|Central Asia|India|Chhattisgarh|Raipur","Raipur","Chhattisgarh","India","Central Asia","APAC"
33,"APAC|Central Asia|India|Delhi|Delhi","Delhi","Delhi","India","Central Asia","APAC"
34,"APAC|Central Asia|India|Delhi|New Delhi","New Delhi","Delhi","India","Central Asia","APAC"
35,"APAC|Central Asia|India|Gujarat|Bhavnagar","Bhavnagar","Gujarat","India","Central Asia","APAC"
36,"APAC|Central Asia|India|Gujarat|Jamnagar","Jamnagar","Gujarat","India","Central Asia","APAC"
37,"APAC|Central Asia|India|Gujarat|Jodhpur","Jodhpur","Gujarat","India","Central Asia","APAC"
38,"APAC|Central Asia|India|Gujarat|Rajkot","Rajkot","Gujarat","India","Central Asia","APAC"
39,"APAC|Central Asia|India|Gujarat|Surat","Surat","Gujarat","India","Central Asia","APAC"
40,"APAC|Central Asia|India|Gujarat|Vadodara","Vadodara","Gujarat","India","Central Asia","APAC"
41,"APAC|Central Asia|India|Haryana|Faridabad","Faridabad","Haryana","India","Central Asia","APAC"
42,"APAC|Central Asia|India|Haryana|Gorakhpur","Gorakhpur","Haryana","India","Central Asia","APAC"
43,"APAC|Central Asia|India|Haryana|Hisar","Hisar","Haryana","India","Central Asia","APAC"
44,"APAC|Central Asia|India|Haryana|Karnal","Karnal","Haryana","India","Central Asia","APAC"
45,"APAC|Central Asia|India|Haryana|Panipat","Panipat","Haryana","India","Central Asia","APAC"
46,"APAC|Central Asia|India|Haryana|Rohtak","Rohtak","Haryana","India","Central Asia","APAC"
47,"APAC|Central Asia|India|Haryana|Sonipat","Sonipat","Haryana","India","Central Asia","APAC"
48,"APAC|Central Asia|India|Jammu and Kashmir|Jammu","Jammu","Jammu and Kashmir","India","Central Asia","APAC"
49,"APAC|Central Asia|India|Jammu and Kashmir|Srinagar","Srinagar","Jammu and Kashmir","India","Central Asia","APAC"
50,"APAC|Central Asia|India|Jharkhand|Bokaro","Bokaro","Jharkhand","India","Central Asia","APAC"
51,"APAC|Central Asia|India|Jharkhand|Jamshedpur","Jamshedpur","Jharkhand","India","Central Asia","APAC"
52,"APAC|Central Asia|India|Jharkhand|Ranchi","Ranchi","Jharkhand","India","Central Asia","APAC"
53,"APAC|Central Asia|India|Karnataka|Bangalore","Bangalore","Karnataka","India","Central Asia","APAC"
54,"APAC|Central Asia|India|Karnataka|Belgaum","Belgaum","Karnataka","India","Central Asia","APAC"
55,"APAC|Central Asia|India|Karnataka|Bellary","Bellary","Karnataka","India","Central Asia","APAC"
56,"APAC|Central Asia|India|Karnataka|Bijapur","Bijapur","Karnataka","India","Central Asia","APAC"
57,"APAC|Central Asia|India|Karnataka|Gulbarga","Gulbarga","Karnataka","India","Central Asia","APAC"
58,"APAC|Central Asia|India|Karnataka|Hubli","Hubli","Karnataka","India","Central Asia","APAC"
59,"APAC|Central Asia|India|Karnataka|Mangalore","Mangalore","Karnataka","India","Central Asia","APAC"
60,"APAC|Central Asia|India|Karnataka|Mysore","Mysore","Karnataka","India","Central Asia","APAC"
61,"APAC|Central Asia|India|Karnataka|Shimoga","Shimoga","Karnataka","India","Central Asia","APAC"
62,"APAC|Central Asia|India|Karnataka|Tumkur","Tumkur","Karnataka","India","Central Asia","APAC"
63,"APAC|Central Asia|India|Kerala|Kochi","Kochi","Kerala","India","Central Asia","APAC"
64,"APAC|Central Asia|India|Kerala|Kollam","Kollam","Kerala","India","Central Asia","APAC"
65,"APAC|Central Asia|India|Kerala|Kozhikode","Kozhikode","Kerala","India","Central Asia","APAC"
66,"APAC|Central Asia|India|Kerala|Thiruvananthapuram","Thiruvananthapuram","Kerala","India","Central Asia","APAC"
67,"APAC|Central Asia|India|Madhya Pradesh|Bhopal","Bhopal","Madhya Pradesh","India","Central Asia","APAC"
68,"APAC|Central Asia|India|Madhya Pradesh|Dewas","Dewas","Madhya Pradesh","India","Central Asia","APAC"
69,"APAC|Central Asia|India|Madhya Pradesh|Gwalior","Gwalior","Madhya Pradesh","India","Central Asia","APAC"
70,"APAC|Central Asia|India|Madhya Pradesh|Indore","Indore","Madhya Pradesh","India","Central Asia","APAC"
71,"APAC|Central Asia|India|Madhya Pradesh|Jabalpur","Jabalpur","Madhya Pradesh","India","Central Asia","APAC"
72,"APAC|Central Asia|India|Madhya Pradesh|Mau","Mau","Madhya Pradesh","India","Central Asia","APAC"
73,"APAC|Central Asia|India|Madhya Pradesh|Ratlam","Ratlam","Madhya Pradesh","India","Central Asia","APAC"
74,"APAC|Central Asia|India|Madhya Pradesh|Satna","Satna","Madhya Pradesh","India","Central Asia","APAC"
75,"APAC|Central Asia|India|Madhya Pradesh|Ujjain","Ujjain","Madhya Pradesh","India","Central Asia","APAC"
76,"APAC|Central Asia|India|Maharashtra|Akola","Akola","Maharashtra","India","Central Asia","APAC"
77,"APAC|Central Asia|India|Maharashtra|Amravati","Amravati","Maharashtra","India","Central Asia","APAC"
78,"APAC|Central Asia|India|Maharashtra|Aurangabad","Aurangabad","Maharashtra","India","Central Asia","APAC"
79,"APAC|Central Asia|India|Maharashtra|Bhiwandi","Bhiwandi","Maharashtra","India","Central Asia","APAC"
80,"APAC|Central Asia|India|Maharashtra|Dhule","Dhule","Maharashtra","India","Central Asia","APAC"
81,"APAC|Central Asia|India|Maharashtra|Durgapur","Durgapur","Maharashtra","India","Central Asia","APAC"
82,"APAC|Central Asia|India|Maharashtra|Ichalkaranji","Ichalkaranji","Maharashtra","India","Central Asia","APAC"
83,"APAC|Central Asia|India|Maharashtra|Jalna","Jalna","Maharashtra","India","Central Asia","APAC"
84,"APAC|Central Asia|India|Maharashtra|Kalyan","Kalyan","Maharashtra","India","Central Asia","APAC"
85,"APAC|Central Asia|India|Maharashtra|Kolhapur","Kolhapur","Maharashtra","India","Central Asia","APAC"
86,"APAC|Central Asia|India|Maharashtra|Latur","Latur","Maharashtra","India","Central Asia","APAC"
87,"APAC|Central Asia|India|Maharashtra|Malegaon","Malegaon","Maharashtra","India","Central Asia","APAC"
88,"APAC|Central Asia|India|Maharashtra|Mumbai","Mumbai","Maharashtra","India","Central Asia","APAC"
89,"APAC|Central Asia|India|Maharashtra|Nagpur","Nagpur","Maharashtra","India","Central Asia","APAC"
90,"APAC|Central Asia|India|Maharashtra|Nasik","Nasik","Maharashtra","India","Central Asia","APAC"
91,"APAC|Central Asia|India|Maharashtra|Parbhani","Parbhani","Maharashtra","India","Central Asia","APAC"
92,"APAC|Central Asia|India|Maharashtra|Pimpri","Pimpri","Maharashtra","India","Central Asia","APAC"
93,"APAC|Central Asia|India|Maharashtra|Pune","Pune","Maharashtra","India","Central Asia","APAC"
94,"APAC|Central Asia|India|Maharashtra|Sangli","Sangli","Maharashtra","India","Central Asia","APAC"
95,"APAC|Central Asia|India|Maharashtra|Solapur","Solapur","Maharashtra","India","Central Asia","APAC"
96,"APAC|Central Asia|India|Maharashtra|Thane","Thane","Maharashtra","India","Central Asia","APAC"
97,"APAC|Central Asia|India|Maharashtra|Ulhasnagar","Ulhasnagar","Maharashtra","India","Central Asia","APAC"
98,"APAC|Central Asia|India|Manipur|Imphal","Imphal","Manipur","India","Central Asia","APAC"
99,"APAC|Central Asia|India|Odisha|Bhubaneswar","Bhubaneswar","Odisha","India","Central Asia","APAC"
100,"APAC|Central Asia|India|Odisha|Brahmapur","Brahmapur","Odisha","India","Central Asia","APAC"
101,"APAC|Central Asia|India|Odisha|Cuttack","Cuttack","Odisha","India","Central Asia","APAC"
102,"APAC|Central Asia|India|Puducherry|Puducherry","Puducherry","Puducherry","India","Central Asia","APAC"
103,"APAC|Central Asia|India|Punjab|Amritsar","Amritsar","Punjab","India","Central Asia","APAC"
104,"APAC|Central Asia|India|Punjab|Bhatinda","Bhatinda","Punjab","India","Central Asia","APAC"
105,"APAC|Central Asia|India|Punjab|Ludhiana","Ludhiana","Punjab","India","Central Asia","APAC"
106,"APAC|Central Asia|India|Punjab|Patiala","Patiala","Punjab","India","Central Asia","APAC"
107,"APAC|Central Asia|India|Rajasthan|Ajmer","Ajmer","Rajasthan","India","Central Asia","APAC"
108,"APAC|Central Asia|India|Rajasthan|Bharatpur","Bharatpur","Rajasthan","India","Central Asia","APAC"
109,"APAC|Central Asia|India|Rajasthan|Bhilwara","Bhilwara","Rajasthan","India","Central Asia","APAC"
110,"APAC|Central Asia|India|Rajasthan|Bikaner","Bikaner","Rajasthan","India","Central Asia","APAC"
111,"APAC|Central Asia|India|Rajasthan|Fatehpur","Fatehpur","Rajasthan","India","Central Asia","APAC"
112,"APAC|Central Asia|India|Rajasthan|Ganganagar","Ganganagar","Rajasthan","India","Central Asia","APAC"
113,"APAC|Central Asia|India|Rajasthan|Jaipur","Jaipur","Rajasthan","India","Central Asia","APAC"
114,"APAC|Central Asia|India|Rajasthan|Jodhpur","Jodhpur","Rajasthan","India","Central Asia","APAC"
115,"APAC|Central Asia|India|Rajasthan|Kota","Kota","Rajasthan","India","Central Asia","APAC"
116,"APAC|Central Asia|India|Rajasthan|Raipur","Raipur","Rajasthan","India","Central Asia","APAC"
117,"APAC|Central Asia|India|Tamil Nadu|Ambattur","Ambattur","Tamil Nadu","India","Central Asia","APAC"
118,"APAC|Central Asia|India|Tamil Nadu|Avadi","Avadi","Tamil Nadu","India","Central Asia","APAC"
119,"APAC|Central Asia|India|Tamil Nadu|Chennai","Chennai","Tamil Nadu","India","Central Asia","APAC"
120,"APAC|Central Asia|India|Tamil Nadu|Coimbatore","Coimbatore","Tamil Nadu","India","Central Asia","APAC"
121,"APAC|Central Asia|India|Tamil Nadu|Madurai","Madurai","Tamil Nadu","India","Central Asia","APAC"
122,"APAC|Central Asia|India|Tamil Nadu|Nagercoil","Nagercoil","Tamil Nadu","India","Central Asia","APAC"
123,"APAC|Central Asia|India|Tamil Nadu|Salem","Salem","Tamil Nadu","India","Central Asia","APAC"
124,"APAC|Central Asia|India|Tamil Nadu|Thanjavur","Thanjavur","Tamil Nadu","India","Central Asia","APAC"
125,"APAC|Central Asia|India|Tamil Nadu|Tiruchchirappalli","Tiruchchirappalli","Tamil Nadu","India","Central Asia","APAC"
126,"APAC|Central Asia|India|Tamil Nadu|Tirunelveli","Tirunelveli","Tamil Nadu","India","Central Asia","APAC"
127,"APAC|Central Asia|India|Tamil Nadu|Tiruppur","Tiruppur","Tamil Nadu","India","Central Asia","APAC"
128,"APAC|Central Asia|India|Telangana|Hyderabad","Hyderabad","Telangana","India","Central Asia","APAC"
129,"APAC|Central Asia|India|Telangana|Karimnagar","Karimnagar","Telangana","India","Central Asia","APAC"
130,"APAC|Central Asia|India|Telangana|Kukatpalli","Kukatpalli","Telangana","India","Central Asia","APAC"
131,"APAC|Central Asia|India|Telangana|Nizamabad","Nizamabad","Telangana","India","Central Asia","APAC"
132,"APAC|Central Asia|India|Telangana|Warangal","Warangal","Telangana","India","Central Asia","APAC"
133,"APAC|Central Asia|India|Tripura|Udaipur","Udaipur","Tripura","India","Central Asia","APAC"
134,"APAC|Central Asia|India|Uttar Pradesh|Agra","Agra","Uttar Pradesh","India","Central Asia","APAC"
135,"APAC|Central Asia|India|Uttar Pradesh|Aligarh","Aligarh","Uttar Pradesh","India","Central Asia","APAC"
136,"APAC|Central Asia|India|Uttar Pradesh|Allahabad","Allahabad","Uttar Pradesh","India","Central Asia","APAC"
137,"APAC|Central Asia|India|Uttar Pradesh|Bareilly","Bareilly","Uttar Pradesh","India","Central Asia","APAC"
138,"APAC|Central Asia|India|Uttar Pradesh|Bilaspur","Bilaspur","Uttar Pradesh","India","Central Asia","APAC"
139,"APAC|Central Asia|India|Uttar Pradesh|Etawah","Etawah","Uttar Pradesh","India","Central Asia","APAC"
140,"APAC|Central Asia|India|Uttar Pradesh|Firozabad","Firozabad","Uttar Pradesh","India","Central Asia","APAC"
141,"APAC|Central Asia|India|Uttar Pradesh|Ghaziabad","Ghaziabad","Uttar Pradesh","India","Central Asia","APAC"
142,"APAC|Central Asia|India|Uttar Pradesh|Gorakhpur","Gorakhpur","Uttar Pradesh","India","Central Asia","APAC"
143,"APAC|Central Asia|India|Uttar Pradesh|Hapur","Hapur","Uttar Pradesh","India","Central Asia","APAC"
144,"APAC|Central Asia|India|Uttar Pradesh|Jhansi","Jhansi","Uttar Pradesh","India","Central Asia","APAC"
145,"APAC|Central Asia|India|Uttar Pradesh|Kanpur","Kanpur","Uttar Pradesh","India","Central Asia","APAC"
146,"APAC|Central Asia|India|Uttar Pradesh|Lucknow","Lucknow","Uttar Pradesh","India","Central Asia","APAC"
147,"APAC|Central Asia|India|Uttar Pradesh|Mathura","Mathura","Uttar Pradesh","India","Central Asia","APAC"
148,"APAC|Central Asia|India|Uttar Pradesh|Mau","Mau","Uttar Pradesh","India","Central Asia","APAC"
149,"APAC|Central Asia|India|Uttar Pradesh|Meerut","Meerut","Uttar Pradesh","India","Central Asia","APAC"
150,"APAC|Central Asia|India|Uttar Pradesh|Mirzapur","Mirzapur","Uttar Pradesh","India","Central Asia","APAC"
151,"APAC|Central Asia|India|Uttar Pradesh|Moradabad","Moradabad","Uttar Pradesh","India","Central Asia","APAC"
152,"APAC|Central Asia|India|Uttar Pradesh|Saharanpur","Saharanpur","Uttar Pradesh","India","Central Asia","APAC"
153,"APAC|Central Asia|India|Uttar Pradesh|Shahjahanpur","Shahjahanpur","Uttar Pradesh","India","Central Asia","APAC"
154,"APAC|Central Asia|India|Uttar Pradesh|Varanasi","Varanasi","Uttar Pradesh","India","Central Asia","APAC"
155,"APAC|Central Asia|India|Uttarakhand|Dehra Dun","Dehra Dun","Uttarakhand","India","Central Asia","APAC"
156,"APAC|Central Asia|India|Uttarakhand|Raipur","Raipur","Uttarakhand","India","Central Asia","APAC"
157,"APAC|Central Asia|India|Uttarakhand|Srinagar","Srinagar","Uttarakhand","India","Central Asia","APAC"
158,"APAC|Central Asia|India|West Bengal|Asansol","Asansol","West Bengal","India","Central Asia","APAC"
159,"APAC|Central Asia|India|West Bengal|Baranagar","Baranagar","West Bengal","India","Central Asia","APAC"
160,"APAC|Central Asia|India|West Bengal|Barasat","Barasat","West Bengal","India","Central Asia","APAC"
161,"APAC|Central Asia|India|West Bengal|Barddhaman","Barddhaman","West Bengal","India","Central Asia","APAC"
162,"APAC|Central Asia|India|West Bengal|Bhatpara","Bhatpara","West Bengal","India","Central Asia","APAC"
163,"APAC|Central Asia|India|West Bengal|Durgapur","Durgapur","West Bengal","India","Central Asia","APAC"
164,"APAC|Central Asia|India|West Bengal|Kamarhati","Kamarhati","West Bengal","India","Central Asia","APAC"
165,"APAC|Central Asia|India|West Bengal|Kulti","Kulti","West Bengal","India","Central Asia","APAC"
166,"APAC|Central Asia|India|West Bengal|Naihati","Naihati","West Bengal","India","Central Asia","APAC"
167,"APAC|Central Asia|India|West Bengal|Panihati","Panihati","West Bengal","India","Central Asia","APAC"
1,"APAC|Central Asia|Afghanistan|Hirat|Herat","Herat","Hirat","Afghanistan","Central Asia","APAC"
2,"APAC|Central Asia|Afghanistan|Kabul|Kabul","Kabul","Kabul","Afghanistan","Central Asia","APAC"
3,"APAC|Central Asia|Afghanistan|Kandahar|Kandahar","Kandahar","Kandahar","Afghanistan","Central Asia","APAC"
4,"APAC|Central Asia|Afghanistan|Nangarhar|Jalalabad","Jalalabad","Nangarhar","Afghanistan","Central Asia","APAC"
5,"APAC|Central Asia|Bangladesh|Chittagong|Chittagong","Chittagong","Chittagong","Bangladesh","Central Asia","APAC"
6,"APAC|Central Asia|Bangladesh|Chittagong|Cox’s Bāzār","Cox’s Bāzār","Chittagong","Bangladesh","Central Asia","APAC"
7,"APAC|Central Asia|Bangladesh|Dhaka|Dhaka","Dhaka","Dhaka","Bangladesh","Central Asia","APAC"
8,"APAC|Central Asia|Bangladesh|Dhaka|Narsingdi","Narsingdi","Dhaka","Bangladesh","Central Asia","APAC"
9,"APAC|Central Asia|Bangladesh|Dhaka|Tongi","Tongi","Dhaka","Bangladesh","Central Asia","APAC"
10,"APAC|Central Asia|Bangladesh|Khulna|Khulna","Khulna","Khulna","Bangladesh","Central Asia","APAC"
11,"APAC|Central Asia|Bangladesh|Rajshahi|Rajshahi","Rajshahi","Rajshahi","Bangladesh","Central Asia","APAC"
12,"APAC|Central Asia|Bangladesh|Sylhet|Sylhet","Sylhet","Sylhet","Bangladesh","Central Asia","APAC"
168,"APAC|Central Asia|Nepal|Central|Kathmandu","Kathmandu","Central","Nepal","Central Asia","APAC"
169,"APAC|Central Asia|Pakistan|Baluchistan|Quetta","Quetta","Baluchistan","Pakistan","Central Asia","APAC"
170,"APAC|Central Asia|Pakistan|F.C.T.|Islamabad","Islamabad","F.C.T.","Pakistan","Central Asia","APAC"
171,"APAC|Central Asia|Pakistan|Khyber Pakhtunkhwa|Mardan","Mardan","Khyber Pakhtunkhwa","Pakistan","Central Asia","APAC"
172,"APAC|Central Asia|Pakistan|Khyber Pakhtunkhwa|Peshawar","Peshawar","Khyber Pakhtunkhwa","Pakistan","Central Asia","APAC"
173,"APAC|Central Asia|Pakistan|Punjab|Bahawalpur","Bahawalpur","Punjab","Pakistan","Central Asia","APAC"
174,"APAC|Central Asia|Pakistan|Punjab|Gujranwala","Gujranwala","Punjab","Pakistan","Central Asia","APAC"
175,"APAC|Central Asia|Pakistan|Punjab|Gujrat","Gujrat","Punjab","Pakistan","Central Asia","APAC"
176,"APAC|Central Asia|Pakistan|Punjab|Lahore","Lahore","Punjab","Pakistan","Central Asia","APAC"
177,"APAC|Central Asia|Pakistan|Punjab|Multan","Multan","Punjab","Pakistan","Central Asia","APAC"
178,"APAC|Central Asia|Pakistan|Punjab|Rawalpindi","Rawalpindi","Punjab","Pakistan","Central Asia","APAC"
179,"APAC|Central Asia|Pakistan|Punjab|Sargodha","Sargodha","Punjab","Pakistan","Central Asia","APAC"
180,"APAC|Central Asia|Pakistan|Punjab|Sialkot","Sialkot","Punjab","Pakistan","Central Asia","APAC"
181,"APAC|Central Asia|Pakistan|Sindh|Hyderabad","Hyderabad","Sindh","Pakistan","Central Asia","APAC"
182,"APAC|Central Asia|Pakistan|Sindh|Sukkur","Sukkur","Sindh","Pakistan","Central Asia","APAC"
183,"APAC|Central Asia|Sri Lanka|Western|Colombo","Colombo","Western","Sri Lanka","Central Asia","APAC"
440,"APAC|North Asia|Hong Kong|Hong Kong|Kowloon","Kowloon","Hong Kong","Hong Kong","North Asia","APAC"
441,"APAC|North Asia|Japan|Aichi|Anjo","Anjo","Aichi","Japan","North Asia","APAC"
442,"APAC|North Asia|Japan|Aichi|Handa","Handa","Aichi","Japan","North Asia","APAC"
443,"APAC|North Asia|Japan|Aichi|Kasugai","Kasugai","Aichi","Japan","North Asia","APAC"
444,"APAC|North Asia|Japan|Aichi|Toyohashi","Toyohashi","Aichi","Japan","North Asia","APAC"
445,"APAC|North Asia|Japan|Aomori|Hachinohe","Hachinohe","Aomori","Japan","North Asia","APAC"
446,"APAC|North Asia|Japan|Chiba|Funabashi","Funabashi","Chiba","Japan","North Asia","APAC"
447,"APAC|North Asia|Japan|Chiba|Ichikawa","Ichikawa","Chiba","Japan","North Asia","APAC"
448,"APAC|North Asia|Japan|Chiba|Kawaguchi","Kawaguchi","Chiba","Japan","North Asia","APAC"
449,"APAC|North Asia|Japan|Chiba|Matsudo","Matsudo","Chiba","Japan","North Asia","APAC"
450,"APAC|North Asia|Japan|Chiba|Noda","Noda","Chiba","Japan","North Asia","APAC"
451,"APAC|North Asia|Japan|Fukui|Fukui","Fukui","Fukui","Japan","North Asia","APAC"
452,"APAC|North Asia|Japan|Fukuoka|Kawasaki","Kawasaki","Fukuoka","Japan","North Asia","APAC"
453,"APAC|North Asia|Japan|Gunma|Sakai","Sakai","Gunma","Japan","North Asia","APAC"
454,"APAC|North Asia|Japan|Gunma|Takasaki","Takasaki","Gunma","Japan","North Asia","APAC"
455,"APAC|North Asia|Japan|Hiroshima|Fukuyama","Fukuyama","Hiroshima","Japan","North Asia","APAC"
456,"APAC|North Asia|Japan|Hiroshima|Kure","Kure","Hiroshima","Japan","North Asia","APAC"
457,"APAC|North Asia|Japan|Hokkaido|Asahikawa","Asahikawa","Hokkaido","Japan","North Asia","APAC"
458,"APAC|North Asia|Japan|Hokkaido|Atsugacho","Atsugacho","Hokkaido","Japan","North Asia","APAC"
459,"APAC|North Asia|Japan|Hyogo|Amagasaki","Amagasaki","Hyogo","Japan","North Asia","APAC"
460,"APAC|North Asia|Japan|Hyogo|Himeji","Himeji","Hyogo","Japan","North Asia","APAC"
461,"APAC|North Asia|Japan|Hyogo|Kita-ku","Kita-ku","Hyogo","Japan","North Asia","APAC"
462,"APAC|North Asia|Japan|Hyogo|Nishinomiya","Nishinomiya","Hyogo","Japan","North Asia","APAC"
463,"APAC|North Asia|Japan|Ibaraki|Sakai","Sakai","Ibaraki","Japan","North Asia","APAC"
464,"APAC|North Asia|Japan|Ibaraki|Tsukuba","Tsukuba","Ibaraki","Japan","North Asia","APAC"
465,"APAC|North Asia|Japan|Ishikawa|Takamatsu","Takamatsu","Ishikawa","Japan","North Asia","APAC"
466,"APAC|North Asia|Japan|Kagawa|Takamatsu","Takamatsu","Kagawa","Japan","North Asia","APAC"
467,"APAC|North Asia|Japan|Kanagawa|Aoba-ku","Aoba-ku","Kanagawa","Japan","North Asia","APAC"
468,"APAC|North Asia|Japan|Kanagawa|Chigasaki","Chigasaki","Kanagawa","Japan","North Asia","APAC"
469,"APAC|North Asia|Japan|Kanagawa|Fujisawa","Fujisawa","Kanagawa","Japan","North Asia","APAC"
470,"APAC|North Asia|Japan|Kanagawa|Hiratsuka","Hiratsuka","Kanagawa","Japan","North Asia","APAC"
471,"APAC|North Asia|Japan|Kanagawa|Kawasaki","Kawasaki","Kanagawa","Japan","North Asia","APAC"
472,"APAC|North Asia|Japan|Kanagawa|Sagamihara","Sagamihara","Kanagawa","Japan","North Asia","APAC"
473,"APAC|North Asia|Japan|Mie|Yokkaichi","Yokkaichi","Mie","Japan","North Asia","APAC"
474,"APAC|North Asia|Japan|Nagano|Matsumoto","Matsumoto","Nagano","Japan","North Asia","APAC"
475,"APAC|North Asia|Japan|Nagano|Ueda","Ueda","Nagano","Japan","North Asia","APAC"
476,"APAC|North Asia|Japan|Nagasaki|Nagasaki","Nagasaki","Nagasaki","Japan","North Asia","APAC"
477,"APAC|North Asia|Japan|Oita|Matsubara","Matsubara","Oita","Japan","North Asia","APAC"
478,"APAC|North Asia|Japan|Oita|Yokkaichi","Yokkaichi","Oita","Japan","North Asia","APAC"
479,"APAC|North Asia|Japan|Okayama|Kurashiki","Kurashiki","Okayama","Japan","North Asia","APAC"
480,"APAC|North Asia|Japan|Osaka|Hirakata","Hirakata","Osaka","Japan","North Asia","APAC"
481,"APAC|North Asia|Japan|Osaka|Ibaraki","Ibaraki","Osaka","Japan","North Asia","APAC"
482,"APAC|North Asia|Japan|Osaka|Kita-ku","Kita-ku","Osaka","Japan","North Asia","APAC"
483,"APAC|North Asia|Japan|Osaka|Sakai","Sakai","Osaka","Japan","North Asia","APAC"
484,"APAC|North Asia|Japan|Osaka|Takatsuki","Takatsuki","Osaka","Japan","North Asia","APAC"
485,"APAC|North Asia|Japan|Osaka|Yao","Yao","Osaka","Japan","North Asia","APAC"
486,"APAC|North Asia|Japan|Saga|Saga","Saga","Saga","Japan","North Asia","APAC"
487,"APAC|North Asia|Japan|Saitama|Kawagoe","Kawagoe","Saitama","Japan","North Asia","APAC"
488,"APAC|North Asia|Japan|Saitama|Kawaguchi","Kawaguchi","Saitama","Japan","North Asia","APAC"
489,"APAC|North Asia|Japan|Saitama|Koshigaya","Koshigaya","Saitama","Japan","North Asia","APAC"
490,"APAC|North Asia|Japan|Shizuoka|Fuji","Fuji","Shizuoka","Japan","North Asia","APAC"
491,"APAC|North Asia|Japan|Shizuoka|Hamamatsu","Hamamatsu","Shizuoka","Japan","North Asia","APAC"
492,"APAC|North Asia|Japan|Shizuoka|Nagaoka","Nagaoka","Shizuoka","Japan","North Asia","APAC"
493,"APAC|North Asia|Japan|Tochigi|Oyama","Oyama","Tochigi","Japan","North Asia","APAC"
494,"APAC|North Asia|Japan|Tokyo|Edogawa-ku","Edogawa-ku","Tokyo","Japan","North Asia","APAC"
495,"APAC|North Asia|Japan|Tokyo|Katsushika-ku","Katsushika-ku","Tokyo","Japan","North Asia","APAC"
496,"APAC|North Asia|Japan|Tokyo|Tokyo","Tokyo","Tokyo","Japan","North Asia","APAC"
497,"APAC|North Asia|Japan|Tottori|Tottori","Tottori","Tottori","Japan","North Asia","APAC"
498,"APAC|North Asia|Japan|Yamaguchi|Shimonoseki","Shimonoseki","Yamaguchi","Japan","North Asia","APAC"
499,"APAC|North Asia|Japan|Yamaguchi|Ube","Ube","Yamaguchi","Japan","North Asia","APAC"
500,"APAC|North Asia|Mongolia|Ulaanbaatar|Ulan Bator","Ulan Bator","Ulaanbaatar","Mongolia","North Asia","APAC"
501,"APAC|North Asia|South Korea|Busan|Busan","Busan","Busan","South Korea","North Asia","APAC"
502,"APAC|North Asia|South Korea|Daegu|Daegu","Daegu","Daegu","South Korea","North Asia","APAC"
503,"APAC|North Asia|South Korea|Daejeon|Daejeon","Daejeon","Daejeon","South Korea","North Asia","APAC"
504,"APAC|North Asia|South Korea|Gangwon|Chuncheon","Chuncheon","Gangwon","South Korea","North Asia","APAC"
505,"APAC|North Asia|South Korea|Gyeonggi|Anyang","Anyang","Gyeonggi","South Korea","North Asia","APAC"
506,"APAC|North Asia|South Korea|Gyeonggi|Bucheon","Bucheon","Gyeonggi","South Korea","North Asia","APAC"
507,"APAC|North Asia|South Korea|Gyeonggi|Goyang","Goyang","Gyeonggi","South Korea","North Asia","APAC"
508,"APAC|North Asia|South Korea|Gyeonggi|Kwangju","Kwangju","Gyeonggi","South Korea","North Asia","APAC"
509,"APAC|North Asia|South Korea|Gyeonggi|Suwon","Suwon","Gyeonggi","South Korea","North Asia","APAC"
510,"APAC|North Asia|South Korea|Gyeongsangnam|Changwon","Changwon","Gyeongsangnam","South Korea","North Asia","APAC"
511,"APAC|North Asia|South Korea|Jeju|Aewŏl-li","Aewŏl-li","Jeju","South Korea","North Asia","APAC"
512,"APAC|North Asia|South Korea|Seoul|Seoul","Seoul","Seoul","South Korea","North Asia","APAC"
513,"APAC|North Asia|South Korea|South Chungcheong|Cheonan","Cheonan","South Chungcheong","South Korea","North Asia","APAC"
514,"APAC|North Asia|South Korea|Ulsan|Ulsan","Ulsan","Ulsan","South Korea","North Asia","APAC"
515,"APAC|North Asia|Taiwan|Taipei City|Taipei","Taipei","Taipei City","Taiwan","North Asia","APAC"
516,"APAC|Oceania|Australia|Australian Capital Territory|Canberra","Canberra","Australian Capital Territory","Australia","Oceania","APAC"
517,"APAC|Oceania|Australia|New South Wales|Albury","Albury","New South Wales","Australia","Oceania","APAC"
518,"APAC|Oceania|Australia|New South Wales|Armidale","Armidale","New South Wales","Australia","Oceania","APAC"
519,"APAC|Oceania|Australia|New South Wales|Broken Hill","Broken Hill","New South Wales","Australia","Oceania","APAC"
520,"APAC|Oceania|Australia|New South Wales|Cessnock","Cessnock","New South Wales","Australia","Oceania","APAC"
521,"APAC|Oceania|Australia|New South Wales|Coffs Harbour","Coffs Harbour","New South Wales","Australia","Oceania","APAC"
522,"APAC|Oceania|Australia|New South Wales|Dubbo","Dubbo","New South Wales","Australia","Oceania","APAC"
523,"APAC|Oceania|Australia|New South Wales|Forster","Forster","New South Wales","Australia","Oceania","APAC"
524,"APAC|Oceania|Australia|New South Wales|Goulburn","Goulburn","New South Wales","Australia","Oceania","APAC"
525,"APAC|Oceania|Australia|New South Wales|Griffith","Griffith","New South Wales","Australia","Oceania","APAC"
526,"APAC|Oceania|Australia|New South Wales|Katoomba","Katoomba","New South Wales","Australia","Oceania","APAC"
527,"APAC|Oceania|Australia|New South Wales|Lismore","Lismore","New South Wales","Australia","Oceania","APAC"
528,"APAC|Oceania|Australia|New South Wales|Newcastle","Newcastle","New South Wales","Australia","Oceania","APAC"
529,"APAC|Oceania|Australia|New South Wales|Nowra","Nowra","New South Wales","Australia","Oceania","APAC"
530,"APAC|Oceania|Australia|New South Wales|Orange","Orange","New South Wales","Australia","Oceania","APAC"
531,"APAC|Oceania|Australia|New South Wales|Port Macquarie","Port Macquarie","New South Wales","Australia","Oceania","APAC"
532,"APAC|Oceania|Australia|New South Wales|Queanbeyan","Queanbeyan","New South Wales","Australia","Oceania","APAC"
533,"APAC|Oceania|Australia|New South Wales|Sydney","Sydney","New South Wales","Australia","Oceania","APAC"
534,"APAC|Oceania|Australia|New South Wales|Tamworth","Tamworth","New South Wales","Australia","Oceania","APAC"
535,"APAC|Oceania|Australia|New South Wales|Wagga Wagga","Wagga Wagga","New South Wales","Australia","Oceania","APAC"
536,"APAC|Oceania|Australia|New South Wales|Wollongong","Wollongong","New South Wales","Australia","Oceania","APAC"
537,"APAC|Oceania|Australia|Northern Territory|Alice Springs","Alice Springs","Northern Territory","Australia","Oceania","APAC"
538,"APAC|Oceania|Australia|Northern Territory|Darwin","Darwin","Northern Territory","Australia","Oceania","APAC"
539,"APAC|Oceania|Australia|Northern Territory|Palmerston","Palmerston","Northern Territory","Australia","Oceania","APAC"
540,"APAC|Oceania|Australia|Queensland|Brisbane","Brisbane","Queensland","Australia","Oceania","APAC"
541,"APAC|Oceania|Australia|Queensland|Bundaberg","Bundaberg","Queensland","Australia","Oceania","APAC"
542,"APAC|Oceania|Australia|Queensland|Cairns","Cairns","Queensland","Australia","Oceania","APAC"
543,"APAC|Oceania|Australia|Queensland|Caloundra","Caloundra","Queensland","Australia","Oceania","APAC"
544,"APAC|Oceania|Australia|Queensland|Gladstone","Gladstone","Queensland","Australia","Oceania","APAC"
545,"APAC|Oceania|Australia|Queensland|Gold Coast","Gold Coast","Queensland","Australia","Oceania","APAC"
546,"APAC|Oceania|Australia|Queensland|Mackay","Mackay","Queensland","Australia","Oceania","APAC"
547,"APAC|Oceania|Australia|Queensland|Maryborough","Maryborough","Queensland","Australia","Oceania","APAC"
548,"APAC|Oceania|Australia|Queensland|Mount Isa","Mount Isa","Queensland","Australia","Oceania","APAC"
549,"APAC|Oceania|Australia|Queensland|Rockhampton","Rockhampton","Queensland","Australia","Oceania","APAC"
550,"APAC|Oceania|Australia|Queensland|Toowoomba","Toowoomba","Queensland","Australia","Oceania","APAC"
551,"APAC|Oceania|Australia|Queensland|Torquay","Torquay","Queensland","Australia","Oceania","APAC"
552,"APAC|Oceania|Australia|Queensland|Townsville","Townsville","Queensland","Australia","Oceania","APAC"
553,"APAC|Oceania|Australia|South Australia|Adelaide","Adelaide","South Australia","Australia","Oceania","APAC"
554,"APAC|Oceania|Australia|South Australia|Gawler","Gawler","South Australia","Australia","Oceania","APAC"
555,"APAC|Oceania|Australia|South Australia|Mount Gambier","Mount Gambier","South Australia","Australia","Oceania","APAC"
556,"APAC|Oceania|Australia|South Australia|Murray Bridge","Murray Bridge","South Australia","Australia","Oceania","APAC"
557,"APAC|Oceania|Australia|South Australia|Whyalla","Whyalla","South Australia","Australia","Oceania","APAC"
558,"APAC|Oceania|Australia|Tasmania|Burnie","Burnie","Tasmania","Australia","Oceania","APAC"
559,"APAC|Oceania|Australia|Tasmania|Devonport","Devonport","Tasmania","Australia","Oceania","APAC"
560,"APAC|Oceania|Australia|Tasmania|Hobart","Hobart","Tasmania","Australia","Oceania","APAC"
561,"APAC|Oceania|Australia|Tasmania|Launceston","Launceston","Tasmania","Australia","Oceania","APAC"
562,"APAC|Oceania|Australia|Victoria|Ballarat","Ballarat","Victoria","Australia","Oceania","APAC"
563,"APAC|Oceania|Australia|Victoria|Bendigo","Bendigo","Victoria","Australia","Oceania","APAC"
564,"APAC|Oceania|Australia|Victoria|Echuca","Echuca","Victoria","Australia","Oceania","APAC"
565,"APAC|Oceania|Australia|Victoria|Geelong","Geelong","Victoria","Australia","Oceania","APAC"
566,"APAC|Oceania|Australia|Victoria|Melbourne","Melbourne","Victoria","Australia","Oceania","APAC"
567,"APAC|Oceania|Australia|Victoria|Melton","Melton","Victoria","Australia","Oceania","APAC"
568,"APAC|Oceania|Australia|Victoria|Mildura","Mildura","Victoria","Australia","Oceania","APAC"
569,"APAC|Oceania|Australia|Victoria|Sunbury","Sunbury","Victoria","Australia","Oceania","APAC"
570,"APAC|Oceania|Australia|Victoria|Traralgon","Traralgon","Victoria","Australia","Oceania","APAC"
571,"APAC|Oceania|Australia|Victoria|Warrnambool","Warrnambool","Victoria","Australia","Oceania","APAC"
572,"APAC|Oceania|Australia|Victoria|Wodonga","Wodonga","Victoria","Australia","Oceania","APAC"
573,"APAC|Oceania|Australia|Western Australia|Albany","Albany","Western Australia","Australia","Oceania","APAC"
574,"APAC|Oceania|Australia|Western Australia|Bunbury","Bunbury","Western Australia","Australia","Oceania","APAC"
575,"APAC|Oceania|Australia|Western Australia|Geraldton","Geraldton","Western Australia","Australia","Oceania","APAC"
576,"APAC|Oceania|Australia|Western Australia|Kwinana","Kwinana","Western Australia","Australia","Oceania","APAC"
577,"APAC|Oceania|Australia|Western Australia|Mandurah","Mandurah","Western Australia","Australia","Oceania","APAC"
578,"APAC|Oceania|Australia|Western Australia|Perth","Perth","Western Australia","Australia","Oceania","APAC"
579,"APAC|Oceania|New Zealand|Auckland|Auckland","Auckland","Auckland","New Zealand","Oceania","APAC"
580,"APAC|Oceania|New Zealand|Auckland|Manukau City","Manukau City","Auckland","New Zealand","Oceania","APAC"
581,"APAC|Oceania|New Zealand|Auckland|Papakura","Papakura","Auckland","New Zealand","Oceania","APAC"
582,"APAC|Oceania|New Zealand|Auckland|Waitakere","Waitakere","Auckland","New Zealand","Oceania","APAC"
583,"APAC|Oceania|New Zealand|Bay of Plenty|Rotorua","Rotorua","Bay of Plenty","New Zealand","Oceania","APAC"
584,"APAC|Oceania|New Zealand|Bay of Plenty|Tauranga","Tauranga","Bay of Plenty","New Zealand","Oceania","APAC"
585,"APAC|Oceania|New Zealand|Bay of Plenty|Whakatane","Whakatane","Bay of Plenty","New Zealand","Oceania","APAC"
586,"APAC|Oceania|New Zealand|Canterbury|Christchurch","Christchurch","Canterbury","New Zealand","Oceania","APAC"
587,"APAC|Oceania|New Zealand|Canterbury|Timaru","Timaru","Canterbury","New Zealand","Oceania","APAC"
588,"APAC|Oceania|New Zealand|Gisborne|Gisborne","Gisborne","Gisborne","New Zealand","Oceania","APAC"
589,"APAC|Oceania|New Zealand|Hawke's Bay|Hastings","Hastings","Hawke's Bay","New Zealand","Oceania","APAC"
590,"APAC|Oceania|New Zealand|Hawke's Bay|Napier","Napier","Hawke's Bay","New Zealand","Oceania","APAC"
591,"APAC|Oceania|New Zealand|Manawatu-Wanganui|Levin","Levin","Manawatu-Wanganui","New Zealand","Oceania","APAC"
592,"APAC|Oceania|New Zealand|Manawatu-Wanganui|Palmerston North","Palmerston North","Manawatu-Wanganui","New Zealand","Oceania","APAC"
593,"APAC|Oceania|New Zealand|Marlborough|Blenheim","Blenheim","Marlborough","New Zealand","Oceania","APAC"
594,"APAC|Oceania|New Zealand|Nelson|Nelson","Nelson","Nelson","New Zealand","Oceania","APAC"
595,"APAC|Oceania|New Zealand|Northland|Whangarei","Whangarei","Northland","New Zealand","Oceania","APAC"
596,"APAC|Oceania|New Zealand|Otago|Dunedin","Dunedin","Otago","New Zealand","Oceania","APAC"
597,"APAC|Oceania|New Zealand|Southland|Invercargill","Invercargill","Southland","New Zealand","Oceania","APAC"
598,"APAC|Oceania|New Zealand|Taranaki|New Plymouth","New Plymouth","Taranaki","New Zealand","Oceania","APAC"
599,"APAC|Oceania|New Zealand|Waikato|Cambridge","Cambridge","Waikato","New Zealand","Oceania","APAC"
600,"APAC|Oceania|New Zealand|Waikato|Hamilton","Hamilton","Waikato","New Zealand","Oceania","APAC"
601,"APAC|Oceania|New Zealand|Waikato|Taupo","Taupo","Waikato","New Zealand","Oceania","APAC"
602,"APAC|Oceania|New Zealand|Wellington|Lower Hutt","Lower Hutt","Wellington","New Zealand","Oceania","APAC"
603,"APAC|Oceania|New Zealand|Wellington|Masterton","Masterton","Wellington","New Zealand","Oceania","APAC"
604,"APAC|Oceania|New Zealand|Wellington|Paraparaumu","Paraparaumu","Wellington","New Zealand","Oceania","APAC"
605,"APAC|Oceania|New Zealand|Wellington|Porirua","Porirua","Wellington","New Zealand","Oceania","APAC"
606,"APAC|Oceania|New Zealand|Wellington|Upper Hutt","Upper Hutt","Wellington","New Zealand","Oceania","APAC"
607,"APAC|Oceania|New Zealand|Wellington|Wellington","Wellington","Wellington","New Zealand","Oceania","APAC"
608,"APAC|Oceania|Papua New Guinea|National Capital|Port Moresby","Port Moresby","National Capital","Papua New Guinea","Oceania","APAC"
609,"APAC|Southeast Asia|Cambodia|Phnom Penh|Phnom Penh","Phnom Penh","Phnom Penh","Cambodia","Southeast Asia","APAC"
610,"APAC|Southeast Asia|Indonesia|Aceh|Banda Aceh","Banda Aceh","Aceh","Indonesia","Southeast Asia","APAC"
611,"APAC|Southeast Asia|Indonesia|Bali|Denpasar","Denpasar","Bali","Indonesia","Southeast Asia","APAC"
612,"APAC|Southeast Asia|Indonesia|Bengkulu|Bengkulu","Bengkulu","Bengkulu","Indonesia","Southeast Asia","APAC"
613,"APAC|Southeast Asia|Indonesia|Jakarta|Jakarta","Jakarta","Jakarta","Indonesia","Southeast Asia","APAC"
614,"APAC|Southeast Asia|Indonesia|Jambi|Jambi","Jambi","Jambi","Indonesia","Southeast Asia","APAC"
615,"APAC|Southeast Asia|Indonesia|Jawa Barat|Bandung","Bandung","Jawa Barat","Indonesia","Southeast Asia","APAC"
616,"APAC|Southeast Asia|Indonesia|Jawa Barat|Bekasi","Bekasi","Jawa Barat","Indonesia","Southeast Asia","APAC"
617,"APAC|Southeast Asia|Indonesia|Jawa Barat|Bogor","Bogor","Jawa Barat","Indonesia","Southeast Asia","APAC"
618,"APAC|Southeast Asia|Indonesia|Jawa Barat|Cirebon","Cirebon","Jawa Barat","Indonesia","Southeast Asia","APAC"
619,"APAC|Southeast Asia|Indonesia|Jawa Barat|Depok","Depok","Jawa Barat","Indonesia","Southeast Asia","APAC"
620,"APAC|Southeast Asia|Indonesia|Jawa Barat|Sukabumi","Sukabumi","Jawa Barat","Indonesia","Southeast Asia","APAC"
621,"APAC|Southeast Asia|Indonesia|Jawa Barat|Tangerang","Tangerang","Jawa Barat","Indonesia","Southeast Asia","APAC"
622,"APAC|Southeast Asia|Indonesia|Jawa Barat|Tasikmalaya","Tasikmalaya","Jawa Barat","Indonesia","Southeast Asia","APAC"
623,"APAC|Southeast Asia|Indonesia|Jawa Tengah|Pekalongan","Pekalongan","Jawa Tengah","Indonesia","Southeast Asia","APAC"
624,"APAC|Southeast Asia|Indonesia|Jawa Tengah|Purwokerto","Purwokerto","Jawa Tengah","Indonesia","Southeast Asia","APAC"
625,"APAC|Southeast Asia|Indonesia|Jawa Tengah|Semarang","Semarang","Jawa Tengah","Indonesia","Southeast Asia","APAC"
626,"APAC|Southeast Asia|Indonesia|Jawa Tengah|Surakarta","Surakarta","Jawa Tengah","Indonesia","Southeast Asia","APAC"
627,"APAC|Southeast Asia|Indonesia|Jawa Tengah|Tegal","Tegal","Jawa Tengah","Indonesia","Southeast Asia","APAC"
628,"APAC|Southeast Asia|Indonesia|Jawa Timur|Jember","Jember","Jawa Timur","Indonesia","Southeast Asia","APAC"
629,"APAC|Southeast Asia|Indonesia|Jawa Timur|Kediri","Kediri","Jawa Timur","Indonesia","Southeast Asia","APAC"
630,"APAC|Southeast Asia|Indonesia|Jawa Timur|Malang","Malang","Jawa Timur","Indonesia","Southeast Asia","APAC"
631,"APAC|Southeast Asia|Indonesia|Jawa Timur|Probolinggo","Probolinggo","Jawa Timur","Indonesia","Southeast Asia","APAC"
632,"APAC|Southeast Asia|Indonesia|Jawa Timur|Surabaya","Surabaya","Jawa Timur","Indonesia","Southeast Asia","APAC"
633,"APAC|Southeast Asia|Indonesia|Kalimantan Barat|Pontianak","Pontianak","Kalimantan Barat","Indonesia","Southeast Asia","APAC"
634,"APAC|Southeast Asia|Indonesia|Kalimantan Selatan|Banjarmasin","Banjarmasin","Kalimantan Selatan","Indonesia","Southeast Asia","APAC"
635,"APAC|Southeast Asia|Indonesia|Kalimantan Timur|Balikpapan","Balikpapan","Kalimantan Timur","Indonesia","Southeast Asia","APAC"
636,"APAC|Southeast Asia|Indonesia|Kalimantan Timur|Samarinda","Samarinda","Kalimantan Timur","Indonesia","Southeast Asia","APAC"
637,"APAC|Southeast Asia|Indonesia|Maluku|Ambon","Ambon","Maluku","Indonesia","Southeast Asia","APAC"
638,"APAC|Southeast Asia|Indonesia|Nusa Tenggara Barat|Mataram","Mataram","Nusa Tenggara Barat","Indonesia","Southeast Asia","APAC"
639,"APAC|Southeast Asia|Indonesia|Nusa Tenggara Timur|Kupang","Kupang","Nusa Tenggara Timur","Indonesia","Southeast Asia","APAC"
640,"APAC|Southeast Asia|Indonesia|Papua|Jayapura","Jayapura","Papua","Indonesia","Southeast Asia","APAC"
641,"APAC|Southeast Asia|Indonesia|Riau|Dumai","Dumai","Riau","Indonesia","Southeast Asia","APAC"
642,"APAC|Southeast Asia|Indonesia|Riau|Pekanbaru","Pekanbaru","Riau","Indonesia","Southeast Asia","APAC"
643,"APAC|Southeast Asia|Indonesia|Sulawesi Tengah|Palu","Palu","Sulawesi Tengah","Indonesia","Southeast Asia","APAC"
644,"APAC|Southeast Asia|Indonesia|Sulawesi Tenggara|Kendari","Kendari","Sulawesi Tenggara","Indonesia","Southeast Asia","APAC"
645,"APAC|Southeast Asia|Indonesia|Sulawesi Utara|Manado","Manado","Sulawesi Utara","Indonesia","Southeast Asia","APAC"
646,"APAC|Southeast Asia|Indonesia|Sumatera Barat|Padang","Padang","Sumatera Barat","Indonesia","Southeast Asia","APAC"
647,"APAC|Southeast Asia|Indonesia|Sumatera Selatan|Palembang","Palembang","Sumatera Selatan","Indonesia","Southeast Asia","APAC"
648,"APAC|Southeast Asia|Indonesia|Sumatera Utara|Binjai","Binjai","Sumatera Utara","Indonesia","Southeast Asia","APAC"
649,"APAC|Southeast Asia|Indonesia|Sumatera Utara|Medan","Medan","Sumatera Utara","Indonesia","Southeast Asia","APAC"
650,"APAC|Southeast Asia|Indonesia|Sumatera Utara|Pematangsiantar","Pematangsiantar","Sumatera Utara","Indonesia","Southeast Asia","APAC"
651,"APAC|Southeast Asia|Indonesia|Yogyakarta|Depok","Depok","Yogyakarta","Indonesia","Southeast Asia","APAC"
652,"APAC|Southeast Asia|Indonesia|Yogyakarta|Yogyakarta","Yogyakarta","Yogyakarta","Indonesia","Southeast Asia","APAC"
653,"APAC|Southeast Asia|Malaysia|Kuala Lumpur|Kuala Lumpur","Kuala Lumpur","Kuala Lumpur","Malaysia","Southeast Asia","APAC"
654,"APAC|Southeast Asia|Malaysia|Negeri Sembilan|Seremban","Seremban","Negeri Sembilan","Malaysia","Southeast Asia","APAC"
655,"APAC|Southeast Asia|Malaysia|Pahang|Kuantan","Kuantan","Pahang","Malaysia","Southeast Asia","APAC"
656,"APAC|Southeast Asia|Malaysia|Perak|Ipoh","Ipoh","Perak","Malaysia","Southeast Asia","APAC"
657,"APAC|Southeast Asia|Malaysia|Perak|Taiping","Taiping","Perak","Malaysia","Southeast Asia","APAC"
658,"APAC|Southeast Asia|Malaysia|Sabah|Kota Kinabalu","Kota Kinabalu","Sabah","Malaysia","Southeast Asia","APAC"
659,"APAC|Southeast Asia|Malaysia|Sabah|Sandakan","Sandakan","Sabah","Malaysia","Southeast Asia","APAC"
660,"APAC|Southeast Asia|Malaysia|Sabah|Tawau","Tawau","Sabah","Malaysia","Southeast Asia","APAC"
661,"APAC|Southeast Asia|Malaysia|Sarawak|Kuching","Kuching","Sarawak","Malaysia","Southeast Asia","APAC"
662,"APAC|Southeast Asia|Malaysia|Selangor|Shah Alam","Shah Alam","Selangor","Malaysia","Southeast Asia","APAC"
663,"APAC|Southeast Asia|Malaysia|Trengganu|Kuala Terengganu","Kuala Terengganu","Trengganu","Malaysia","Southeast Asia","APAC"
664,"APAC|Southeast Asia|Myanmar (Burma)|Yangon|Yangon","Yangon","Yangon","Myanmar (Burma)","Southeast Asia","APAC"
665,"APAC|Southeast Asia|Philippines|Calabarzon|Antipolo","Antipolo","Calabarzon","Philippines","Southeast Asia","APAC"
666,"APAC|Southeast Asia|Philippines|Calabarzon|Bacoor","Bacoor","Calabarzon","Philippines","Southeast Asia","APAC"
667,"APAC|Southeast Asia|Philippines|Calabarzon|Cainta","Cainta","Calabarzon","Philippines","Southeast Asia","APAC"
668,"APAC|Southeast Asia|Philippines|Calabarzon|Calamba","Calamba","Calabarzon","Philippines","Southeast Asia","APAC"
669,"APAC|Southeast Asia|Philippines|Calabarzon|San Pedro","San Pedro","Calabarzon","Philippines","Southeast Asia","APAC"
670,"APAC|Southeast Asia|Philippines|Calabarzon|Taytay","Taytay","Calabarzon","Philippines","Southeast Asia","APAC"
671,"APAC|Southeast Asia|Philippines|Central Luzon|Angeles City","Angeles City","Central Luzon","Philippines","Southeast Asia","APAC"
672,"APAC|Southeast Asia|Philippines|Central Luzon|San Jose del Monte","San Jose del Monte","Central Luzon","Philippines","Southeast Asia","APAC"
673,"APAC|Southeast Asia|Philippines|Cordillera|Baguio City","Baguio City","Cordillera","Philippines","Southeast Asia","APAC"
674,"APAC|Southeast Asia|Philippines|National Capital|Caloocan","Caloocan","National Capital","Philippines","Southeast Asia","APAC"
675,"APAC|Southeast Asia|Philippines|National Capital|Las Pinas","Las Pinas","National Capital","Philippines","Southeast Asia","APAC"
676,"APAC|Southeast Asia|Philippines|National Capital|Makati","Makati","National Capital","Philippines","Southeast Asia","APAC"
677,"APAC|Southeast Asia|Philippines|National Capital|Manila","Manila","National Capital","Philippines","Southeast Asia","APAC"
678,"APAC|Southeast Asia|Philippines|National Capital|Marikina","Marikina","National Capital","Philippines","Southeast Asia","APAC"
679,"APAC|Southeast Asia|Philippines|National Capital|Pasig","Pasig","National Capital","Philippines","Southeast Asia","APAC"
680,"APAC|Southeast Asia|Philippines|National Capital|Valenzuela","Valenzuela","National Capital","Philippines","Southeast Asia","APAC"
681,"APAC|Southeast Asia|Philippines|Northern Mindanao|Valencia","Valencia","Northern Mindanao","Philippines","Southeast Asia","APAC"
682,"APAC|Southeast Asia|Philippines|Western Visayas|Bacolod City","Bacolod City","Western Visayas","Philippines","Southeast Asia","APAC"
683,"APAC|Southeast Asia|Singapore|Singapore|Singapore","Singapore","Singapore","Singapore","Southeast Asia","APAC"
684,"APAC|Southeast Asia|Thailand|Bangkok|Bangkok","Bangkok","Bangkok","Thailand","Southeast Asia","APAC"
685,"APAC|Southeast Asia|Thailand|Nakhon Ratchasima|Nakhon Ratchasima","Nakhon Ratchasima","Nakhon Ratchasima","Thailand","Southeast Asia","APAC"
686,"APAC|Southeast Asia|Vietnam|Dà Nang|Da Nang","Da Nang","Dà Nang","Vietnam","Southeast Asia","APAC"
687,"APAC|Southeast Asia|Vietnam|Ho Chí Minh City|Ho Chi Minh City","Ho Chi Minh City","Ho Chí Minh City","Vietnam","Southeast Asia","APAC"
688,"APAC|Southeast Asia|Vietnam|Khánh Hòa|Nha Trang","Nha Trang","Khánh Hòa","Vietnam","Southeast Asia","APAC"
689,"APAC|Southeast Asia|Vietnam|Kiên Giang|Rach Gia","Rach Gia","Kiên Giang","Vietnam","Southeast Asia","APAC"
690,"APAC|Southeast Asia|Vietnam|Thủ Dô Hà Nội|Hanoi","Hanoi","Thủ Dô Hà Nội","Vietnam","Southeast Asia","APAC"
691,"APAC|Southeast Asia|Vietnam|Tỉnh Cần Thơ|Can Tho","Can Tho","Tỉnh Cần Thơ","Vietnam","Southeast Asia","APAC"
184,"APAC|North Asia|China|Anhui|Anqing","Anqing","Anhui","China","North Asia","APAC"
185,"APAC|North Asia|China|Anhui|Bengbu","Bengbu","Anhui","China","North Asia","APAC"
186,"APAC|North Asia|China|Anhui|Chaohu","Chaohu","Anhui","China","North Asia","APAC"
187,"APAC|North Asia|China|Anhui|Datong","Datong","Anhui","China","North Asia","APAC"
188,"APAC|North Asia|China|Anhui|Hefei","Hefei","Anhui","China","North Asia","APAC"
189,"APAC|North Asia|China|Anhui|Huaibei","Huaibei","Anhui","China","North Asia","APAC"
190,"APAC|North Asia|China|Anhui|Huainan","Huainan","Anhui","China","North Asia","APAC"
191,"APAC|North Asia|China|Anhui|Huangshan","Huangshan","Anhui","China","North Asia","APAC"
192,"APAC|North Asia|China|Anhui|Jieshou","Jieshou","Anhui","China","North Asia","APAC"
193,"APAC|North Asia|China|Anhui|Suzhou","Suzhou","Anhui","China","North Asia","APAC"
194,"APAC|North Asia|China|Anhui|Tongling","Tongling","Anhui","China","North Asia","APAC"
195,"APAC|North Asia|China|Beijing|Beijing","Beijing","Beijing","China","North Asia","APAC"
196,"APAC|North Asia|China|Beijing|Mentougou","Mentougou","Beijing","China","North Asia","APAC"
197,"APAC|North Asia|China|Beijing|Tongzhou","Tongzhou","Beijing","China","North Asia","APAC"
198,"APAC|North Asia|China|Chongqing|Chongqing","Chongqing","Chongqing","China","North Asia","APAC"
199,"APAC|North Asia|China|Chongqing|Hechuan","Hechuan","Chongqing","China","North Asia","APAC"
200,"APAC|North Asia|China|Chongqing|Yongchuan","Yongchuan","Chongqing","China","North Asia","APAC"
201,"APAC|North Asia|China|Fujian|Fuzhou","Fuzhou","Fujian","China","North Asia","APAC"
202,"APAC|North Asia|China|Fujian|Jinjiang","Jinjiang","Fujian","China","North Asia","APAC"
203,"APAC|North Asia|China|Fujian|Luoyang","Luoyang","Fujian","China","North Asia","APAC"
204,"APAC|North Asia|China|Fujian|Quanzhou","Quanzhou","Fujian","China","North Asia","APAC"
205,"APAC|North Asia|China|Fujian|Sanming","Sanming","Fujian","China","North Asia","APAC"
206,"APAC|North Asia|China|Fujian|Xiamen","Xiamen","Fujian","China","North Asia","APAC"
207,"APAC|North Asia|China|Fujian|Zhangzhou","Zhangzhou","Fujian","China","North Asia","APAC"
208,"APAC|North Asia|China|Gansu|Lanzhou","Lanzhou","Gansu","China","North Asia","APAC"
209,"APAC|North Asia|China|Gansu|Suzhou","Suzhou","Gansu","China","North Asia","APAC"
210,"APAC|North Asia|China|Guangdong|Chaozhou","Chaozhou","Guangdong","China","North Asia","APAC"
211,"APAC|North Asia|China|Guangdong|Dongguan","Dongguan","Guangdong","China","North Asia","APAC"
212,"APAC|North Asia|China|Guangdong|Donghai","Donghai","Guangdong","China","North Asia","APAC"
213,"APAC|North Asia|China|Guangdong|Foshan","Foshan","Guangdong","China","North Asia","APAC"
214,"APAC|North Asia|China|Guangdong|Guangzhou","Guangzhou","Guangdong","China","North Asia","APAC"
215,"APAC|North Asia|China|Guangdong|Heyuan","Heyuan","Guangdong","China","North Asia","APAC"
216,"APAC|North Asia|China|Guangdong|Huizhou","Huizhou","Guangdong","China","North Asia","APAC"
217,"APAC|North Asia|China|Guangdong|Jiangmen","Jiangmen","Guangdong","China","North Asia","APAC"
218,"APAC|North Asia|China|Guangdong|Jieyang","Jieyang","Guangdong","China","North Asia","APAC"
219,"APAC|North Asia|China|Guangdong|Lianzhou","Lianzhou","Guangdong","China","North Asia","APAC"
220,"APAC|North Asia|China|Guangdong|Licheng","Licheng","Guangdong","China","North Asia","APAC"
221,"APAC|North Asia|China|Guangdong|Luoyang","Luoyang","Guangdong","China","North Asia","APAC"
222,"APAC|North Asia|China|Guangdong|Meizhou","Meizhou","Guangdong","China","North Asia","APAC"
223,"APAC|North Asia|China|Guangdong|Shantou","Shantou","Guangdong","China","North Asia","APAC"
224,"APAC|North Asia|China|Guangdong|Shanwei","Shanwei","Guangdong","China","North Asia","APAC"
225,"APAC|North Asia|China|Guangdong|Shenzhen","Shenzhen","Guangdong","China","North Asia","APAC"
226,"APAC|North Asia|China|Guangdong|Wuchuan","Wuchuan","Guangdong","China","North Asia","APAC"
227,"APAC|North Asia|China|Guangdong|Xinyi","Xinyi","Guangdong","China","North Asia","APAC"
228,"APAC|North Asia|China|Guangdong|Yangjiang","Yangjiang","Guangdong","China","North Asia","APAC"
229,"APAC|North Asia|China|Guangdong|Zhanjiang","Zhanjiang","Guangdong","China","North Asia","APAC"
230,"APAC|North Asia|China|Guangdong|Zhaoqing","Zhaoqing","Guangdong","China","North Asia","APAC"
231,"APAC|North Asia|China|Guangdong|Zhuhai","Zhuhai","Guangdong","China","North Asia","APAC"
232,"APAC|North Asia|China|Guangxi|Guilin","Guilin","Guangxi","China","North Asia","APAC"
233,"APAC|North Asia|China|Guangxi|Guiping","Guiping","Guangxi","China","North Asia","APAC"
234,"APAC|North Asia|China|Guangxi|Lianzhou","Lianzhou","Guangxi","China","North Asia","APAC"
235,"APAC|North Asia|China|Guangxi|Nanning","Nanning","Guangxi","China","North Asia","APAC"
236,"APAC|North Asia|China|Guangxi|Pingnan","Pingnan","Guangxi","China","North Asia","APAC"
237,"APAC|North Asia|China|Guangxi|Wuzhou","Wuzhou","Guangxi","China","North Asia","APAC"
238,"APAC|North Asia|China|Guizhou|Anshun","Anshun","Guizhou","China","North Asia","APAC"
239,"APAC|North Asia|China|Guizhou|Bijie","Bijie","Guizhou","China","North Asia","APAC"
240,"APAC|North Asia|China|Guizhou|Guiyang","Guiyang","Guizhou","China","North Asia","APAC"
241,"APAC|North Asia|China|Guizhou|Zunyi","Zunyi","Guizhou","China","North Asia","APAC"
242,"APAC|North Asia|China|Hainan|Haikou","Haikou","Hainan","China","North Asia","APAC"
243,"APAC|North Asia|China|Hainan|Sanya","Sanya","Hainan","China","North Asia","APAC"
244,"APAC|North Asia|China|Hebei|Baoding","Baoding","Hebei","China","North Asia","APAC"
245,"APAC|North Asia|China|Hebei|Cangzhou","Cangzhou","Hebei","China","North Asia","APAC"
246,"APAC|North Asia|China|Hebei|Handan","Handan","Hebei","China","North Asia","APAC"
247,"APAC|North Asia|China|Hebei|Langfang","Langfang","Hebei","China","North Asia","APAC"
248,"APAC|North Asia|China|Hebei|Renqiu","Renqiu","Hebei","China","North Asia","APAC"
249,"APAC|North Asia|China|Hebei|Shijiazhuang","Shijiazhuang","Hebei","China","North Asia","APAC"
250,"APAC|North Asia|China|Hebei|Tangshan","Tangshan","Hebei","China","North Asia","APAC"
251,"APAC|North Asia|China|Hebei|Xingtai","Xingtai","Hebei","China","North Asia","APAC"
252,"APAC|North Asia|China|Hebei|Xuanhua","Xuanhua","Hebei","China","North Asia","APAC"
253,"APAC|North Asia|China|Hebei|Zhangjiakou","Zhangjiakou","Hebei","China","North Asia","APAC"
254,"APAC|North Asia|China|Heilongjiang|Binzhou","Binzhou","Heilongjiang","China","North Asia","APAC"
255,"APAC|North Asia|China|Heilongjiang|Daqing","Daqing","Heilongjiang","China","North Asia","APAC"
256,"APAC|North Asia|China|Heilongjiang|Hailin","Hailin","Heilongjiang","China","North Asia","APAC"
257,"APAC|North Asia|China|Heilongjiang|Harbin","Harbin","Heilongjiang","China","North Asia","APAC"
258,"APAC|North Asia|China|Heilongjiang|Jiamusi","Jiamusi","Heilongjiang","China","North Asia","APAC"
259,"APAC|North Asia|China|Heilongjiang|Jixi","Jixi","Heilongjiang","China","North Asia","APAC"
260,"APAC|North Asia|China|Heilongjiang|Mudanjiang","Mudanjiang","Heilongjiang","China","North Asia","APAC"
261,"APAC|North Asia|China|Heilongjiang|Qiqihar","Qiqihar","Heilongjiang","China","North Asia","APAC"
262,"APAC|North Asia|China|Heilongjiang|Qitaihe","Qitaihe","Heilongjiang","China","North Asia","APAC"
263,"APAC|North Asia|China|Heilongjiang|Shangzhi","Shangzhi","Heilongjiang","China","North Asia","APAC"
264,"APAC|North Asia|China|Heilongjiang|Shuangcheng","Shuangcheng","Heilongjiang","China","North Asia","APAC"
265,"APAC|North Asia|China|Heilongjiang|Shuangyashan","Shuangyashan","Heilongjiang","China","North Asia","APAC"
266,"APAC|North Asia|China|Heilongjiang|Suihua","Suihua","Heilongjiang","China","North Asia","APAC"
267,"APAC|North Asia|China|Heilongjiang|Wuchang","Wuchang","Heilongjiang","China","North Asia","APAC"
268,"APAC|North Asia|China|Heilongjiang|Yichun","Yichun","Heilongjiang","China","North Asia","APAC"
269,"APAC|North Asia|China|Heilongjiang|Zhaoyuan","Zhaoyuan","Heilongjiang","China","North Asia","APAC"
270,"APAC|North Asia|China|Henan|Anyang","Anyang","Henan","China","North Asia","APAC"
271,"APAC|North Asia|China|Henan|Hebi","Hebi","Henan","China","North Asia","APAC"
272,"APAC|North Asia|China|Henan|Jiaozuo","Jiaozuo","Henan","China","North Asia","APAC"
273,"APAC|North Asia|China|Henan|Kaifeng","Kaifeng","Henan","China","North Asia","APAC"
274,"APAC|North Asia|China|Henan|Luohe","Luohe","Henan","China","North Asia","APAC"
275,"APAC|North Asia|China|Henan|Luoyang","Luoyang","Henan","China","North Asia","APAC"
276,"APAC|North Asia|China|Henan|Nanyang","Nanyang","Henan","China","North Asia","APAC"
277,"APAC|North Asia|China|Henan|Pingdingshan","Pingdingshan","Henan","China","North Asia","APAC"
278,"APAC|North Asia|China|Henan|Puyang","Puyang","Henan","China","North Asia","APAC"
279,"APAC|North Asia|China|Henan|Shangqiu","Shangqiu","Henan","China","North Asia","APAC"
280,"APAC|North Asia|China|Henan|Xinxiang","Xinxiang","Henan","China","North Asia","APAC"
281,"APAC|North Asia|China|Henan|Yunyang","Yunyang","Henan","China","North Asia","APAC"
282,"APAC|North Asia|China|Henan|Zhengzhou","Zhengzhou","Henan","China","North Asia","APAC"
283,"APAC|North Asia|China|Henan|Zhoukou","Zhoukou","Henan","China","North Asia","APAC"
284,"APAC|North Asia|China|Henan|Zhumadian","Zhumadian","Henan","China","North Asia","APAC"
285,"APAC|North Asia|China|Hubei|Ezhou","Ezhou","Hubei","China","North Asia","APAC"
286,"APAC|North Asia|China|Hubei|Guangshui","Guangshui","Hubei","China","North Asia","APAC"
287,"APAC|North Asia|China|Hubei|Huangshi","Huangshi","Hubei","China","North Asia","APAC"
288,"APAC|North Asia|China|Hubei|Jingmen","Jingmen","Hubei","China","North Asia","APAC"
289,"APAC|North Asia|China|Hubei|Laohekou","Laohekou","Hubei","China","North Asia","APAC"
290,"APAC|North Asia|China|Hubei|Macheng","Macheng","Hubei","China","North Asia","APAC"
291,"APAC|North Asia|China|Hubei|Shashi","Shashi","Hubei","China","North Asia","APAC"
292,"APAC|North Asia|China|Hubei|Suizhou","Suizhou","Hubei","China","North Asia","APAC"
293,"APAC|North Asia|China|Hubei|Wuhan","Wuhan","Hubei","China","North Asia","APAC"
294,"APAC|North Asia|China|Hubei|Xiangfan","Xiangfan","Hubei","China","North Asia","APAC"
295,"APAC|North Asia|China|Hubei|Xianning","Xianning","Hubei","China","North Asia","APAC"
296,"APAC|North Asia|China|Hubei|Xiantao","Xiantao","Hubei","China","North Asia","APAC"
297,"APAC|North Asia|China|Hubei|Xiaogan","Xiaogan","Hubei","China","North Asia","APAC"
298,"APAC|North Asia|China|Hubei|Xinshi","Xinshi","Hubei","China","North Asia","APAC"
299,"APAC|North Asia|China|Hubei|Xinzhou","Xinzhou","Hubei","China","North Asia","APAC"
300,"APAC|North Asia|China|Hubei|Yicheng","Yicheng","Hubei","China","North Asia","APAC"
301,"APAC|North Asia|China|Hubei|Yingcheng","Yingcheng","Hubei","China","North Asia","APAC"
302,"APAC|North Asia|China|Hubei|Zaoyang","Zaoyang","Hubei","China","North Asia","APAC"
303,"APAC|North Asia|China|Hubei|Zhongxiang","Zhongxiang","Hubei","China","North Asia","APAC"
304,"APAC|North Asia|China|Hunan|Changde","Changde","Hunan","China","North Asia","APAC"
305,"APAC|North Asia|China|Hunan|Changsha","Changsha","Hunan","China","North Asia","APAC"
306,"APAC|North Asia|China|Hunan|Chenzhou","Chenzhou","Hunan","China","North Asia","APAC"
307,"APAC|North Asia|China|Hunan|Hengyang","Hengyang","Hunan","China","North Asia","APAC"
308,"APAC|North Asia|China|Hunan|Huaihua","Huaihua","Hunan","China","North Asia","APAC"
309,"APAC|North Asia|China|Hunan|Lianyuan","Lianyuan","Hunan","China","North Asia","APAC"
310,"APAC|North Asia|China|Hunan|Liuyang","Liuyang","Hunan","China","North Asia","APAC"
311,"APAC|North Asia|China|Hunan|Loudi","Loudi","Hunan","China","North Asia","APAC"
312,"APAC|North Asia|China|Hunan|Wuxi","Wuxi","Hunan","China","North Asia","APAC"
313,"APAC|North Asia|China|Hunan|Xiangtan","Xiangtan","Hunan","China","North Asia","APAC"
314,"APAC|North Asia|China|Hunan|Yiyang","Yiyang","Hunan","China","North Asia","APAC"
315,"APAC|North Asia|China|Hunan|Yuanjiang","Yuanjiang","Hunan","China","North Asia","APAC"
316,"APAC|North Asia|China|Hunan|Yueyang","Yueyang","Hunan","China","North Asia","APAC"
317,"APAC|North Asia|China|Hunan|Zhuzhou","Zhuzhou","Hunan","China","North Asia","APAC"
318,"APAC|North Asia|China|Inner Mongolia|Baotou","Baotou","Inner Mongolia","China","North Asia","APAC"
319,"APAC|North Asia|China|Inner Mongolia|Chifeng","Chifeng","Inner Mongolia","China","North Asia","APAC"
320,"APAC|North Asia|China|Inner Mongolia|Hohhot","Hohhot","Inner Mongolia","China","North Asia","APAC"
321,"APAC|North Asia|China|Inner Mongolia|Jining","Jining","Inner Mongolia","China","North Asia","APAC"
322,"APAC|North Asia|China|Inner Mongolia|Tongliao","Tongliao","Inner Mongolia","China","North Asia","APAC"
323,"APAC|North Asia|China|Inner Mongolia|Wuhai","Wuhai","Inner Mongolia","China","North Asia","APAC"
324,"APAC|North Asia|China|Jiangsu|Changshu","Changshu","Jiangsu","China","North Asia","APAC"
325,"APAC|North Asia|China|Jiangsu|Changzhou","Changzhou","Jiangsu","China","North Asia","APAC"
326,"APAC|North Asia|China|Jiangsu|Chengjiang","Chengjiang","Jiangsu","China","North Asia","APAC"
327,"APAC|North Asia|China|Jiangsu|Gaoyou","Gaoyou","Jiangsu","China","North Asia","APAC"
328,"APAC|North Asia|China|Jiangsu|Huaiyin","Huaiyin","Jiangsu","China","North Asia","APAC"
329,"APAC|North Asia|China|Jiangsu|Jiangdu","Jiangdu","Jiangsu","China","North Asia","APAC"
330,"APAC|North Asia|China|Jiangsu|Jiangyan","Jiangyan","Jiangsu","China","North Asia","APAC"
331,"APAC|North Asia|China|Jiangsu|Licheng","Licheng","Jiangsu","China","North Asia","APAC"
332,"APAC|North Asia|China|Jiangsu|Nantong","Nantong","Jiangsu","China","North Asia","APAC"
333,"APAC|North Asia|China|Jiangsu|Qidong","Qidong","Jiangsu","China","North Asia","APAC"
334,"APAC|North Asia|China|Jiangsu|Suzhou","Suzhou","Jiangsu","China","North Asia","APAC"
335,"APAC|North Asia|China|Jiangsu|Taixing","Taixing","Jiangsu","China","North Asia","APAC"
336,"APAC|North Asia|China|Jiangsu|Taizhou","Taizhou","Jiangsu","China","North Asia","APAC"
337,"APAC|North Asia|China|Jiangsu|Wuxi","Wuxi","Jiangsu","China","North Asia","APAC"
338,"APAC|North Asia|China|Jiangsu|Xinghua","Xinghua","Jiangsu","China","North Asia","APAC"
339,"APAC|North Asia|China|Jiangsu|Xuzhou","Xuzhou","Jiangsu","China","North Asia","APAC"
340,"APAC|North Asia|China|Jiangsu|Yancheng","Yancheng","Jiangsu","China","North Asia","APAC"
341,"APAC|North Asia|China|Jiangsu|Yangzhou","Yangzhou","Jiangsu","China","North Asia","APAC"
342,"APAC|North Asia|China|Jiangsu|Zhenjiang","Zhenjiang","Jiangsu","China","North Asia","APAC"
343,"APAC|North Asia|China|Jiangxi|Jingdezhen","Jingdezhen","Jiangxi","China","North Asia","APAC"
344,"APAC|North Asia|China|Jiangxi|Nanchang","Nanchang","Jiangxi","China","North Asia","APAC"
345,"APAC|North Asia|China|Jiangxi|Pingxiang","Pingxiang","Jiangxi","China","North Asia","APAC"
346,"APAC|North Asia|China|Jiangxi|Yichun","Yichun","Jiangxi","China","North Asia","APAC"
347,"APAC|North Asia|China|Jilin|Changchun","Changchun","Jilin","China","North Asia","APAC"
348,"APAC|North Asia|China|Jilin|Chaoyang","Chaoyang","Jilin","China","North Asia","APAC"
349,"APAC|North Asia|China|Jilin|Gongzhuling","Gongzhuling","Jilin","China","North Asia","APAC"
350,"APAC|North Asia|China|Jilin|Huadian","Huadian","Jilin","China","North Asia","APAC"
351,"APAC|North Asia|China|Jilin|Jiaohe","Jiaohe","Jilin","China","North Asia","APAC"
352,"APAC|North Asia|China|Jilin|Jilin","Jilin","Jilin","China","North Asia","APAC"
353,"APAC|North Asia|China|Jilin|Jiutai","Jiutai","Jilin","China","North Asia","APAC"
354,"APAC|North Asia|China|Jilin|Liaoyuan","Liaoyuan","Jilin","China","North Asia","APAC"
355,"APAC|North Asia|China|Jilin|Shulan","Shulan","Jilin","China","North Asia","APAC"
356,"APAC|North Asia|China|Jilin|Siping","Siping","Jilin","China","North Asia","APAC"
357,"APAC|North Asia|China|Jilin|Yanji","Yanji","Jilin","China","North Asia","APAC"
358,"APAC|North Asia|China|Jilin|Yushu","Yushu","Jilin","China","North Asia","APAC"
359,"APAC|North Asia|China|Liaoning|Anshan","Anshan","Liaoning","China","North Asia","APAC"
360,"APAC|North Asia|China|Liaoning|Beipiao","Beipiao","Liaoning","China","North Asia","APAC"
361,"APAC|North Asia|China|Liaoning|Benxi","Benxi","Liaoning","China","North Asia","APAC"
362,"APAC|North Asia|China|Liaoning|Chaoyang","Chaoyang","Liaoning","China","North Asia","APAC"
363,"APAC|North Asia|China|Liaoning|Dalian","Dalian","Liaoning","China","North Asia","APAC"
364,"APAC|North Asia|China|Liaoning|Fengcheng","Fengcheng","Liaoning","China","North Asia","APAC"
365,"APAC|North Asia|China|Liaoning|Fushun","Fushun","Liaoning","China","North Asia","APAC"
366,"APAC|North Asia|China|Liaoning|Kaiyuan","Kaiyuan","Liaoning","China","North Asia","APAC"
367,"APAC|North Asia|China|Liaoning|Liaoyang","Liaoyang","Liaoning","China","North Asia","APAC"
368,"APAC|North Asia|China|Liaoning|Shenyang","Shenyang","Liaoning","China","North Asia","APAC"
369,"APAC|North Asia|China|Liaoning|Tieling","Tieling","Liaoning","China","North Asia","APAC"
370,"APAC|North Asia|China|Liaoning|Wafangdian","Wafangdian","Liaoning","China","North Asia","APAC"
371,"APAC|North Asia|China|Ningxia|Shizuishan","Shizuishan","Ningxia","China","North Asia","APAC"
372,"APAC|North Asia|China|Qinghai|Xining","Xining","Qinghai","China","North Asia","APAC"
373,"APAC|North Asia|China|Shaanxi|Tongchuan","Tongchuan","Shaanxi","China","North Asia","APAC"
374,"APAC|North Asia|China|Shaanxi|Xi'an","Xi'an","Shaanxi","China","North Asia","APAC"
375,"APAC|North Asia|China|Shaanxi|Xianyang","Xianyang","Shaanxi","China","North Asia","APAC"
376,"APAC|North Asia|China|Shaanxi|Yulin","Yulin","Shaanxi","China","North Asia","APAC"
377,"APAC|North Asia|China|Shandong|Binzhou","Binzhou","Shandong","China","North Asia","APAC"
378,"APAC|North Asia|China|Shandong|Gaomi","Gaomi","Shandong","China","North Asia","APAC"
379,"APAC|North Asia|China|Shandong|Heze","Heze","Shandong","China","North Asia","APAC"
380,"APAC|North Asia|China|Shandong|Jinan","Jinan","Shandong","China","North Asia","APAC"
381,"APAC|North Asia|China|Shandong|Jining","Jining","Shandong","China","North Asia","APAC"
382,"APAC|North Asia|China|Shandong|Laiyang","Laiyang","Shandong","China","North Asia","APAC"
383,"APAC|North Asia|China|Shandong|Liaocheng","Liaocheng","Shandong","China","North Asia","APAC"
384,"APAC|North Asia|China|Shandong|Linyi","Linyi","Shandong","China","North Asia","APAC"
385,"APAC|North Asia|China|Shandong|Ninghai","Ninghai","Shandong","China","North Asia","APAC"
386,"APAC|North Asia|China|Shandong|Penglai","Penglai","Shandong","China","North Asia","APAC"
387,"APAC|North Asia|China|Shandong|Qingdao","Qingdao","Shandong","China","North Asia","APAC"
388,"APAC|North Asia|China|Shandong|Rizhao","Rizhao","Shandong","China","North Asia","APAC"
389,"APAC|North Asia|China|Shandong|Shouguang","Shouguang","Shandong","China","North Asia","APAC"
390,"APAC|North Asia|China|Shandong|Tengzhou","Tengzhou","Shandong","China","North Asia","APAC"
391,"APAC|North Asia|China|Shandong|Weifang","Weifang","Shandong","China","North Asia","APAC"
392,"APAC|North Asia|China|Shandong|Weihai","Weihai","Shandong","China","North Asia","APAC"
393,"APAC|North Asia|China|Shandong|Wendeng","Wendeng","Shandong","China","North Asia","APAC"
394,"APAC|North Asia|China|Shandong|Xintai","Xintai","Shandong","China","North Asia","APAC"
395,"APAC|North Asia|China|Shandong|Yantai","Yantai","Shandong","China","North Asia","APAC"
396,"APAC|North Asia|China|Shandong|Zaozhuang","Zaozhuang","Shandong","China","North Asia","APAC"
397,"APAC|North Asia|China|Shanghai|Shanghai","Shanghai","Shanghai","China","North Asia","APAC"
398,"APAC|North Asia|China|Shanxi|Changzhi","Changzhi","Shanxi","China","North Asia","APAC"
399,"APAC|North Asia|China|Shanxi|Datong","Datong","Shanxi","China","North Asia","APAC"
400,"APAC|North Asia|China|Shanxi|Jincheng","Jincheng","Shanxi","China","North Asia","APAC"
401,"APAC|North Asia|China|Shanxi|Taiyuan","Taiyuan","Shanxi","China","North Asia","APAC"
402,"APAC|North Asia|China|Shanxi|Xinzhou","Xinzhou","Shanxi","China","North Asia","APAC"
403,"APAC|North Asia|China|Shanxi|Yangquan","Yangquan","Shanxi","China","North Asia","APAC"
404,"APAC|North Asia|China|Shanxi|Yuci","Yuci","Shanxi","China","North Asia","APAC"
405,"APAC|North Asia|China|Shanxi|Yuncheng","Yuncheng","Shanxi","China","North Asia","APAC"
406,"APAC|North Asia|China|Sichuan|Chengdu","Chengdu","Sichuan","China","North Asia","APAC"
407,"APAC|North Asia|China|Sichuan|Deyang","Deyang","Sichuan","China","North Asia","APAC"
408,"APAC|North Asia|China|Sichuan|Jiangyou","Jiangyou","Sichuan","China","North Asia","APAC"
409,"APAC|North Asia|China|Sichuan|Leshan","Leshan","Sichuan","China","North Asia","APAC"
410,"APAC|North Asia|China|Sichuan|Mianyang","Mianyang","Sichuan","China","North Asia","APAC"
411,"APAC|North Asia|China|Sichuan|Nanchong","Nanchong","Sichuan","China","North Asia","APAC"
412,"APAC|North Asia|China|Sichuan|Neijiang","Neijiang","Sichuan","China","North Asia","APAC"
413,"APAC|North Asia|China|Sichuan|Suining","Suining","Sichuan","China","North Asia","APAC"
414,"APAC|North Asia|China|Sichuan|Tongchuan","Tongchuan","Sichuan","China","North Asia","APAC"
415,"APAC|North Asia|China|Sichuan|Xichang","Xichang","Sichuan","China","North Asia","APAC"
416,"APAC|North Asia|China|Sichuan|Yibin","Yibin","Sichuan","China","North Asia","APAC"
417,"APAC|North Asia|China|Sichuan|Zigong","Zigong","Sichuan","China","North Asia","APAC"
418,"APAC|North Asia|China|Tianjin|Hangu","Hangu","Tianjin","China","North Asia","APAC"
419,"APAC|North Asia|China|Tianjin|Tanggu","Tanggu","Tianjin","China","North Asia","APAC"
420,"APAC|North Asia|China|Tianjin|Tianjin","Tianjin","Tianjin","China","North Asia","APAC"
421,"APAC|North Asia|China|Xinjiang Uygur|Aksu","Aksu","Xinjiang Uygur","China","North Asia","APAC"
422,"APAC|North Asia|China|Xinjiang Uygur|Korla","Korla","Xinjiang Uygur","China","North Asia","APAC"
423,"APAC|North Asia|China|Xinjiang Uygur|Shihezi","Shihezi","Xinjiang Uygur","China","North Asia","APAC"
424,"APAC|North Asia|China|Yunnan|Kaiyuan","Kaiyuan","Yunnan","China","North Asia","APAC"
425,"APAC|North Asia|China|Yunnan|Kunming","Kunming","Yunnan","China","North Asia","APAC"
426,"APAC|North Asia|China|Zhejiang|Hangzhou","Hangzhou","Zhejiang","China","North Asia","APAC"
427,"APAC|North Asia|China|Zhejiang|Huzhou","Huzhou","Zhejiang","China","North Asia","APAC"
428,"APAC|North Asia|China|Zhejiang|Jiaxing","Jiaxing","Zhejiang","China","North Asia","APAC"
429,"APAC|North Asia|China|Zhejiang|Jinhua","Jinhua","Zhejiang","China","North Asia","APAC"
430,"APAC|North Asia|China|Zhejiang|Lanxi","Lanxi","Zhejiang","China","North Asia","APAC"
431,"APAC|North Asia|China|Zhejiang|Linhai","Linhai","Zhejiang","China","North Asia","APAC"
432,"APAC|North Asia|China|Zhejiang|Ningbo","Ningbo","Zhejiang","China","North Asia","APAC"
433,"APAC|North Asia|China|Zhejiang|Ninghai","Ninghai","Zhejiang","China","North Asia","APAC"
434,"APAC|North Asia|China|Zhejiang|Shangyu","Shangyu","Zhejiang","China","North Asia","APAC"
435,"APAC|North Asia|China|Zhejiang|Shaoxing","Shaoxing","Zhejiang","China","North Asia","APAC"
436,"APAC|North Asia|China|Zhejiang|Wenling","Wenling","Zhejiang","China","North Asia","APAC"
437,"APAC|North Asia|China|Zhejiang|Wenzhou","Wenzhou","Zhejiang","China","North Asia","APAC"
438,"APAC|North Asia|China|Zhejiang|Yiwu","Yiwu","Zhejiang","China","North Asia","APAC"
439,"APAC|North Asia|China|Zhejiang|Yuyao","Yuyao","Zhejiang","China","North Asia","APAC"
1901,"EU|Central|Germany|Baden-Württemberg|Aalen","Aalen","Baden-Württemberg","Germany","Central","EU"
1902,"EU|Central|Germany|Baden-Württemberg|Bad Waldsee","Bad Waldsee","Baden-Württemberg","Germany","Central","EU"
1903,"EU|Central|Germany|Baden-Württemberg|Baden-Baden","Baden-Baden","Baden-Württemberg","Germany","Central","EU"
1904,"EU|Central|Germany|Baden-Württemberg|Eggenstein-Leopoldshafen","Eggenstein-Leopoldshafen","Baden-Württemberg","Germany","Central","EU"
1905,"EU|Central|Germany|Baden-Württemberg|Freiburg","Freiburg","Baden-Württemberg","Germany","Central","EU"
1906,"EU|Central|Germany|Baden-Württemberg|Friedrichshafen","Friedrichshafen","Baden-Württemberg","Germany","Central","EU"
1907,"EU|Central|Germany|Baden-Württemberg|Heidelberg","Heidelberg","Baden-Württemberg","Germany","Central","EU"
1908,"EU|Central|Germany|Baden-Württemberg|Heilbronn","Heilbronn","Baden-Württemberg","Germany","Central","EU"
1909,"EU|Central|Germany|Baden-Württemberg|Karlsruhe","Karlsruhe","Baden-Württemberg","Germany","Central","EU"
1910,"EU|Central|Germany|Baden-Württemberg|Ludwigsburg","Ludwigsburg","Baden-Württemberg","Germany","Central","EU"
1911,"EU|Central|Germany|Baden-Württemberg|Mannheim","Mannheim","Baden-Württemberg","Germany","Central","EU"
1912,"EU|Central|Germany|Baden-Württemberg|Offenburg","Offenburg","Baden-Württemberg","Germany","Central","EU"
1913,"EU|Central|Germany|Baden-Württemberg|Pforzheim","Pforzheim","Baden-Württemberg","Germany","Central","EU"
1914,"EU|Central|Germany|Baden-Württemberg|Reutlingen","Reutlingen","Baden-Württemberg","Germany","Central","EU"
1915,"EU|Central|Germany|Baden-Württemberg|Sindelfingen","Sindelfingen","Baden-Württemberg","Germany","Central","EU"
1916,"EU|Central|Germany|Baden-Württemberg|Stuttgart","Stuttgart","Baden-Württemberg","Germany","Central","EU"
1917,"EU|Central|Germany|Baden-Württemberg|Ulm","Ulm","Baden-Württemberg","Germany","Central","EU"
1918,"EU|Central|Germany|Baden-Württemberg|Villingen-Schwenningen","Villingen-Schwenningen","Baden-Württemberg","Germany","Central","EU"
1919,"EU|Central|Germany|Baden-Württemberg|Waiblingen","Waiblingen","Baden-Württemberg","Germany","Central","EU"
1920,"EU|Central|Germany|Bavaria|Aschaffenburg","Aschaffenburg","Bavaria","Germany","Central","EU"
1921,"EU|Central|Germany|Bavaria|Augsburg","Augsburg","Bavaria","Germany","Central","EU"
1922,"EU|Central|Germany|Bavaria|Bamberg","Bamberg","Bavaria","Germany","Central","EU"
1923,"EU|Central|Germany|Bavaria|Bayreuth","Bayreuth","Bavaria","Germany","Central","EU"
1924,"EU|Central|Germany|Bavaria|Erlangen","Erlangen","Bavaria","Germany","Central","EU"
1925,"EU|Central|Germany|Bavaria|Günzburg","Günzburg","Bavaria","Germany","Central","EU"
1926,"EU|Central|Germany|Bavaria|Ingolstadt","Ingolstadt","Bavaria","Germany","Central","EU"
1927,"EU|Central|Germany|Bavaria|Munich","Munich","Bavaria","Germany","Central","EU"
1928,"EU|Central|Germany|Bavaria|Nuremberg","Nuremberg","Bavaria","Germany","Central","EU"
1929,"EU|Central|Germany|Bavaria|Passau","Passau","Bavaria","Germany","Central","EU"
1930,"EU|Central|Germany|Bavaria|Regensburg","Regensburg","Bavaria","Germany","Central","EU"
1931,"EU|Central|Germany|Bavaria|Rosenheim","Rosenheim","Bavaria","Germany","Central","EU"
1932,"EU|Central|Germany|Bavaria|Schweinfurt","Schweinfurt","Bavaria","Germany","Central","EU"
1933,"EU|Central|Germany|Berlin|Berlin","Berlin","Berlin","Germany","Central","EU"
1934,"EU|Central|Germany|Brandenburg|Brandenburg","Brandenburg","Brandenburg","Germany","Central","EU"
1935,"EU|Central|Germany|Brandenburg|Cottbus","Cottbus","Brandenburg","Germany","Central","EU"
1936,"EU|Central|Germany|Brandenburg|Forst","Forst","Brandenburg","Germany","Central","EU"
1937,"EU|Central|Germany|Brandenburg|Ludwigsfelde","Ludwigsfelde","Brandenburg","Germany","Central","EU"
1938,"EU|Central|Germany|Brandenburg|Potsdam","Potsdam","Brandenburg","Germany","Central","EU"
1939,"EU|Central|Germany|Bremen|Bremen","Bremen","Bremen","Germany","Central","EU"
1940,"EU|Central|Germany|Hamburg|Hamburg","Hamburg","Hamburg","Germany","Central","EU"
1941,"EU|Central|Germany|Hesse|Darmstadt","Darmstadt","Hesse","Germany","Central","EU"
1942,"EU|Central|Germany|Hesse|Frankfurt","Frankfurt","Hesse","Germany","Central","EU"
1943,"EU|Central|Germany|Hesse|Friedberg","Friedberg","Hesse","Germany","Central","EU"
1944,"EU|Central|Germany|Hesse|Fulda","Fulda","Hesse","Germany","Central","EU"
1945,"EU|Central|Germany|Hesse|Kassel","Kassel","Hesse","Germany","Central","EU"
1946,"EU|Central|Germany|Hesse|Langen","Langen","Hesse","Germany","Central","EU"
1947,"EU|Central|Germany|Hesse|Offenbach","Offenbach","Hesse","Germany","Central","EU"
1948,"EU|Central|Germany|Hesse|Wetzlar","Wetzlar","Hesse","Germany","Central","EU"
1949,"EU|Central|Germany|Hesse|Wiesbaden","Wiesbaden","Hesse","Germany","Central","EU"
1950,"EU|Central|Germany|Lower Saxony|Celle","Celle","Lower Saxony","Germany","Central","EU"
1951,"EU|Central|Germany|Lower Saxony|Cuxhaven","Cuxhaven","Lower Saxony","Germany","Central","EU"
1952,"EU|Central|Germany|Lower Saxony|Delmenhorst","Delmenhorst","Lower Saxony","Germany","Central","EU"
1953,"EU|Central|Germany|Lower Saxony|Emden","Emden","Lower Saxony","Germany","Central","EU"
1954,"EU|Central|Germany|Lower Saxony|Garbsen","Garbsen","Lower Saxony","Germany","Central","EU"
1955,"EU|Central|Germany|Lower Saxony|Hanover","Hanover","Lower Saxony","Germany","Central","EU"
1956,"EU|Central|Germany|Lower Saxony|Hildesheim","Hildesheim","Lower Saxony","Germany","Central","EU"
1957,"EU|Central|Germany|Lower Saxony|Langen","Langen","Lower Saxony","Germany","Central","EU"
1958,"EU|Central|Germany|Lower Saxony|Langenhagen","Langenhagen","Lower Saxony","Germany","Central","EU"
1959,"EU|Central|Germany|Lower Saxony|Lohne","Lohne","Lower Saxony","Germany","Central","EU"
1960,"EU|Central|Germany|Lower Saxony|Munster","Munster","Lower Saxony","Germany","Central","EU"
1961,"EU|Central|Germany|Lower Saxony|Oldenburg","Oldenburg","Lower Saxony","Germany","Central","EU"
1962,"EU|Central|Germany|Lower Saxony|Wilhelmshaven","Wilhelmshaven","Lower Saxony","Germany","Central","EU"
1963,"EU|Central|Germany|Lower Saxony|Wolfsburg","Wolfsburg","Lower Saxony","Germany","Central","EU"
1964,"EU|Central|Germany|Mecklenburg-Vorpommern|Greifswald","Greifswald","Mecklenburg-Vorpommern","Germany","Central","EU"
1965,"EU|Central|Germany|Mecklenburg-Vorpommern|Neubrandenburg","Neubrandenburg","Mecklenburg-Vorpommern","Germany","Central","EU"
1966,"EU|Central|Germany|Mecklenburg-Vorpommern|Rostock","Rostock","Mecklenburg-Vorpommern","Germany","Central","EU"
1967,"EU|Central|Germany|Mecklenburg-Vorpommern|Schwerin","Schwerin","Mecklenburg-Vorpommern","Germany","Central","EU"
1968,"EU|Central|Germany|Mecklenburg-Vorpommern|Stralsund","Stralsund","Mecklenburg-Vorpommern","Germany","Central","EU"
1969,"EU|Central|Germany|North Rhine-Westphalia|Aachen","Aachen","North Rhine-Westphalia","Germany","Central","EU"
1970,"EU|Central|Germany|North Rhine-Westphalia|Arnsberg","Arnsberg","North Rhine-Westphalia","Germany","Central","EU"
1971,"EU|Central|Germany|North Rhine-Westphalia|Bergheim","Bergheim","North Rhine-Westphalia","Germany","Central","EU"
1972,"EU|Central|Germany|North Rhine-Westphalia|Bergisch Gladbach","Bergisch Gladbach","North Rhine-Westphalia","Germany","Central","EU"
1973,"EU|Central|Germany|North Rhine-Westphalia|Bielefeld","Bielefeld","North Rhine-Westphalia","Germany","Central","EU"
1974,"EU|Central|Germany|North Rhine-Westphalia|Bochum","Bochum","North Rhine-Westphalia","Germany","Central","EU"
1975,"EU|Central|Germany|North Rhine-Westphalia|Bonn","Bonn","North Rhine-Westphalia","Germany","Central","EU"
1976,"EU|Central|Germany|North Rhine-Westphalia|Borken","Borken","North Rhine-Westphalia","Germany","Central","EU"
1977,"EU|Central|Germany|North Rhine-Westphalia|Bottrop","Bottrop","North Rhine-Westphalia","Germany","Central","EU"
1978,"EU|Central|Germany|North Rhine-Westphalia|Castrop-Rauxel","Castrop-Rauxel","North Rhine-Westphalia","Germany","Central","EU"
1979,"EU|Central|Germany|North Rhine-Westphalia|Cologne","Cologne","North Rhine-Westphalia","Germany","Central","EU"
1980,"EU|Central|Germany|North Rhine-Westphalia|Detmold","Detmold","North Rhine-Westphalia","Germany","Central","EU"
1981,"EU|Central|Germany|North Rhine-Westphalia|Dinslaken","Dinslaken","North Rhine-Westphalia","Germany","Central","EU"
1982,"EU|Central|Germany|North Rhine-Westphalia|Dormagen","Dormagen","North Rhine-Westphalia","Germany","Central","EU"
1983,"EU|Central|Germany|North Rhine-Westphalia|Dorsten","Dorsten","North Rhine-Westphalia","Germany","Central","EU"
1984,"EU|Central|Germany|North Rhine-Westphalia|Dortmund","Dortmund","North Rhine-Westphalia","Germany","Central","EU"
1985,"EU|Central|Germany|North Rhine-Westphalia|Duisburg","Duisburg","North Rhine-Westphalia","Germany","Central","EU"
1986,"EU|Central|Germany|North Rhine-Westphalia|Ennigerloh","Ennigerloh","North Rhine-Westphalia","Germany","Central","EU"
1987,"EU|Central|Germany|North Rhine-Westphalia|Erftstadt","Erftstadt","North Rhine-Westphalia","Germany","Central","EU"
1988,"EU|Central|Germany|North Rhine-Westphalia|Essen","Essen","North Rhine-Westphalia","Germany","Central","EU"
1989,"EU|Central|Germany|North Rhine-Westphalia|Euskirchen","Euskirchen","North Rhine-Westphalia","Germany","Central","EU"
1990,"EU|Central|Germany|North Rhine-Westphalia|Gelsenkirchen","Gelsenkirchen","North Rhine-Westphalia","Germany","Central","EU"
1991,"EU|Central|Germany|North Rhine-Westphalia|Gladbeck","Gladbeck","North Rhine-Westphalia","Germany","Central","EU"
1992,"EU|Central|Germany|North Rhine-Westphalia|Grevenbroich","Grevenbroich","North Rhine-Westphalia","Germany","Central","EU"
1993,"EU|Central|Germany|North Rhine-Westphalia|Gronau","Gronau","North Rhine-Westphalia","Germany","Central","EU"
1994,"EU|Central|Germany|North Rhine-Westphalia|Gummersbach","Gummersbach","North Rhine-Westphalia","Germany","Central","EU"
1995,"EU|Central|Germany|North Rhine-Westphalia|Hagen","Hagen","North Rhine-Westphalia","Germany","Central","EU"
1996,"EU|Central|Germany|North Rhine-Westphalia|Halle","Halle","North Rhine-Westphalia","Germany","Central","EU"
1997,"EU|Central|Germany|North Rhine-Westphalia|Hamm","Hamm","North Rhine-Westphalia","Germany","Central","EU"
1998,"EU|Central|Germany|North Rhine-Westphalia|Hattingen","Hattingen","North Rhine-Westphalia","Germany","Central","EU"
1999,"EU|Central|Germany|North Rhine-Westphalia|Herford","Herford","North Rhine-Westphalia","Germany","Central","EU"
2000,"EU|Central|Germany|North Rhine-Westphalia|Herne","Herne","North Rhine-Westphalia","Germany","Central","EU"
2001,"EU|Central|Germany|North Rhine-Westphalia|Herten","Herten","North Rhine-Westphalia","Germany","Central","EU"
2002,"EU|Central|Germany|North Rhine-Westphalia|Hilden","Hilden","North Rhine-Westphalia","Germany","Central","EU"
2003,"EU|Central|Germany|North Rhine-Westphalia|Iserlohn","Iserlohn","North Rhine-Westphalia","Germany","Central","EU"
2004,"EU|Central|Germany|North Rhine-Westphalia|Kerpen","Kerpen","North Rhine-Westphalia","Germany","Central","EU"
2005,"EU|Central|Germany|North Rhine-Westphalia|Krefeld","Krefeld","North Rhine-Westphalia","Germany","Central","EU"
2006,"EU|Central|Germany|North Rhine-Westphalia|Langenfeld","Langenfeld","North Rhine-Westphalia","Germany","Central","EU"
2007,"EU|Central|Germany|North Rhine-Westphalia|Leverkusen","Leverkusen","North Rhine-Westphalia","Germany","Central","EU"
2008,"EU|Central|Germany|North Rhine-Westphalia|Lippstadt","Lippstadt","North Rhine-Westphalia","Germany","Central","EU"
2009,"EU|Central|Germany|North Rhine-Westphalia|Marl","Marl","North Rhine-Westphalia","Germany","Central","EU"
2010,"EU|Central|Germany|North Rhine-Westphalia|Menden","Menden","North Rhine-Westphalia","Germany","Central","EU"
2011,"EU|Central|Germany|North Rhine-Westphalia|Minden","Minden","North Rhine-Westphalia","Germany","Central","EU"
2012,"EU|Central|Germany|North Rhine-Westphalia|Moers","Moers","North Rhine-Westphalia","Germany","Central","EU"
2013,"EU|Central|Germany|North Rhine-Westphalia|Oberhausen","Oberhausen","North Rhine-Westphalia","Germany","Central","EU"
2014,"EU|Central|Germany|North Rhine-Westphalia|Paderborn","Paderborn","North Rhine-Westphalia","Germany","Central","EU"
2015,"EU|Central|Germany|North Rhine-Westphalia|Pulheim","Pulheim","North Rhine-Westphalia","Germany","Central","EU"
2016,"EU|Central|Germany|North Rhine-Westphalia|Ratingen","Ratingen","North Rhine-Westphalia","Germany","Central","EU"
2017,"EU|Central|Germany|North Rhine-Westphalia|Recklinghausen","Recklinghausen","North Rhine-Westphalia","Germany","Central","EU"
2018,"EU|Central|Germany|North Rhine-Westphalia|Remscheid","Remscheid","North Rhine-Westphalia","Germany","Central","EU"
2019,"EU|Central|Germany|North Rhine-Westphalia|Siegen","Siegen","North Rhine-Westphalia","Germany","Central","EU"
2020,"EU|Central|Germany|North Rhine-Westphalia|Solingen","Solingen","North Rhine-Westphalia","Germany","Central","EU"
2021,"EU|Central|Germany|North Rhine-Westphalia|Stadtlohn","Stadtlohn","North Rhine-Westphalia","Germany","Central","EU"
2022,"EU|Central|Germany|North Rhine-Westphalia|Troisdorf","Troisdorf","North Rhine-Westphalia","Germany","Central","EU"
2023,"EU|Central|Germany|North Rhine-Westphalia|Unna","Unna","North Rhine-Westphalia","Germany","Central","EU"
2024,"EU|Central|Germany|North Rhine-Westphalia|Velbert","Velbert","North Rhine-Westphalia","Germany","Central","EU"
2025,"EU|Central|Germany|North Rhine-Westphalia|Viersen","Viersen","North Rhine-Westphalia","Germany","Central","EU"
2026,"EU|Central|Germany|North Rhine-Westphalia|Wetter (Ruhr)","Wetter (Ruhr)","North Rhine-Westphalia","Germany","Central","EU"
2027,"EU|Central|Germany|North Rhine-Westphalia|Willich","Willich","North Rhine-Westphalia","Germany","Central","EU"
2028,"EU|Central|Germany|North Rhine-Westphalia|Witten","Witten","North Rhine-Westphalia","Germany","Central","EU"
2029,"EU|Central|Germany|North Rhine-Westphalia|Wuppertal","Wuppertal","North Rhine-Westphalia","Germany","Central","EU"
2030,"EU|Central|Germany|Rhineland-Palatinate|Kaiserslautern","Kaiserslautern","Rhineland-Palatinate","Germany","Central","EU"
2031,"EU|Central|Germany|Rhineland-Palatinate|Koblenz","Koblenz","Rhineland-Palatinate","Germany","Central","EU"
2032,"EU|Central|Germany|Rhineland-Palatinate|Ludwigshafen am Rhein","Ludwigshafen am Rhein","Rhineland-Palatinate","Germany","Central","EU"
2033,"EU|Central|Germany|Rhineland-Palatinate|Mainz","Mainz","Rhineland-Palatinate","Germany","Central","EU"
2034,"EU|Central|Germany|Rhineland-Palatinate|Neuwied","Neuwied","Rhineland-Palatinate","Germany","Central","EU"
2035,"EU|Central|Germany|Rhineland-Palatinate|Trier","Trier","Rhineland-Palatinate","Germany","Central","EU"
2036,"EU|Central|Germany|Rhineland-Palatinate|Worms","Worms","Rhineland-Palatinate","Germany","Central","EU"
2037,"EU|Central|Germany|Saarland|Neunkirchen","Neunkirchen","Saarland","Germany","Central","EU"
2038,"EU|Central|Germany|Saarland|Schiffweiler","Schiffweiler","Saarland","Germany","Central","EU"
2039,"EU|Central|Germany|Saxony-Anhalt|Halle","Halle","Saxony-Anhalt","Germany","Central","EU"
2040,"EU|Central|Germany|Saxony-Anhalt|Magdeburg","Magdeburg","Saxony-Anhalt","Germany","Central","EU"
2041,"EU|Central|Germany|Saxony-Anhalt|Naumburg","Naumburg","Saxony-Anhalt","Germany","Central","EU"
2042,"EU|Central|Germany|Saxony|Chemnitz","Chemnitz","Saxony","Germany","Central","EU"
2043,"EU|Central|Germany|Saxony|Dresden","Dresden","Saxony","Germany","Central","EU"
2044,"EU|Central|Germany|Saxony|Leipzig","Leipzig","Saxony","Germany","Central","EU"
2045,"EU|Central|Germany|Saxony|Zwickau","Zwickau","Saxony","Germany","Central","EU"
2046,"EU|Central|Germany|Schleswig-Holstein|Flensburg","Flensburg","Schleswig-Holstein","Germany","Central","EU"
2047,"EU|Central|Germany|Schleswig-Holstein|Kiel","Kiel","Schleswig-Holstein","Germany","Central","EU"
2048,"EU|Central|Germany|Schleswig-Holstein|Norderstedt","Norderstedt","Schleswig-Holstein","Germany","Central","EU"
2049,"EU|Central|Germany|Thuringia|Erfurt","Erfurt","Thuringia","Germany","Central","EU"
2050,"EU|Central|Germany|Thuringia|Gera","Gera","Thuringia","Germany","Central","EU"
2051,"EU|Central|Germany|Thuringia|Jena","Jena","Thuringia","Germany","Central","EU"
2052,"EU|Central|Germany|Thuringia|Sonneberg","Sonneberg","Thuringia","Germany","Central","EU"
2053,"EU|Central|Germany|Thuringia|Weimar","Weimar","Thuringia","Germany","Central","EU"
2311,"EU|South|Italy|Abruzzi|Chieti","Chieti","Abruzzi","Italy","South","EU"
2312,"EU|South|Italy|Abruzzi|Pescara","Pescara","Abruzzi","Italy","South","EU"
2313,"EU|South|Italy|Abruzzi|Teramo","Teramo","Abruzzi","Italy","South","EU"
2314,"EU|South|Italy|Apulia|Altamura","Altamura","Apulia","Italy","South","EU"
2315,"EU|South|Italy|Apulia|Andria","Andria","Apulia","Italy","South","EU"
2316,"EU|South|Italy|Apulia|Bari","Bari","Apulia","Italy","South","EU"
2317,"EU|South|Italy|Apulia|Barletta","Barletta","Apulia","Italy","South","EU"
2318,"EU|South|Italy|Apulia|Bisceglie","Bisceglie","Apulia","Italy","South","EU"
2319,"EU|South|Italy|Apulia|Brindisi","Brindisi","Apulia","Italy","South","EU"
2320,"EU|South|Italy|Apulia|Cerignola","Cerignola","Apulia","Italy","South","EU"
2321,"EU|South|Italy|Apulia|Foggia","Foggia","Apulia","Italy","South","EU"
2322,"EU|South|Italy|Apulia|Lecce","Lecce","Apulia","Italy","South","EU"
2323,"EU|South|Italy|Apulia|Manfredonia","Manfredonia","Apulia","Italy","South","EU"
2324,"EU|South|Italy|Apulia|Molfetta","Molfetta","Apulia","Italy","South","EU"
2325,"EU|South|Italy|Apulia|San Severo","San Severo","Apulia","Italy","South","EU"
2326,"EU|South|Italy|Apulia|Taranto","Taranto","Apulia","Italy","South","EU"
2327,"EU|South|Italy|Apulia|Trani","Trani","Apulia","Italy","South","EU"
2328,"EU|South|Italy|Basilicata|Potenza","Potenza","Basilicata","Italy","South","EU"
2329,"EU|South|Italy|Calabria|Cosenza","Cosenza","Calabria","Italy","South","EU"
2330,"EU|South|Italy|Calabria|Crotone","Crotone","Calabria","Italy","South","EU"
2331,"EU|South|Italy|Campania|Acerra","Acerra","Campania","Italy","South","EU"
2332,"EU|South|Italy|Campania|Afragola","Afragola","Campania","Italy","South","EU"
2333,"EU|South|Italy|Campania|Avellino","Avellino","Campania","Italy","South","EU"
2334,"EU|South|Italy|Campania|Battipaglia","Battipaglia","Campania","Italy","South","EU"
2335,"EU|South|Italy|Campania|Benevento","Benevento","Campania","Italy","South","EU"
2336,"EU|South|Italy|Campania|Boscoreale","Boscoreale","Campania","Italy","South","EU"
2337,"EU|South|Italy|Campania|Capua","Capua","Campania","Italy","South","EU"
2338,"EU|South|Italy|Campania|Caserta","Caserta","Campania","Italy","South","EU"
2339,"EU|South|Italy|Campania|Casoria","Casoria","Campania","Italy","South","EU"
2340,"EU|South|Italy|Campania|Castellammare di Stabia","Castellammare di Stabia","Campania","Italy","South","EU"
2341,"EU|South|Italy|Campania|Cercola","Cercola","Campania","Italy","South","EU"
2342,"EU|South|Italy|Campania|Ercolano","Ercolano","Campania","Italy","South","EU"
2343,"EU|South|Italy|Campania|Marano di Napoli","Marano di Napoli","Campania","Italy","South","EU"
2344,"EU|South|Italy|Campania|Naples","Naples","Campania","Italy","South","EU"
2345,"EU|South|Italy|Campania|Portici","Portici","Campania","Italy","South","EU"
2346,"EU|South|Italy|Campania|Pozzuoli","Pozzuoli","Campania","Italy","South","EU"
2347,"EU|South|Italy|Campania|Torre del Greco","Torre del Greco","Campania","Italy","South","EU"
2348,"EU|South|Italy|Emilia-Romagna|Bologna","Bologna","Emilia-Romagna","Italy","South","EU"
2349,"EU|South|Italy|Emilia-Romagna|Carpi","Carpi","Emilia-Romagna","Italy","South","EU"
2350,"EU|South|Italy|Emilia-Romagna|Cesena","Cesena","Emilia-Romagna","Italy","South","EU"
2351,"EU|South|Italy|Emilia-Romagna|Faenza","Faenza","Emilia-Romagna","Italy","South","EU"
2352,"EU|South|Italy|Emilia-Romagna|Ferrara","Ferrara","Emilia-Romagna","Italy","South","EU"
2353,"EU|South|Italy|Emilia-Romagna|Imola","Imola","Emilia-Romagna","Italy","South","EU"
2354,"EU|South|Italy|Emilia-Romagna|Modena","Modena","Emilia-Romagna","Italy","South","EU"
2355,"EU|South|Italy|Emilia-Romagna|Parma","Parma","Emilia-Romagna","Italy","South","EU"
2356,"EU|South|Italy|Emilia-Romagna|Piacenza","Piacenza","Emilia-Romagna","Italy","South","EU"
2357,"EU|South|Italy|Emilia-Romagna|Ravenna","Ravenna","Emilia-Romagna","Italy","South","EU"
2358,"EU|South|Italy|Emilia-Romagna|Reggio nell'Emilia","Reggio nell'Emilia","Emilia-Romagna","Italy","South","EU"
2359,"EU|South|Italy|Emilia-Romagna|Rimini","Rimini","Emilia-Romagna","Italy","South","EU"
2360,"EU|South|Italy|Emilia-Romagna|Vignola","Vignola","Emilia-Romagna","Italy","South","EU"
2361,"EU|South|Italy|Friuli-Venezia Giulia|Trieste","Trieste","Friuli-Venezia Giulia","Italy","South","EU"
2362,"EU|South|Italy|Lazio|Anzio","Anzio","Lazio","Italy","South","EU"
2363,"EU|South|Italy|Lazio|Aprilia","Aprilia","Lazio","Italy","South","EU"
2364,"EU|South|Italy|Lazio|Civitavecchia","Civitavecchia","Lazio","Italy","South","EU"
2365,"EU|South|Italy|Lazio|Fiumicino","Fiumicino","Lazio","Italy","South","EU"
2366,"EU|South|Italy|Lazio|Guidonia Montecelio","Guidonia Montecelio","Lazio","Italy","South","EU"
2367,"EU|South|Italy|Lazio|Latina","Latina","Lazio","Italy","South","EU"
2368,"EU|South|Italy|Lazio|Pomezia","Pomezia","Lazio","Italy","South","EU"
2369,"EU|South|Italy|Lazio|Rome","Rome","Lazio","Italy","South","EU"
2370,"EU|South|Italy|Lazio|Tivoli","Tivoli","Lazio","Italy","South","EU"
2371,"EU|South|Italy|Lazio|Velletri","Velletri","Lazio","Italy","South","EU"
2372,"EU|South|Italy|Lazio|Viterbo","Viterbo","Lazio","Italy","South","EU"
2373,"EU|South|Italy|Liguria|Genoa","Genoa","Liguria","Italy","South","EU"
2374,"EU|South|Italy|Liguria|La Spezia","La Spezia","Liguria","Italy","South","EU"
2375,"EU|South|Italy|Liguria|Savona","Savona","Liguria","Italy","South","EU"
2376,"EU|South|Italy|Lombardy|Bergamo","Bergamo","Lombardy","Italy","South","EU"
2377,"EU|South|Italy|Lombardy|Brescia","Brescia","Lombardy","Italy","South","EU"
2378,"EU|South|Italy|Lombardy|Busto Arsizio","Busto Arsizio","Lombardy","Italy","South","EU"
2379,"EU|South|Italy|Lombardy|Cinisello Balsamo","Cinisello Balsamo","Lombardy","Italy","South","EU"
2380,"EU|South|Italy|Lombardy|Como","Como","Lombardy","Italy","South","EU"
2381,"EU|South|Italy|Lombardy|Cremona","Cremona","Lombardy","Italy","South","EU"
2382,"EU|South|Italy|Lombardy|Gallarate","Gallarate","Lombardy","Italy","South","EU"
2383,"EU|South|Italy|Lombardy|Legnano","Legnano","Lombardy","Italy","South","EU"
2384,"EU|South|Italy|Lombardy|Milan","Milan","Lombardy","Italy","South","EU"
2385,"EU|South|Italy|Lombardy|Monza","Monza","Lombardy","Italy","South","EU"
2386,"EU|South|Italy|Lombardy|Sesto San Giovanni","Sesto San Giovanni","Lombardy","Italy","South","EU"
2387,"EU|South|Italy|Lombardy|Treviglio","Treviglio","Lombardy","Italy","South","EU"
2388,"EU|South|Italy|Lombardy|Varese","Varese","Lombardy","Italy","South","EU"
2389,"EU|South|Italy|Lombardy|Vigevano","Vigevano","Lombardy","Italy","South","EU"
2390,"EU|South|Italy|Marche|Ancona","Ancona","Marche","Italy","South","EU"
2391,"EU|South|Italy|Marche|Falconara Marittima","Falconara Marittima","Marche","Italy","South","EU"
2392,"EU|South|Italy|Marche|Fano","Fano","Marche","Italy","South","EU"
2393,"EU|South|Italy|Marche|Pesaro","Pesaro","Marche","Italy","South","EU"
2394,"EU|South|Italy|Piedmont|Alessandria","Alessandria","Piedmont","Italy","South","EU"
2395,"EU|South|Italy|Piedmont|Asti","Asti","Piedmont","Italy","South","EU"
2396,"EU|South|Italy|Piedmont|Cuneo","Cuneo","Piedmont","Italy","South","EU"
2397,"EU|South|Italy|Piedmont|Moncalieri","Moncalieri","Piedmont","Italy","South","EU"
2398,"EU|South|Italy|Piedmont|Novara","Novara","Piedmont","Italy","South","EU"
2399,"EU|South|Italy|Piedmont|Turin","Turin","Piedmont","Italy","South","EU"
2400,"EU|South|Italy|Sardinia|Cagliari","Cagliari","Sardinia","Italy","South","EU"
2401,"EU|South|Italy|Sardinia|Quartu Sant'Elena","Quartu Sant'Elena","Sardinia","Italy","South","EU"
2402,"EU|South|Italy|Sardinia|Sassari","Sassari","Sardinia","Italy","South","EU"
2403,"EU|South|Italy|Sicily|Acireale","Acireale","Sicily","Italy","South","EU"
2404,"EU|South|Italy|Sicily|Agrigento","Agrigento","Sicily","Italy","South","EU"
2405,"EU|South|Italy|Sicily|Catania","Catania","Sicily","Italy","South","EU"
2406,"EU|South|Italy|Sicily|Gela","Gela","Sicily","Italy","South","EU"
2407,"EU|South|Italy|Sicily|Marsala","Marsala","Sicily","Italy","South","EU"
2408,"EU|South|Italy|Sicily|Messina","Messina","Sicily","Italy","South","EU"
2409,"EU|South|Italy|Sicily|Modica","Modica","Sicily","Italy","South","EU"
2410,"EU|South|Italy|Sicily|Palermo","Palermo","Sicily","Italy","South","EU"
2411,"EU|South|Italy|Sicily|Ragusa","Ragusa","Sicily","Italy","South","EU"
2412,"EU|South|Italy|Sicily|Trapani","Trapani","Sicily","Italy","South","EU"
2413,"EU|South|Italy|Sicily|Vittoria","Vittoria","Sicily","Italy","South","EU"
2414,"EU|South|Italy|Trentino-Alto Adige|Bolzano","Bolzano","Trentino-Alto Adige","Italy","South","EU"
2415,"EU|South|Italy|Trentino-Alto Adige|Trento","Trento","Trentino-Alto Adige","Italy","South","EU"
2416,"EU|South|Italy|Tuscany|Arezzo","Arezzo","Tuscany","Italy","South","EU"
2417,"EU|South|Italy|Tuscany|Capannori","Capannori","Tuscany","Italy","South","EU"
2418,"EU|South|Italy|Tuscany|Carrara","Carrara","Tuscany","Italy","South","EU"
2419,"EU|South|Italy|Tuscany|Florence","Florence","Tuscany","Italy","South","EU"
2420,"EU|South|Italy|Tuscany|Grosseto","Grosseto","Tuscany","Italy","South","EU"
2421,"EU|South|Italy|Tuscany|Lucca","Lucca","Tuscany","Italy","South","EU"
2422,"EU|South|Italy|Tuscany|Marina di Carrara","Marina di Carrara","Tuscany","Italy","South","EU"
2423,"EU|South|Italy|Tuscany|Massa","Massa","Tuscany","Italy","South","EU"
2424,"EU|South|Italy|Tuscany|Montecatini Terme","Montecatini Terme","Tuscany","Italy","South","EU"
2425,"EU|South|Italy|Tuscany|Pisa","Pisa","Tuscany","Italy","South","EU"
2426,"EU|South|Italy|Tuscany|Pistoia","Pistoia","Tuscany","Italy","South","EU"
2427,"EU|South|Italy|Tuscany|Prato","Prato","Tuscany","Italy","South","EU"
2428,"EU|South|Italy|Tuscany|Siena","Siena","Tuscany","Italy","South","EU"
2429,"EU|South|Italy|Umbria|Foligno","Foligno","Umbria","Italy","South","EU"
2430,"EU|South|Italy|Umbria|Perugia","Perugia","Umbria","Italy","South","EU"
2431,"EU|South|Italy|Veneto|Chioggia","Chioggia","Veneto","Italy","South","EU"
2432,"EU|South|Italy|Veneto|Rovigo","Rovigo","Veneto","Italy","South","EU"
2433,"EU|South|Italy|Veneto|Treviso","Treviso","Veneto","Italy","South","EU"
2434,"EU|South|Italy|Veneto|Venice","Venice","Veneto","Italy","South","EU"
2435,"EU|South|Italy|Veneto|Verona","Verona","Veneto","Italy","South","EU"
2436,"EU|South|Italy|Veneto|Vicenza","Vicenza","Veneto","Italy","South","EU"
2448,"EU|South|Spain|Andalusía|Chiclana de la Frontera","Chiclana de la Frontera","Andalusía","Spain","South","EU"
2449,"EU|South|Spain|Andalusía|Cártama","Cártama","Andalusía","Spain","South","EU"
2450,"EU|South|Spain|Andalusía|Dos Hermanas","Dos Hermanas","Andalusía","Spain","South","EU"
2451,"EU|South|Spain|Andalusía|El Ejido","El Ejido","Andalusía","Spain","South","EU"
2452,"EU|South|Spain|Andalusía|Estepona","Estepona","Andalusía","Spain","South","EU"
2453,"EU|South|Spain|Andalusía|Fuengirola","Fuengirola","Andalusía","Spain","South","EU"
2454,"EU|South|Spain|Andalusía|Granada","Granada","Andalusía","Spain","South","EU"
2455,"EU|South|Spain|Andalusía|Huelva","Huelva","Andalusía","Spain","South","EU"
2456,"EU|South|Spain|Andalusía|Jerez de la Frontera","Jerez de la Frontera","Andalusía","Spain","South","EU"
2457,"EU|South|Spain|Andalusía|Lora del Río","Lora del Río","Andalusía","Spain","South","EU"
2458,"EU|South|Spain|Andalusía|Marbella","Marbella","Andalusía","Spain","South","EU"
2459,"EU|South|Spain|Andalusía|Mijas","Mijas","Andalusía","Spain","South","EU"
2460,"EU|South|Spain|Andalusía|San Fernando","San Fernando","Andalusía","Spain","South","EU"
2461,"EU|South|Spain|Andalusía|Seville","Seville","Andalusía","Spain","South","EU"
2462,"EU|South|Spain|Andalusía|Torremolinos","Torremolinos","Andalusía","Spain","South","EU"
2463,"EU|South|Spain|Asturias|Oviedo","Oviedo","Asturias","Spain","South","EU"
2464,"EU|South|Spain|Balearic Islands|Palma de Mallorca","Palma de Mallorca","Balearic Islands","Spain","South","EU"
2465,"EU|South|Spain|Basque Country|Barakaldo","Barakaldo","Basque Country","Spain","South","EU"
2466,"EU|South|Spain|Basque Country|Bilbao","Bilbao","Basque Country","Spain","South","EU"
2467,"EU|South|Spain|Basque Country|Getxo","Getxo","Basque Country","Spain","South","EU"
2468,"EU|South|Spain|Basque Country|Irun","Irun","Basque Country","Spain","South","EU"
2469,"EU|South|Spain|Basque Country|San Sebastian","San Sebastian","Basque Country","Spain","South","EU"
2470,"EU|South|Spain|Basque Country|Vitoria","Vitoria","Basque Country","Spain","South","EU"
2471,"EU|South|Spain|Cantabria|Santander","Santander","Cantabria","Spain","South","EU"
2472,"EU|South|Spain|Castile and León|Burgos","Burgos","Castile and León","Spain","South","EU"
2473,"EU|South|Spain|Castile and León|Palencia","Palencia","Castile and León","Spain","South","EU"
2474,"EU|South|Spain|Castile and León|Ponferrada","Ponferrada","Castile and León","Spain","South","EU"
2475,"EU|South|Spain|Castile and León|Salamanca","Salamanca","Castile and León","Spain","South","EU"
2476,"EU|South|Spain|Castile and León|Segovia","Segovia","Castile and León","Spain","South","EU"
2477,"EU|South|Spain|Castile and León|Valladolid","Valladolid","Castile and León","Spain","South","EU"
2478,"EU|South|Spain|Castile and León|Zamora","Zamora","Castile and León","Spain","South","EU"
2479,"EU|South|Spain|Castile-La Mancha|Albacete","Albacete","Castile-La Mancha","Spain","South","EU"
2480,"EU|South|Spain|Castile-La Mancha|Cuenca","Cuenca","Castile-La Mancha","Spain","South","EU"
2481,"EU|South|Spain|Castile-La Mancha|Guadalajara","Guadalajara","Castile-La Mancha","Spain","South","EU"
2482,"EU|South|Spain|Castile-La Mancha|Puertollano","Puertollano","Castile-La Mancha","Spain","South","EU"
2483,"EU|South|Spain|Castile-La Mancha|Talavera de la Reina","Talavera de la Reina","Castile-La Mancha","Spain","South","EU"
2484,"EU|South|Spain|Castile-La Mancha|Toledo","Toledo","Castile-La Mancha","Spain","South","EU"
2485,"EU|South|Spain|Catalonia|Badalona","Badalona","Catalonia","Spain","South","EU"
2486,"EU|South|Spain|Catalonia|Barcelona","Barcelona","Catalonia","Spain","South","EU"
2487,"EU|South|Spain|Catalonia|Castelldefels","Castelldefels","Catalonia","Spain","South","EU"
2488,"EU|South|Spain|Catalonia|El Prat de Llobregat","El Prat de Llobregat","Catalonia","Spain","South","EU"
2489,"EU|South|Spain|Catalonia|Girona","Girona","Catalonia","Spain","South","EU"
2490,"EU|South|Spain|Catalonia|Granollers","Granollers","Catalonia","Spain","South","EU"
2491,"EU|South|Spain|Catalonia|Manresa","Manresa","Catalonia","Spain","South","EU"
2492,"EU|South|Spain|Catalonia|Reus","Reus","Catalonia","Spain","South","EU"
2493,"EU|South|Spain|Catalonia|Rubí","Rubí","Catalonia","Spain","South","EU"
2494,"EU|South|Spain|Catalonia|Sabadell","Sabadell","Catalonia","Spain","South","EU"
2495,"EU|South|Spain|Catalonia|Sant Boi de Llobregat","Sant Boi de Llobregat","Catalonia","Spain","South","EU"
2496,"EU|South|Spain|Catalonia|Tarragona","Tarragona","Catalonia","Spain","South","EU"
2497,"EU|South|Spain|Ceuta|Ceuta","Ceuta","Ceuta","Spain","South","EU"
2498,"EU|South|Spain|Extremadura|Badajoz","Badajoz","Extremadura","Spain","South","EU"
2499,"EU|South|Spain|Galicia|Lugo","Lugo","Galicia","Spain","South","EU"
2500,"EU|South|Spain|Galicia|Ponteareas","Ponteareas","Galicia","Spain","South","EU"
2501,"EU|South|Spain|Galicia|Pontevedra","Pontevedra","Galicia","Spain","South","EU"
2502,"EU|South|Spain|Galicia|Santiago de Compostela","Santiago de Compostela","Galicia","Spain","South","EU"
2503,"EU|South|Spain|Galicia|Vigo","Vigo","Galicia","Spain","South","EU"
2504,"EU|South|Spain|Madrid|Alcobendas","Alcobendas","Madrid","Spain","South","EU"
2505,"EU|South|Spain|Madrid|Coslada","Coslada","Madrid","Spain","South","EU"
2506,"EU|South|Spain|Madrid|El Escorial","El Escorial","Madrid","Spain","South","EU"
2507,"EU|South|Spain|Madrid|Fuenlabrada","Fuenlabrada","Madrid","Spain","South","EU"
2508,"EU|South|Spain|Madrid|Getafe","Getafe","Madrid","Spain","South","EU"
2509,"EU|South|Spain|Madrid|Las Rozas de Madrid","Las Rozas de Madrid","Madrid","Spain","South","EU"
2510,"EU|South|Spain|Madrid|Madrid","Madrid","Madrid","Spain","South","EU"
2511,"EU|South|Spain|Madrid|Majadahonda","Majadahonda","Madrid","Spain","South","EU"
2512,"EU|South|Spain|Madrid|Parla","Parla","Madrid","Spain","South","EU"
2513,"EU|South|Spain|Madrid|Valdemoro","Valdemoro","Madrid","Spain","South","EU"
2514,"EU|South|Spain|Melilla|Melilla","Melilla","Melilla","Spain","South","EU"
2515,"EU|South|Spain|Murcia|Cartagena","Cartagena","Murcia","Spain","South","EU"
2516,"EU|South|Spain|Murcia|Lorca","Lorca","Murcia","Spain","South","EU"
2517,"EU|South|Spain|Murcia|Molina de Segura","Molina de Segura","Murcia","Spain","South","EU"
2518,"EU|South|Spain|Murcia|Murcia","Murcia","Murcia","Spain","South","EU"
2519,"EU|South|Spain|Navarra|Pamplona","Pamplona","Navarra","Spain","South","EU"
2520,"EU|South|Spain|Valenciana|Alicante","Alicante","Valenciana","Spain","South","EU"
2521,"EU|South|Spain|Valenciana|Benidorm","Benidorm","Valenciana","Spain","South","EU"
2522,"EU|South|Spain|Valenciana|Elda","Elda","Valenciana","Spain","South","EU"
2523,"EU|South|Spain|Valenciana|Elx","Elx","Valenciana","Spain","South","EU"
2524,"EU|South|Spain|Valenciana|Gandia","Gandia","Valenciana","Spain","South","EU"
2525,"EU|South|Spain|Valenciana|Orihuela","Orihuela","Valenciana","Spain","South","EU"
2526,"EU|South|Spain|Valenciana|Sagunto","Sagunto","Valenciana","Spain","South","EU"
2527,"EU|South|Spain|Valenciana|Torrevieja","Torrevieja","Valenciana","Spain","South","EU"
2528,"EU|South|Spain|Valenciana|Valencia","Valencia","Valenciana","Spain","South","EU"
1497,"EU|Central|Austria|Carinthia|Klagenfurt","Klagenfurt","Carinthia","Austria","Central","EU"
1498,"EU|Central|Austria|Carinthia|Villach","Villach","Carinthia","Austria","Central","EU"
1499,"EU|Central|Austria|Salzburg|Salzburg","Salzburg","Salzburg","Austria","Central","EU"
1500,"EU|Central|Austria|Styria|Graz","Graz","Styria","Austria","Central","EU"
1501,"EU|Central|Austria|Tyrol|Innsbruck","Innsbruck","Tyrol","Austria","Central","EU"
1502,"EU|Central|Austria|Upper Austria|Linz","Linz","Upper Austria","Austria","Central","EU"
1503,"EU|Central|Austria|Upper Austria|Wels","Wels","Upper Austria","Austria","Central","EU"
1504,"EU|Central|Austria|Vienna|Vienna","Vienna","Vienna","Austria","Central","EU"
1505,"EU|Central|Belgium|Antwerp|Antwerp","Antwerp","Antwerp","Belgium","Central","EU"
1506,"EU|Central|Belgium|Antwerp|Mechelen","Mechelen","Antwerp","Belgium","Central","EU"
1507,"EU|Central|Belgium|Brussels|Brussels","Brussels","Brussels","Belgium","Central","EU"
1508,"EU|Central|Belgium|East Flanders|Aalst","Aalst","East Flanders","Belgium","Central","EU"
1509,"EU|Central|Belgium|East Flanders|Ghent","Ghent","East Flanders","Belgium","Central","EU"
1510,"EU|Central|Belgium|East Flanders|Hamme","Hamme","East Flanders","Belgium","Central","EU"
1511,"EU|Central|Belgium|Flemish Brabant|Leuven","Leuven","Flemish Brabant","Belgium","Central","EU"
1512,"EU|Central|Belgium|Hainaut|Charleroi","Charleroi","Hainaut","Belgium","Central","EU"
1513,"EU|Central|Belgium|Hainaut|Mouscron","Mouscron","Hainaut","Belgium","Central","EU"
1514,"EU|Central|Belgium|Hainaut|Tournai","Tournai","Hainaut","Belgium","Central","EU"
1515,"EU|Central|Belgium|Limburg|Genk","Genk","Limburg","Belgium","Central","EU"
1516,"EU|Central|Belgium|Limburg|Hasselt","Hasselt","Limburg","Belgium","Central","EU"
1517,"EU|Central|Belgium|Limburg|Peer","Peer","Limburg","Belgium","Central","EU"
1518,"EU|Central|Belgium|Liège|Seraing","Seraing","Liège","Belgium","Central","EU"
1519,"EU|Central|Belgium|Liège|Verviers","Verviers","Liège","Belgium","Central","EU"
1520,"EU|Central|Belgium|Namur|Namur","Namur","Namur","Belgium","Central","EU"
1521,"EU|Central|Belgium|West Flanders|Bruges","Bruges","West Flanders","Belgium","Central","EU"
1522,"EU|Central|Belgium|West Flanders|Kortrijk","Kortrijk","West Flanders","Belgium","Central","EU"
1523,"EU|Central|Belgium|West Flanders|Roeselare","Roeselare","West Flanders","Belgium","Central","EU"
2054,"EU|Central|Netherlands|Drenthe|Assen","Assen","Drenthe","Netherlands","Central","EU"
2055,"EU|Central|Netherlands|Drenthe|Emmen","Emmen","Drenthe","Netherlands","Central","EU"
2056,"EU|Central|Netherlands|Friesland|Leeuwarden","Leeuwarden","Friesland","Netherlands","Central","EU"
2057,"EU|Central|Netherlands|Gelderland|Apeldoorn","Apeldoorn","Gelderland","Netherlands","Central","EU"
2058,"EU|Central|Netherlands|Gelderland|Arnhem","Arnhem","Gelderland","Netherlands","Central","EU"
2059,"EU|Central|Netherlands|Gelderland|Barneveld","Barneveld","Gelderland","Netherlands","Central","EU"
2060,"EU|Central|Netherlands|Gelderland|Doetinchem","Doetinchem","Gelderland","Netherlands","Central","EU"
2061,"EU|Central|Netherlands|Gelderland|Nijmegen","Nijmegen","Gelderland","Netherlands","Central","EU"
2062,"EU|Central|Netherlands|Groningen|Groningen","Groningen","Groningen","Netherlands","Central","EU"
2063,"EU|Central|Netherlands|Limburg|Heerlen","Heerlen","Limburg","Netherlands","Central","EU"
2064,"EU|Central|Netherlands|Limburg|Maastricht","Maastricht","Limburg","Netherlands","Central","EU"
2065,"EU|Central|Netherlands|Limburg|Roermond","Roermond","Limburg","Netherlands","Central","EU"
2066,"EU|Central|Netherlands|Limburg|Sittard","Sittard","Limburg","Netherlands","Central","EU"
2067,"EU|Central|Netherlands|Limburg|Venlo","Venlo","Limburg","Netherlands","Central","EU"
2068,"EU|Central|Netherlands|North Brabant|Bergen op Zoom","Bergen op Zoom","North Brabant","Netherlands","Central","EU"
2069,"EU|Central|Netherlands|North Brabant|Breda","Breda","North Brabant","Netherlands","Central","EU"
2070,"EU|Central|Netherlands|North Brabant|Eindhoven","Eindhoven","North Brabant","Netherlands","Central","EU"
2071,"EU|Central|Netherlands|North Brabant|Helmond","Helmond","North Brabant","Netherlands","Central","EU"
2072,"EU|Central|Netherlands|North Brabant|Oosterhout","Oosterhout","North Brabant","Netherlands","Central","EU"
2073,"EU|Central|Netherlands|North Brabant|Oss","Oss","North Brabant","Netherlands","Central","EU"
2074,"EU|Central|Netherlands|North Brabant|Roosendaal","Roosendaal","North Brabant","Netherlands","Central","EU"
2075,"EU|Central|Netherlands|North Brabant|Tilburg","Tilburg","North Brabant","Netherlands","Central","EU"
2076,"EU|Central|Netherlands|North Holland|Alkmaar","Alkmaar","North Holland","Netherlands","Central","EU"
2077,"EU|Central|Netherlands|North Holland|Amsterdam","Amsterdam","North Holland","Netherlands","Central","EU"
2078,"EU|Central|Netherlands|North Holland|Den Helder","Den Helder","North Holland","Netherlands","Central","EU"
2079,"EU|Central|Netherlands|North Holland|Haarlem","Haarlem","North Holland","Netherlands","Central","EU"
2080,"EU|Central|Netherlands|North Holland|Hilversum","Hilversum","North Holland","Netherlands","Central","EU"
2081,"EU|Central|Netherlands|North Holland|Purmerend","Purmerend","North Holland","Netherlands","Central","EU"
2082,"EU|Central|Netherlands|North Holland|Uithoorn","Uithoorn","North Holland","Netherlands","Central","EU"
2083,"EU|Central|Netherlands|North Holland|Velsen","Velsen","North Holland","Netherlands","Central","EU"
2084,"EU|Central|Netherlands|North Holland|Zaanstad","Zaanstad","North Holland","Netherlands","Central","EU"
2085,"EU|Central|Netherlands|Overijssel|Almelo","Almelo","Overijssel","Netherlands","Central","EU"
2086,"EU|Central|Netherlands|Overijssel|Deventer","Deventer","Overijssel","Netherlands","Central","EU"
2087,"EU|Central|Netherlands|Overijssel|Enschede","Enschede","Overijssel","Netherlands","Central","EU"
2088,"EU|Central|Netherlands|Overijssel|Hardenberg","Hardenberg","Overijssel","Netherlands","Central","EU"
2089,"EU|Central|Netherlands|Overijssel|Hengelo","Hengelo","Overijssel","Netherlands","Central","EU"
2090,"EU|Central|Netherlands|Overijssel|Zwolle","Zwolle","Overijssel","Netherlands","Central","EU"
2091,"EU|Central|Netherlands|South Holland|Alphen aan den Rijn","Alphen aan den Rijn","South Holland","Netherlands","Central","EU"
2092,"EU|Central|Netherlands|South Holland|Capelle aan den IJssel","Capelle aan den IJssel","South Holland","Netherlands","Central","EU"
2093,"EU|Central|Netherlands|South Holland|Delft","Delft","South Holland","Netherlands","Central","EU"
2094,"EU|Central|Netherlands|South Holland|Dordrecht","Dordrecht","South Holland","Netherlands","Central","EU"
2095,"EU|Central|Netherlands|South Holland|Leiden","Leiden","South Holland","Netherlands","Central","EU"
2096,"EU|Central|Netherlands|South Holland|Rotterdam","Rotterdam","South Holland","Netherlands","Central","EU"
2097,"EU|Central|Netherlands|South Holland|Schiedam","Schiedam","South Holland","Netherlands","Central","EU"
2098,"EU|Central|Netherlands|South Holland|Spijkenisse","Spijkenisse","South Holland","Netherlands","Central","EU"
2099,"EU|Central|Netherlands|South Holland|The Hague","The Hague","South Holland","Netherlands","Central","EU"
2100,"EU|Central|Netherlands|South Holland|Vlaardingen","Vlaardingen","South Holland","Netherlands","Central","EU"
2101,"EU|Central|Netherlands|Utrecht|Amersfoort","Amersfoort","Utrecht","Netherlands","Central","EU"
2102,"EU|Central|Netherlands|Utrecht|Nieuwegein","Nieuwegein","Utrecht","Netherlands","Central","EU"
2103,"EU|Central|Netherlands|Utrecht|Utrecht","Utrecht","Utrecht","Netherlands","Central","EU"
2104,"EU|Central|Netherlands|Utrecht|Veenendaal","Veenendaal","Utrecht","Netherlands","Central","EU"
2105,"EU|Central|Netherlands|Utrecht|Zeist","Zeist","Utrecht","Netherlands","Central","EU"
2106,"EU|Central|Netherlands|Zeeland|Terneuzen","Terneuzen","Zeeland","Netherlands","Central","EU"
2107,"EU|Central|Switzerland|Basel-Stadt|Basel","Basel","Basel-Stadt","Switzerland","Central","EU"
2108,"EU|Central|Switzerland|Bern|Berne","Berne","Bern","Switzerland","Central","EU"
2109,"EU|Central|Switzerland|Geneva|Geneva","Geneva","Geneva","Switzerland","Central","EU"
2110,"EU|Central|Switzerland|Lucerne|Lucerne","Lucerne","Lucerne","Switzerland","Central","EU"
2111,"EU|Central|Switzerland|St. Gallen|St. Gallen","St. Gallen","St. Gallen","Switzerland","Central","EU"
2112,"EU|Central|Switzerland|Vaud|Lausanne","Lausanne","Vaud","Switzerland","Central","EU"
2113,"EU|Central|Switzerland|Zürich|Winterthur","Winterthur","Zürich","Switzerland","Central","EU"
2114,"EU|Central|Switzerland|Zürich|Zurich","Zurich","Zürich","Switzerland","Central","EU"
2115,"EU|North|Denmark|Central Jutland|Randers","Randers","Central Jutland","Denmark","North","EU"
2116,"EU|North|Denmark|Hovedstaden|Copenhagen","Copenhagen","Hovedstaden","Denmark","North","EU"
2117,"EU|North|Denmark|Hovedstaden|Frederiksberg","Frederiksberg","Hovedstaden","Denmark","North","EU"
2118,"EU|North|Denmark|South Denmark|Esbjerg","Esbjerg","South Denmark","Denmark","North","EU"
2119,"EU|North|Denmark|South Denmark|Odense","Odense","South Denmark","Denmark","North","EU"
2120,"EU|North|Denmark|South Denmark|Sonderborg","Sonderborg","South Denmark","Denmark","North","EU"
2121,"EU|North|Denmark|Zealand|Kalundborg","Kalundborg","Zealand","Denmark","North","EU"
2122,"EU|North|Finland|Finland Proper|Turku","Turku","Finland Proper","Finland","North","EU"
2123,"EU|North|Finland|Kymenlaakso|Kotka","Kotka","Kymenlaakso","Finland","North","EU"
2124,"EU|North|Finland|Uusimaa|Espoo","Espoo","Uusimaa","Finland","North","EU"
2125,"EU|North|Finland|Uusimaa|Helsinki","Helsinki","Uusimaa","Finland","North","EU"
2126,"EU|North|Finland|Uusimaa|Vantaa","Vantaa","Uusimaa","Finland","North","EU"
2127,"EU|North|Ireland|Cork|Cork","Cork","Cork","Ireland","North","EU"
2128,"EU|North|Ireland|Dublin|Dublin","Dublin","Dublin","Ireland","North","EU"
2129,"EU|North|Ireland|Galway|Galway","Galway","Galway","Ireland","North","EU"
2130,"EU|North|Ireland|South Dublin|Tallaght","Tallaght","South Dublin","Ireland","North","EU"
2131,"EU|North|Norway|Buskerud|Drammen","Drammen","Buskerud","Norway","North","EU"
2132,"EU|North|Norway|Hedmark|Hamar","Hamar","Hedmark","Norway","North","EU"
2133,"EU|North|Norway|Hordaland|Bergen","Bergen","Hordaland","Norway","North","EU"
2134,"EU|North|Norway|Oslo|Oslo","Oslo","Oslo","Norway","North","EU"
2135,"EU|North|Norway|Rogaland|Sandnes","Sandnes","Rogaland","Norway","North","EU"
2136,"EU|North|Norway|Rogaland|Stavanger","Stavanger","Rogaland","Norway","North","EU"
2137,"EU|North|Norway|Vest-Agder|Kristiansand","Kristiansand","Vest-Agder","Norway","North","EU"
2138,"EU|North|Sweden|Halland|Halmstad","Halmstad","Halland","Sweden","North","EU"
2139,"EU|North|Sweden|Skåne|Helsingborg","Helsingborg","Skåne","Sweden","North","EU"
2140,"EU|North|Sweden|Skåne|Landskrona","Landskrona","Skåne","Sweden","North","EU"
2141,"EU|North|Sweden|Skåne|Lund","Lund","Skåne","Sweden","North","EU"
2142,"EU|North|Sweden|Stockholm|Haninge","Haninge","Stockholm","Sweden","North","EU"
2143,"EU|North|Sweden|Stockholm|Huddinge","Huddinge","Stockholm","Sweden","North","EU"
2144,"EU|North|Sweden|Stockholm|Nacka","Nacka","Stockholm","Sweden","North","EU"
2145,"EU|North|Sweden|Stockholm|Solna","Solna","Stockholm","Sweden","North","EU"
2146,"EU|North|Sweden|Stockholm|Stockholm","Stockholm","Stockholm","Sweden","North","EU"
2147,"EU|North|Sweden|Stockholm|Upplands Väsby","Upplands Väsby","Stockholm","Sweden","North","EU"
2148,"EU|North|Sweden|Södermanland|Eskilstuna","Eskilstuna","Södermanland","Sweden","North","EU"
2149,"EU|North|Sweden|Uppsala|Uppsala","Uppsala","Uppsala","Sweden","North","EU"
2150,"EU|North|Sweden|Värmland|Karlstad","Karlstad","Värmland","Sweden","North","EU"
2151,"EU|North|Sweden|Västra Götaland|Gothenburg","Gothenburg","Västra Götaland","Sweden","North","EU"
2296,"EU|North|United Kingdom|Scotland|Aberdeen","Aberdeen","Scotland","United Kingdom","North","EU"
2297,"EU|North|United Kingdom|Scotland|Cumbernauld","Cumbernauld","Scotland","United Kingdom","North","EU"
2298,"EU|North|United Kingdom|Scotland|Dundee","Dundee","Scotland","United Kingdom","North","EU"
2299,"EU|North|United Kingdom|Scotland|East Kilbride","East Kilbride","Scotland","United Kingdom","North","EU"
2300,"EU|North|United Kingdom|Scotland|Edinburgh","Edinburgh","Scotland","United Kingdom","North","EU"
2301,"EU|North|United Kingdom|Scotland|Glasgow","Glasgow","Scotland","United Kingdom","North","EU"
2302,"EU|North|United Kingdom|Scotland|Kilwinning","Kilwinning","Scotland","United Kingdom","North","EU"
2303,"EU|North|United Kingdom|Scotland|Livingston","Livingston","Scotland","United Kingdom","North","EU"
2304,"EU|North|United Kingdom|Scotland|Paisley","Paisley","Scotland","United Kingdom","North","EU"
2305,"EU|North|United Kingdom|Wales|Barry","Barry","Wales","United Kingdom","North","EU"
2306,"EU|North|United Kingdom|Wales|Briton Ferry","Briton Ferry","Wales","United Kingdom","North","EU"
2307,"EU|North|United Kingdom|Wales|Cardiff","Cardiff","Wales","United Kingdom","North","EU"
2308,"EU|North|United Kingdom|Wales|Clydach","Clydach","Wales","United Kingdom","North","EU"
2309,"EU|North|United Kingdom|Wales|Rhondda","Rhondda","Wales","United Kingdom","North","EU"
2310,"EU|North|United Kingdom|Wales|Swansea","Swansea","Wales","United Kingdom","North","EU"
2437,"EU|South|Portugal|Aveiro|Feira","Feira","Aveiro","Portugal","South","EU"
2438,"EU|South|Portugal|Braga|Braga","Braga","Braga","Portugal","South","EU"
2439,"EU|South|Portugal|Braga|Guimarães","Guimarães","Braga","Portugal","South","EU"
2440,"EU|South|Portugal|Coimbra|Coimbra","Coimbra","Coimbra","Portugal","South","EU"
2441,"EU|South|Portugal|Lisboa|Amadora","Amadora","Lisboa","Portugal","South","EU"
2442,"EU|South|Portugal|Lisboa|Lisbon","Lisbon","Lisboa","Portugal","South","EU"
2443,"EU|South|Portugal|Lisboa|Loures","Loures","Lisboa","Portugal","South","EU"
2444,"EU|South|Portugal|Lisboa|Odivelas","Odivelas","Lisboa","Portugal","South","EU"
2445,"EU|South|Portugal|Porto|Porto","Porto","Porto","Portugal","South","EU"
2446,"EU|South|Portugal|Porto|Vila Nova de Gaia","Vila Nova de Gaia","Porto","Portugal","South","EU"
2447,"EU|South|Portugal|Setúbal|Arrentela","Arrentela","Setúbal","Portugal","South","EU"
2152,"EU|North|United Kingdom|England|Ashford","Ashford","England","United Kingdom","North","EU"
2153,"EU|North|United Kingdom|England|Aylesbury","Aylesbury","England","United Kingdom","North","EU"
2154,"EU|North|United Kingdom|England|Barnsley","Barnsley","England","United Kingdom","North","EU"
2155,"EU|North|United Kingdom|England|Basildon","Basildon","England","United Kingdom","North","EU"
2156,"EU|North|United Kingdom|England|Basingstoke","Basingstoke","England","United Kingdom","North","EU"
2157,"EU|North|United Kingdom|England|Bath","Bath","England","United Kingdom","North","EU"
2158,"EU|North|United Kingdom|England|Bedford","Bedford","England","United Kingdom","North","EU"
2159,"EU|North|United Kingdom|England|Bideford","Bideford","England","United Kingdom","North","EU"
2160,"EU|North|United Kingdom|England|Birkenhead","Birkenhead","England","United Kingdom","North","EU"
2161,"EU|North|United Kingdom|England|Birmingham","Birmingham","England","United Kingdom","North","EU"
2162,"EU|North|United Kingdom|England|Blackburn","Blackburn","England","United Kingdom","North","EU"
2163,"EU|North|United Kingdom|England|Blackpool","Blackpool","England","United Kingdom","North","EU"
2164,"EU|North|United Kingdom|England|Bognor Regis","Bognor Regis","England","United Kingdom","North","EU"
2165,"EU|North|United Kingdom|England|Bolton","Bolton","England","United Kingdom","North","EU"
2166,"EU|North|United Kingdom|England|Bournemouth","Bournemouth","England","United Kingdom","North","EU"
2167,"EU|North|United Kingdom|England|Bracknell","Bracknell","England","United Kingdom","North","EU"
2168,"EU|North|United Kingdom|England|Bradford","Bradford","England","United Kingdom","North","EU"
2169,"EU|North|United Kingdom|England|Brighton","Brighton","England","United Kingdom","North","EU"
2170,"EU|North|United Kingdom|England|Bristol","Bristol","England","United Kingdom","North","EU"
2171,"EU|North|United Kingdom|England|Burnley","Burnley","England","United Kingdom","North","EU"
2172,"EU|North|United Kingdom|England|Bury","Bury","England","United Kingdom","North","EU"
2173,"EU|North|United Kingdom|England|Cambridge","Cambridge","England","United Kingdom","North","EU"
2174,"EU|North|United Kingdom|England|Carlisle","Carlisle","England","United Kingdom","North","EU"
2175,"EU|North|United Kingdom|England|Chapel Allerton","Chapel Allerton","England","United Kingdom","North","EU"
2176,"EU|North|United Kingdom|England|Chatham","Chatham","England","United Kingdom","North","EU"
2177,"EU|North|United Kingdom|England|Chelmsford","Chelmsford","England","United Kingdom","North","EU"
2178,"EU|North|United Kingdom|England|Cheltenham","Cheltenham","England","United Kingdom","North","EU"
2179,"EU|North|United Kingdom|England|Cheshunt","Cheshunt","England","United Kingdom","North","EU"
2180,"EU|North|United Kingdom|England|Chester","Chester","England","United Kingdom","North","EU"
2181,"EU|North|United Kingdom|England|Chesterfield","Chesterfield","England","United Kingdom","North","EU"
2182,"EU|North|United Kingdom|England|Clacton-on-Sea","Clacton-on-Sea","England","United Kingdom","North","EU"
2183,"EU|North|United Kingdom|England|Colchester","Colchester","England","United Kingdom","North","EU"
2184,"EU|North|United Kingdom|England|Coventry","Coventry","England","United Kingdom","North","EU"
2185,"EU|North|United Kingdom|England|Crawley","Crawley","England","United Kingdom","North","EU"
2186,"EU|North|United Kingdom|England|Crewe","Crewe","England","United Kingdom","North","EU"
2187,"EU|North|United Kingdom|England|Darlington","Darlington","England","United Kingdom","North","EU"
2188,"EU|North|United Kingdom|England|Dartford","Dartford","England","United Kingdom","North","EU"
2189,"EU|North|United Kingdom|England|Darton","Darton","England","United Kingdom","North","EU"
2190,"EU|North|United Kingdom|England|Derby","Derby","England","United Kingdom","North","EU"
2191,"EU|North|United Kingdom|England|Dewsbury","Dewsbury","England","United Kingdom","North","EU"
2192,"EU|North|United Kingdom|England|Doncaster","Doncaster","England","United Kingdom","North","EU"
2193,"EU|North|United Kingdom|England|Dronfield","Dronfield","England","United Kingdom","North","EU"
2194,"EU|North|United Kingdom|England|Dudley","Dudley","England","United Kingdom","North","EU"
2195,"EU|North|United Kingdom|England|Dunstable","Dunstable","England","United Kingdom","North","EU"
2196,"EU|North|United Kingdom|England|Eastbourne","Eastbourne","England","United Kingdom","North","EU"
2197,"EU|North|United Kingdom|England|Exeter","Exeter","England","United Kingdom","North","EU"
2198,"EU|North|United Kingdom|England|Fareham","Fareham","England","United Kingdom","North","EU"
2199,"EU|North|United Kingdom|England|Farnborough","Farnborough","England","United Kingdom","North","EU"
2200,"EU|North|United Kingdom|England|Ferndown","Ferndown","England","United Kingdom","North","EU"
2201,"EU|North|United Kingdom|England|Gateshead","Gateshead","England","United Kingdom","North","EU"
2202,"EU|North|United Kingdom|England|Gillingham","Gillingham","England","United Kingdom","North","EU"
2203,"EU|North|United Kingdom|England|Gloucester","Gloucester","England","United Kingdom","North","EU"
2204,"EU|North|United Kingdom|England|Gosport","Gosport","England","United Kingdom","North","EU"
2205,"EU|North|United Kingdom|England|Gravesend","Gravesend","England","United Kingdom","North","EU"
2206,"EU|North|United Kingdom|England|Great Yarmouth","Great Yarmouth","England","United Kingdom","North","EU"
2207,"EU|North|United Kingdom|England|Guildford","Guildford","England","United Kingdom","North","EU"
2208,"EU|North|United Kingdom|England|Halesowen","Halesowen","England","United Kingdom","North","EU"
2209,"EU|North|United Kingdom|England|Halifax","Halifax","England","United Kingdom","North","EU"
2210,"EU|North|United Kingdom|England|Harlow","Harlow","England","United Kingdom","North","EU"
2211,"EU|North|United Kingdom|England|Harrogate","Harrogate","England","United Kingdom","North","EU"
2212,"EU|North|United Kingdom|England|Harrow","Harrow","England","United Kingdom","North","EU"
2213,"EU|North|United Kingdom|England|Hartlepool","Hartlepool","England","United Kingdom","North","EU"
2214,"EU|North|United Kingdom|England|Hastings","Hastings","England","United Kingdom","North","EU"
2215,"EU|North|United Kingdom|England|Hemel Hempstead","Hemel Hempstead","England","United Kingdom","North","EU"
2216,"EU|North|United Kingdom|England|Hereford","Hereford","England","United Kingdom","North","EU"
2217,"EU|North|United Kingdom|England|High Wycombe","High Wycombe","England","United Kingdom","North","EU"
2218,"EU|North|United Kingdom|England|Hinckley","Hinckley","England","United Kingdom","North","EU"
2219,"EU|North|United Kingdom|England|Hove","Hove","England","United Kingdom","North","EU"
2220,"EU|North|United Kingdom|England|Huddersfield","Huddersfield","England","United Kingdom","North","EU"
2221,"EU|North|United Kingdom|England|Ipswich","Ipswich","England","United Kingdom","North","EU"
2222,"EU|North|United Kingdom|England|Kettering","Kettering","England","United Kingdom","North","EU"
2223,"EU|North|United Kingdom|England|Kidderminster","Kidderminster","England","United Kingdom","North","EU"
2224,"EU|North|United Kingdom|England|Kingswood","Kingswood","England","United Kingdom","North","EU"
2225,"EU|North|United Kingdom|England|Leeds","Leeds","England","United Kingdom","North","EU"
2226,"EU|North|United Kingdom|England|Leicester","Leicester","England","United Kingdom","North","EU"
2227,"EU|North|United Kingdom|England|Letchworth","Letchworth","England","United Kingdom","North","EU"
2228,"EU|North|United Kingdom|England|Lincoln","Lincoln","England","United Kingdom","North","EU"
2229,"EU|North|United Kingdom|England|Littlehampton","Littlehampton","England","United Kingdom","North","EU"
2230,"EU|North|United Kingdom|England|Liverpool","Liverpool","England","United Kingdom","North","EU"
2231,"EU|North|United Kingdom|England|London","London","England","United Kingdom","North","EU"
2232,"EU|North|United Kingdom|England|Loughborough","Loughborough","England","United Kingdom","North","EU"
2233,"EU|North|United Kingdom|England|Lowestoft","Lowestoft","England","United Kingdom","North","EU"
2234,"EU|North|United Kingdom|England|Luton","Luton","England","United Kingdom","North","EU"
2235,"EU|North|United Kingdom|England|Maidenhead","Maidenhead","England","United Kingdom","North","EU"
2236,"EU|North|United Kingdom|England|Maidstone","Maidstone","England","United Kingdom","North","EU"
2237,"EU|North|United Kingdom|England|Manchester","Manchester","England","United Kingdom","North","EU"
2238,"EU|North|United Kingdom|England|Mansfield","Mansfield","England","United Kingdom","North","EU"
2239,"EU|North|United Kingdom|England|Margate","Margate","England","United Kingdom","North","EU"
2240,"EU|North|United Kingdom|England|Middlesbrough","Middlesbrough","England","United Kingdom","North","EU"
2241,"EU|North|United Kingdom|England|Morley","Morley","England","United Kingdom","North","EU"
2242,"EU|North|United Kingdom|England|Newcastle upon Tyne","Newcastle upon Tyne","England","United Kingdom","North","EU"
2243,"EU|North|United Kingdom|England|Northampton","Northampton","England","United Kingdom","North","EU"
2244,"EU|North|United Kingdom|England|Northwich","Northwich","England","United Kingdom","North","EU"
2245,"EU|North|United Kingdom|England|Norwich","Norwich","England","United Kingdom","North","EU"
2246,"EU|North|United Kingdom|England|Nottingham","Nottingham","England","United Kingdom","North","EU"
2247,"EU|North|United Kingdom|England|Nuneaton","Nuneaton","England","United Kingdom","North","EU"
2248,"EU|North|United Kingdom|England|Oldham","Oldham","England","United Kingdom","North","EU"
2249,"EU|North|United Kingdom|England|Oxford","Oxford","England","United Kingdom","North","EU"
2250,"EU|North|United Kingdom|England|Peterborough","Peterborough","England","United Kingdom","North","EU"
2251,"EU|North|United Kingdom|England|Plymouth","Plymouth","England","United Kingdom","North","EU"
2252,"EU|North|United Kingdom|England|Poole","Poole","England","United Kingdom","North","EU"
2253,"EU|North|United Kingdom|England|Portsmouth","Portsmouth","England","United Kingdom","North","EU"
2254,"EU|North|United Kingdom|England|Preston","Preston","England","United Kingdom","North","EU"
2255,"EU|North|United Kingdom|England|Reading","Reading","England","United Kingdom","North","EU"
2256,"EU|North|United Kingdom|England|Redditch","Redditch","England","United Kingdom","North","EU"
2257,"EU|North|United Kingdom|England|Rochdale","Rochdale","England","United Kingdom","North","EU"
2258,"EU|North|United Kingdom|England|Rotherham","Rotherham","England","United Kingdom","North","EU"
2259,"EU|North|United Kingdom|England|Rottingdean","Rottingdean","England","United Kingdom","North","EU"
2260,"EU|North|United Kingdom|England|Rugby","Rugby","England","United Kingdom","North","EU"
2261,"EU|North|United Kingdom|England|Runcorn","Runcorn","England","United Kingdom","North","EU"
2262,"EU|North|United Kingdom|England|Sale","Sale","England","United Kingdom","North","EU"
2263,"EU|North|United Kingdom|England|Sheffield","Sheffield","England","United Kingdom","North","EU"
2264,"EU|North|United Kingdom|England|Shrewsbury","Shrewsbury","England","United Kingdom","North","EU"
2265,"EU|North|United Kingdom|England|Slough","Slough","England","United Kingdom","North","EU"
2266,"EU|North|United Kingdom|England|Solihull","Solihull","England","United Kingdom","North","EU"
2267,"EU|North|United Kingdom|England|South Shields","South Shields","England","United Kingdom","North","EU"
2268,"EU|North|United Kingdom|England|Southend-on-Sea","Southend-on-Sea","England","United Kingdom","North","EU"
2269,"EU|North|United Kingdom|England|Southport","Southport","England","United Kingdom","North","EU"
2270,"EU|North|United Kingdom|England|Stafford","Stafford","England","United Kingdom","North","EU"
2271,"EU|North|United Kingdom|England|Stockport","Stockport","England","United Kingdom","North","EU"
2272,"EU|North|United Kingdom|England|Stockton-on-Tees","Stockton-on-Tees","England","United Kingdom","North","EU"
2273,"EU|North|United Kingdom|England|Stoke-on-Trent","Stoke-on-Trent","England","United Kingdom","North","EU"
2274,"EU|North|United Kingdom|England|Stourbridge","Stourbridge","England","United Kingdom","North","EU"
2275,"EU|North|United Kingdom|England|Sunderland","Sunderland","England","United Kingdom","North","EU"
2276,"EU|North|United Kingdom|England|Swindon","Swindon","England","United Kingdom","North","EU"
2277,"EU|North|United Kingdom|England|Tamworth","Tamworth","England","United Kingdom","North","EU"
2278,"EU|North|United Kingdom|England|Taunton","Taunton","England","United Kingdom","North","EU"
2279,"EU|North|United Kingdom|England|Torquay","Torquay","England","United Kingdom","North","EU"
2280,"EU|North|United Kingdom|England|Wakefield","Wakefield","England","United Kingdom","North","EU"
2281,"EU|North|United Kingdom|England|Wallasey","Wallasey","England","United Kingdom","North","EU"
2282,"EU|North|United Kingdom|England|Walsall","Walsall","England","United Kingdom","North","EU"
2283,"EU|North|United Kingdom|England|Warrington","Warrington","England","United Kingdom","North","EU"
2284,"EU|North|United Kingdom|England|Washington","Washington","England","United Kingdom","North","EU"
2285,"EU|North|United Kingdom|England|Waterlooville","Waterlooville","England","United Kingdom","North","EU"
2286,"EU|North|United Kingdom|England|Watford","Watford","England","United Kingdom","North","EU"
2287,"EU|North|United Kingdom|England|West Bromwich","West Bromwich","England","United Kingdom","North","EU"
2288,"EU|North|United Kingdom|England|Weston-super-Mare","Weston-super-Mare","England","United Kingdom","North","EU"
2289,"EU|North|United Kingdom|England|Widnes","Widnes","England","United Kingdom","North","EU"
2290,"EU|North|United Kingdom|England|Wigan","Wigan","England","United Kingdom","North","EU"
2291,"EU|North|United Kingdom|England|Woking","Woking","England","United Kingdom","North","EU"
2292,"EU|North|United Kingdom|England|Wolverhampton","Wolverhampton","England","United Kingdom","North","EU"
2293,"EU|North|United Kingdom|England|Worcester","Worcester","England","United Kingdom","North","EU"
2294,"EU|North|United Kingdom|England|Worthing","Worthing","England","United Kingdom","North","EU"
2295,"EU|North|United Kingdom|England|York","York","England","United Kingdom","North","EU"
1591,"EU|Central|France|Ile-de-France|Alfortville","Alfortville","Ile-de-France","France","Central","EU"
1592,"EU|Central|France|Ile-de-France|Antony","Antony","Ile-de-France","France","Central","EU"
1593,"EU|Central|France|Ile-de-France|Argenteuil","Argenteuil","Ile-de-France","France","Central","EU"
1594,"EU|Central|France|Ile-de-France|Athis-Mons","Athis-Mons","Ile-de-France","France","Central","EU"
1595,"EU|Central|France|Ile-de-France|Aubervilliers","Aubervilliers","Ile-de-France","France","Central","EU"
1596,"EU|Central|France|Ile-de-France|Aulnay-sous-Bois","Aulnay-sous-Bois","Ile-de-France","France","Central","EU"
1597,"EU|Central|France|Ile-de-France|Avon","Avon","Ile-de-France","France","Central","EU"
1598,"EU|Central|France|Ile-de-France|Bagneux","Bagneux","Ile-de-France","France","Central","EU"
1599,"EU|Central|France|Ile-de-France|Bagnolet","Bagnolet","Ile-de-France","France","Central","EU"
1600,"EU|Central|France|Ile-de-France|Bezons","Bezons","Ile-de-France","France","Central","EU"
1601,"EU|Central|France|Ile-de-France|Bobigny","Bobigny","Ile-de-France","France","Central","EU"
1602,"EU|Central|France|Ile-de-France|Bondy","Bondy","Ile-de-France","France","Central","EU"
1603,"EU|Central|France|Ile-de-France|Bonneuil-sur-Marne","Bonneuil-sur-Marne","Ile-de-France","France","Central","EU"
1604,"EU|Central|France|Ile-de-France|Boulogne-Billancourt","Boulogne-Billancourt","Ile-de-France","France","Central","EU"
1605,"EU|Central|France|Ile-de-France|Bry-sur-Marne","Bry-sur-Marne","Ile-de-France","France","Central","EU"
1606,"EU|Central|France|Ile-de-France|Cachan","Cachan","Ile-de-France","France","Central","EU"
1607,"EU|Central|France|Ile-de-France|Cergy","Cergy","Ile-de-France","France","Central","EU"
1608,"EU|Central|France|Ile-de-France|Champigny-sur-Marne","Champigny-sur-Marne","Ile-de-France","France","Central","EU"
1609,"EU|Central|France|Ile-de-France|Chelles","Chelles","Ile-de-France","France","Central","EU"
1610,"EU|Central|France|Ile-de-France|Chilly-Mazarin","Chilly-Mazarin","Ile-de-France","France","Central","EU"
1611,"EU|Central|France|Ile-de-France|Choisy-le-Roi","Choisy-le-Roi","Ile-de-France","France","Central","EU"
1612,"EU|Central|France|Ile-de-France|Clamart","Clamart","Ile-de-France","France","Central","EU"
1613,"EU|Central|France|Ile-de-France|Clichy","Clichy","Ile-de-France","France","Central","EU"
1614,"EU|Central|France|Ile-de-France|Clichy-sous-Bois","Clichy-sous-Bois","Ile-de-France","France","Central","EU"
1615,"EU|Central|France|Ile-de-France|Colombes","Colombes","Ile-de-France","France","Central","EU"
1616,"EU|Central|France|Ile-de-France|Conflans-Sainte-Honorine","Conflans-Sainte-Honorine","Ile-de-France","France","Central","EU"
1617,"EU|Central|France|Ile-de-France|Corbeil-Essonnes","Corbeil-Essonnes","Ile-de-France","France","Central","EU"
1618,"EU|Central|France|Ile-de-France|Cormeilles-en-Parisis","Cormeilles-en-Parisis","Ile-de-France","France","Central","EU"
1619,"EU|Central|France|Ile-de-France|Coulommiers","Coulommiers","Ile-de-France","France","Central","EU"
1620,"EU|Central|France|Ile-de-France|Courbevoie","Courbevoie","Ile-de-France","France","Central","EU"
1621,"EU|Central|France|Ile-de-France|Deuil-la-Barre","Deuil-la-Barre","Ile-de-France","France","Central","EU"
1622,"EU|Central|France|Ile-de-France|Domont","Domont","Ile-de-France","France","Central","EU"
1623,"EU|Central|France|Ile-de-France|Drancy","Drancy","Ile-de-France","France","Central","EU"
1624,"EU|Central|France|Ile-de-France|Ermont","Ermont","Ile-de-France","France","Central","EU"
1625,"EU|Central|France|Ile-de-France|Evry","Evry","Ile-de-France","France","Central","EU"
1626,"EU|Central|France|Ile-de-France|Fontainebleau","Fontainebleau","Ile-de-France","France","Central","EU"
1627,"EU|Central|France|Ile-de-France|Fontenay-aux-Roses","Fontenay-aux-Roses","Ile-de-France","France","Central","EU"
1628,"EU|Central|France|Ile-de-France|Fontenay-sous-Bois","Fontenay-sous-Bois","Ile-de-France","France","Central","EU"
1629,"EU|Central|France|Ile-de-France|Franconville","Franconville","Ile-de-France","France","Central","EU"
1630,"EU|Central|France|Ile-de-France|Fresnes","Fresnes","Ile-de-France","France","Central","EU"
1631,"EU|Central|France|Ile-de-France|Gagny","Gagny","Ile-de-France","France","Central","EU"
1632,"EU|Central|France|Ile-de-France|Gennevilliers","Gennevilliers","Ile-de-France","France","Central","EU"
1633,"EU|Central|France|Ile-de-France|Gonesse","Gonesse","Ile-de-France","France","Central","EU"
1634,"EU|Central|France|Ile-de-France|Grigny","Grigny","Ile-de-France","France","Central","EU"
1635,"EU|Central|France|Ile-de-France|Guyancourt","Guyancourt","Ile-de-France","France","Central","EU"
1636,"EU|Central|France|Ile-de-France|Issy-les-Moulineaux","Issy-les-Moulineaux","Ile-de-France","France","Central","EU"
1637,"EU|Central|France|Ile-de-France|Ivry-sur-Seine","Ivry-sur-Seine","Ile-de-France","France","Central","EU"
1638,"EU|Central|France|Ile-de-France|La Celle-Saint-Cloud","La Celle-Saint-Cloud","Ile-de-France","France","Central","EU"
1639,"EU|Central|France|Ile-de-France|Lagny-sur-Marne","Lagny-sur-Marne","Ile-de-France","France","Central","EU"
1640,"EU|Central|France|Ile-de-France|Le Blanc-Mesnil","Le Blanc-Mesnil","Ile-de-France","France","Central","EU"
1641,"EU|Central|France|Ile-de-France|Le Chesnay","Le Chesnay","Ile-de-France","France","Central","EU"
1642,"EU|Central|France|Ile-de-France|Le Plessis-Robinson","Le Plessis-Robinson","Ile-de-France","France","Central","EU"
1643,"EU|Central|France|Ile-de-France|Le Pré-Saint-Gervais","Le Pré-Saint-Gervais","Ile-de-France","France","Central","EU"
1644,"EU|Central|France|Ile-de-France|Les Lilas","Les Lilas","Ile-de-France","France","Central","EU"
1645,"EU|Central|France|Ile-de-France|Les Mureaux","Les Mureaux","Ile-de-France","France","Central","EU"
1646,"EU|Central|France|Ile-de-France|Les Pavillons-sous-Bois","Les Pavillons-sous-Bois","Ile-de-France","France","Central","EU"
1647,"EU|Central|France|Ile-de-France|Les Ulis","Les Ulis","Ile-de-France","France","Central","EU"
1648,"EU|Central|France|Ile-de-France|Levallois-Perret","Levallois-Perret","Ile-de-France","France","Central","EU"
1649,"EU|Central|France|Ile-de-France|Limay","Limay","Ile-de-France","France","Central","EU"
1650,"EU|Central|France|Ile-de-France|Livry-Gargan","Livry-Gargan","Ile-de-France","France","Central","EU"
1651,"EU|Central|France|Ile-de-France|Longjumeau","Longjumeau","Ile-de-France","France","Central","EU"
1652,"EU|Central|France|Ile-de-France|Maisons-Alfort","Maisons-Alfort","Ile-de-France","France","Central","EU"
1653,"EU|Central|France|Ile-de-France|Maisons-Laffitte","Maisons-Laffitte","Ile-de-France","France","Central","EU"
1654,"EU|Central|France|Ile-de-France|Malakoff","Malakoff","Ile-de-France","France","Central","EU"
1655,"EU|Central|France|Ile-de-France|Mantes-la-Jolie","Mantes-la-Jolie","Ile-de-France","France","Central","EU"
1656,"EU|Central|France|Ile-de-France|Mantes-la-Ville","Mantes-la-Ville","Ile-de-France","France","Central","EU"
1657,"EU|Central|France|Ile-de-France|Marly-le-Roi","Marly-le-Roi","Ile-de-France","France","Central","EU"
1658,"EU|Central|France|Ile-de-France|Massy","Massy","Ile-de-France","France","Central","EU"
1659,"EU|Central|France|Ile-de-France|Meaux","Meaux","Ile-de-France","France","Central","EU"
1660,"EU|Central|France|Ile-de-France|Melun","Melun","Ile-de-France","France","Central","EU"
1661,"EU|Central|France|Ile-de-France|Meudon","Meudon","Ile-de-France","France","Central","EU"
1662,"EU|Central|France|Ile-de-France|Mitry-Mory","Mitry-Mory","Ile-de-France","France","Central","EU"
1663,"EU|Central|France|Ile-de-France|Moissy-Cramayel","Moissy-Cramayel","Ile-de-France","France","Central","EU"
1664,"EU|Central|France|Ile-de-France|Montereau-Fault-Yonne","Montereau-Fault-Yonne","Ile-de-France","France","Central","EU"
1665,"EU|Central|France|Ile-de-France|Montesson","Montesson","Ile-de-France","France","Central","EU"
1666,"EU|Central|France|Ile-de-France|Montgeron","Montgeron","Ile-de-France","France","Central","EU"
1667,"EU|Central|France|Ile-de-France|Montigny-le-Bretonneux","Montigny-le-Bretonneux","Ile-de-France","France","Central","EU"
1668,"EU|Central|France|Ile-de-France|Montmorency","Montmorency","Ile-de-France","France","Central","EU"
1669,"EU|Central|France|Ile-de-France|Montreuil","Montreuil","Ile-de-France","France","Central","EU"
1670,"EU|Central|France|Ile-de-France|Montrouge","Montrouge","Ile-de-France","France","Central","EU"
1671,"EU|Central|France|Ile-de-France|Nanterre","Nanterre","Ile-de-France","France","Central","EU"
1672,"EU|Central|France|Ile-de-France|Neuilly-Plaisance","Neuilly-Plaisance","Ile-de-France","France","Central","EU"
1673,"EU|Central|France|Ile-de-France|Neuilly-sur-Marne","Neuilly-sur-Marne","Ile-de-France","France","Central","EU"
1674,"EU|Central|France|Ile-de-France|Neuilly-sur-Seine","Neuilly-sur-Seine","Ile-de-France","France","Central","EU"
1675,"EU|Central|France|Ile-de-France|Noisy-le-Grand","Noisy-le-Grand","Ile-de-France","France","Central","EU"
1676,"EU|Central|France|Ile-de-France|Noisy-le-Sec","Noisy-le-Sec","Ile-de-France","France","Central","EU"
1677,"EU|Central|France|Ile-de-France|Orsay","Orsay","Ile-de-France","France","Central","EU"
1678,"EU|Central|France|Ile-de-France|Osny","Osny","Ile-de-France","France","Central","EU"
1679,"EU|Central|France|Ile-de-France|Palaiseau","Palaiseau","Ile-de-France","France","Central","EU"
1680,"EU|Central|France|Ile-de-France|Pantin","Pantin","Ile-de-France","France","Central","EU"
1681,"EU|Central|France|Ile-de-France|Paris","Paris","Ile-de-France","France","Central","EU"
1682,"EU|Central|France|Ile-de-France|Pierrefitte-sur-Seine","Pierrefitte-sur-Seine","Ile-de-France","France","Central","EU"
1683,"EU|Central|France|Ile-de-France|Plaisir","Plaisir","Ile-de-France","France","Central","EU"
1684,"EU|Central|France|Ile-de-France|Poissy","Poissy","Ile-de-France","France","Central","EU"
1685,"EU|Central|France|Ile-de-France|Pontault-Combault","Pontault-Combault","Ile-de-France","France","Central","EU"
1686,"EU|Central|France|Ile-de-France|Pontoise","Pontoise","Ile-de-France","France","Central","EU"
1687,"EU|Central|France|Ile-de-France|Puteaux","Puteaux","Ile-de-France","France","Central","EU"
1688,"EU|Central|France|Ile-de-France|Rambouillet","Rambouillet","Ile-de-France","France","Central","EU"
1689,"EU|Central|France|Ile-de-France|Roissy-en-Brie","Roissy-en-Brie","Ile-de-France","France","Central","EU"
1690,"EU|Central|France|Ile-de-France|Rosny-sous-Bois","Rosny-sous-Bois","Ile-de-France","France","Central","EU"
1691,"EU|Central|France|Ile-de-France|Rueil-Malmaison","Rueil-Malmaison","Ile-de-France","France","Central","EU"
1692,"EU|Central|France|Ile-de-France|Saint-Cloud","Saint-Cloud","Ile-de-France","France","Central","EU"
1693,"EU|Central|France|Ile-de-France|Saint-Denis","Saint-Denis","Ile-de-France","France","Central","EU"
1694,"EU|Central|France|Ile-de-France|Saint-Germain-en-Laye","Saint-Germain-en-Laye","Ile-de-France","France","Central","EU"
1695,"EU|Central|France|Ile-de-France|Saint-Gratien","Saint-Gratien","Ile-de-France","France","Central","EU"
1696,"EU|Central|France|Ile-de-France|Saint-Michel-sur-Orge","Saint-Michel-sur-Orge","Ile-de-France","France","Central","EU"
1697,"EU|Central|France|Ile-de-France|Saint-Ouen","Saint-Ouen","Ile-de-France","France","Central","EU"
1698,"EU|Central|France|Ile-de-France|Sannois","Sannois","Ile-de-France","France","Central","EU"
1699,"EU|Central|France|Ile-de-France|Sarcelles","Sarcelles","Ile-de-France","France","Central","EU"
1700,"EU|Central|France|Ile-de-France|Sartrouville","Sartrouville","Ile-de-France","France","Central","EU"
1701,"EU|Central|France|Ile-de-France|Savigny-le-Temple","Savigny-le-Temple","Ile-de-France","France","Central","EU"
1702,"EU|Central|France|Ile-de-France|Sevran","Sevran","Ile-de-France","France","Central","EU"
1703,"EU|Central|France|Ile-de-France|Stains","Stains","Ile-de-France","France","Central","EU"
1704,"EU|Central|France|Ile-de-France|Sucy-en-Brie","Sucy-en-Brie","Ile-de-France","France","Central","EU"
1705,"EU|Central|France|Ile-de-France|Suresnes","Suresnes","Ile-de-France","France","Central","EU"
1706,"EU|Central|France|Ile-de-France|Taverny","Taverny","Ile-de-France","France","Central","EU"
1707,"EU|Central|France|Ile-de-France|Thiais","Thiais","Ile-de-France","France","Central","EU"
1708,"EU|Central|France|Ile-de-France|Torcy","Torcy","Ile-de-France","France","Central","EU"
1709,"EU|Central|France|Ile-de-France|Trappes","Trappes","Ile-de-France","France","Central","EU"
1710,"EU|Central|France|Ile-de-France|Tremblay-en-France","Tremblay-en-France","Ile-de-France","France","Central","EU"
1711,"EU|Central|France|Ile-de-France|Vanves","Vanves","Ile-de-France","France","Central","EU"
1712,"EU|Central|France|Ile-de-France|Versailles","Versailles","Ile-de-France","France","Central","EU"
1713,"EU|Central|France|Ile-de-France|Vigneux-sur-Seine","Vigneux-sur-Seine","Ile-de-France","France","Central","EU"
1714,"EU|Central|France|Ile-de-France|Villejuif","Villejuif","Ile-de-France","France","Central","EU"
1715,"EU|Central|France|Ile-de-France|Villemomble","Villemomble","Ile-de-France","France","Central","EU"
1716,"EU|Central|France|Ile-de-France|Villeneuve-Saint-Georges","Villeneuve-Saint-Georges","Ile-de-France","France","Central","EU"
1717,"EU|Central|France|Ile-de-France|Villeneuve-la-Garenne","Villeneuve-la-Garenne","Ile-de-France","France","Central","EU"
1718,"EU|Central|France|Ile-de-France|Villeneuve-le-Roi","Villeneuve-le-Roi","Ile-de-France","France","Central","EU"
1719,"EU|Central|France|Ile-de-France|Villeparisis","Villeparisis","Ile-de-France","France","Central","EU"
1720,"EU|Central|France|Ile-de-France|Villiers-le-Bel","Villiers-le-Bel","Ile-de-France","France","Central","EU"
1721,"EU|Central|France|Ile-de-France|Villiers-sur-Marne","Villiers-sur-Marne","Ile-de-France","France","Central","EU"
1722,"EU|Central|France|Ile-de-France|Vincennes","Vincennes","Ile-de-France","France","Central","EU"
1723,"EU|Central|France|Ile-de-France|Viroflay","Viroflay","Ile-de-France","France","Central","EU"
1724,"EU|Central|France|Ile-de-France|Vitry-sur-Seine","Vitry-sur-Seine","Ile-de-France","France","Central","EU"
1524,"EU|Central|France|Alsace|Colmar","Colmar","Alsace","France","Central","EU"
1525,"EU|Central|France|Alsace|Haguenau","Haguenau","Alsace","France","Central","EU"
1526,"EU|Central|France|Alsace|Illkirch-Graffenstaden","Illkirch-Graffenstaden","Alsace","France","Central","EU"
1527,"EU|Central|France|Alsace|Mulhouse","Mulhouse","Alsace","France","Central","EU"
1528,"EU|Central|France|Alsace|Saint-Louis","Saint-Louis","Alsace","France","Central","EU"
1529,"EU|Central|France|Alsace|Schiltigheim","Schiltigheim","Alsace","France","Central","EU"
1530,"EU|Central|France|Alsace|Strasbourg","Strasbourg","Alsace","France","Central","EU"
1531,"EU|Central|France|Aquitaine|Agen","Agen","Aquitaine","France","Central","EU"
1532,"EU|Central|France|Aquitaine|Anglet","Anglet","Aquitaine","France","Central","EU"
1533,"EU|Central|France|Aquitaine|Bayonne","Bayonne","Aquitaine","France","Central","EU"
1534,"EU|Central|France|Aquitaine|Bergerac","Bergerac","Aquitaine","France","Central","EU"
1535,"EU|Central|France|Aquitaine|Biarritz","Biarritz","Aquitaine","France","Central","EU"
1536,"EU|Central|France|Aquitaine|Blanquefort","Blanquefort","Aquitaine","France","Central","EU"
1537,"EU|Central|France|Aquitaine|Bordeaux","Bordeaux","Aquitaine","France","Central","EU"
1538,"EU|Central|France|Aquitaine|Cestas","Cestas","Aquitaine","France","Central","EU"
1539,"EU|Central|France|Aquitaine|Dax","Dax","Aquitaine","France","Central","EU"
1540,"EU|Central|France|Aquitaine|Gradignan","Gradignan","Aquitaine","France","Central","EU"
1541,"EU|Central|France|Aquitaine|La Teste-de-Buch","La Teste-de-Buch","Aquitaine","France","Central","EU"
1542,"EU|Central|France|Aquitaine|Le Bouscat","Le Bouscat","Aquitaine","France","Central","EU"
1543,"EU|Central|France|Aquitaine|Libourne","Libourne","Aquitaine","France","Central","EU"
1544,"EU|Central|France|Aquitaine|Lormont","Lormont","Aquitaine","France","Central","EU"
1545,"EU|Central|France|Aquitaine|Mont-de-Marsan","Mont-de-Marsan","Aquitaine","France","Central","EU"
1546,"EU|Central|France|Aquitaine|Pau","Pau","Aquitaine","France","Central","EU"
1547,"EU|Central|France|Aquitaine|Pessac","Pessac","Aquitaine","France","Central","EU"
1548,"EU|Central|France|Aquitaine|Talence","Talence","Aquitaine","France","Central","EU"
1549,"EU|Central|France|Aquitaine|Villenave-d'Ornon","Villenave-d'Ornon","Aquitaine","France","Central","EU"
1550,"EU|Central|France|Aquitaine|Villeneuve-sur-Lot","Villeneuve-sur-Lot","Aquitaine","France","Central","EU"
1551,"EU|Central|France|Auvergne|Clermont-Ferrand","Clermont-Ferrand","Auvergne","France","Central","EU"
1552,"EU|Central|France|Auvergne|Cournon-d'Auvergne","Cournon-d'Auvergne","Auvergne","France","Central","EU"
1553,"EU|Central|France|Auvergne|Issoire","Issoire","Auvergne","France","Central","EU"
1554,"EU|Central|France|Auvergne|Moulins","Moulins","Auvergne","France","Central","EU"
1555,"EU|Central|France|Auvergne|Riom","Riom","Auvergne","France","Central","EU"
1556,"EU|Central|France|Auvergne|Vichy","Vichy","Auvergne","France","Central","EU"
1557,"EU|Central|France|Brittany|Brest","Brest","Brittany","France","Central","EU"
1558,"EU|Central|France|Brittany|Concarneau","Concarneau","Brittany","France","Central","EU"
1559,"EU|Central|France|Brittany|Douarnenez","Douarnenez","Brittany","France","Central","EU"
1560,"EU|Central|France|Brittany|Landerneau","Landerneau","Brittany","France","Central","EU"
1561,"EU|Central|France|Brittany|Lanester","Lanester","Brittany","France","Central","EU"
1562,"EU|Central|France|Brittany|Lorient","Lorient","Brittany","France","Central","EU"
1563,"EU|Central|France|Brittany|Ploemeur","Ploemeur","Brittany","France","Central","EU"
1564,"EU|Central|France|Brittany|Pontivy","Pontivy","Brittany","France","Central","EU"
1565,"EU|Central|France|Brittany|Quimper","Quimper","Brittany","France","Central","EU"
1566,"EU|Central|France|Brittany|Rennes","Rennes","Brittany","France","Central","EU"
1567,"EU|Central|France|Brittany|Saint-Brieuc","Saint-Brieuc","Brittany","France","Central","EU"
1568,"EU|Central|France|Brittany|Saint-Malo","Saint-Malo","Brittany","France","Central","EU"
1569,"EU|Central|France|Brittany|Vannes","Vannes","Brittany","France","Central","EU"
1570,"EU|Central|France|Burgundy|Auxerre","Auxerre","Burgundy","France","Central","EU"
1571,"EU|Central|France|Burgundy|Beaune","Beaune","Burgundy","France","Central","EU"
1572,"EU|Central|France|Burgundy|Dijon","Dijon","Burgundy","France","Central","EU"
1573,"EU|Central|France|Burgundy|Mâcon","Mâcon","Burgundy","France","Central","EU"
1574,"EU|Central|France|Centre|Bourges","Bourges","Centre","France","Central","EU"
1575,"EU|Central|France|Centre|Chartres","Chartres","Centre","France","Central","EU"
1576,"EU|Central|France|Centre|Dreux","Dreux","Centre","France","Central","EU"
1577,"EU|Central|France|Centre|Fleury-les-Aubrais","Fleury-les-Aubrais","Centre","France","Central","EU"
1578,"EU|Central|France|Centre|Gien","Gien","Centre","France","Central","EU"
1579,"EU|Central|France|Centre|Montargis","Montargis","Centre","France","Central","EU"
1580,"EU|Central|France|Centre|Olivet","Olivet","Centre","France","Central","EU"
1581,"EU|Central|France|Centre|Saint-Jean-de-la-Ruelle","Saint-Jean-de-la-Ruelle","Centre","France","Central","EU"
1582,"EU|Central|France|Centre|Tours","Tours","Centre","France","Central","EU"
1583,"EU|Central|France|Champagne-Ardenne|Chaumont","Chaumont","Champagne-Ardenne","France","Central","EU"
1584,"EU|Central|France|Champagne-Ardenne|Reims","Reims","Champagne-Ardenne","France","Central","EU"
1585,"EU|Central|France|Champagne-Ardenne|Saint-Dizier","Saint-Dizier","Champagne-Ardenne","France","Central","EU"
1586,"EU|Central|France|Corsica|Ajaccio","Ajaccio","Corsica","France","Central","EU"
1587,"EU|Central|France|Corsica|Bastia","Bastia","Corsica","France","Central","EU"
1588,"EU|Central|France|Franche-Comté|Belfort","Belfort","Franche-Comté","France","Central","EU"
1589,"EU|Central|France|Franche-Comté|Dole","Dole","Franche-Comté","France","Central","EU"
1590,"EU|Central|France|Franche-Comté|Lons-le-Saunier","Lons-le-Saunier","Franche-Comté","France","Central","EU"
1725,"EU|Central|France|Languedoc-Roussillon|Agde","Agde","Languedoc-Roussillon","France","Central","EU"
1726,"EU|Central|France|Languedoc-Roussillon|Carcassonne","Carcassonne","Languedoc-Roussillon","France","Central","EU"
1727,"EU|Central|France|Languedoc-Roussillon|Castelnau-le-Lez","Castelnau-le-Lez","Languedoc-Roussillon","France","Central","EU"
1728,"EU|Central|France|Languedoc-Roussillon|Frontignan","Frontignan","Languedoc-Roussillon","France","Central","EU"
1729,"EU|Central|France|Languedoc-Roussillon|Lattes","Lattes","Languedoc-Roussillon","France","Central","EU"
1730,"EU|Central|France|Languedoc-Roussillon|Lunel","Lunel","Languedoc-Roussillon","France","Central","EU"
1731,"EU|Central|France|Languedoc-Roussillon|Mauguio","Mauguio","Languedoc-Roussillon","France","Central","EU"
1732,"EU|Central|France|Languedoc-Roussillon|Montpellier","Montpellier","Languedoc-Roussillon","France","Central","EU"
1733,"EU|Central|France|Languedoc-Roussillon|Narbonne","Narbonne","Languedoc-Roussillon","France","Central","EU"
1734,"EU|Central|France|Languedoc-Roussillon|Perpignan","Perpignan","Languedoc-Roussillon","France","Central","EU"
1735,"EU|Central|France|Languedoc-Roussillon|Sète","Sète","Languedoc-Roussillon","France","Central","EU"
1736,"EU|Central|France|Limousin|Brive-la-Gaillarde","Brive-la-Gaillarde","Limousin","France","Central","EU"
1737,"EU|Central|France|Limousin|Limoges","Limoges","Limousin","France","Central","EU"
1738,"EU|Central|France|Limousin|Tulle","Tulle","Limousin","France","Central","EU"
1739,"EU|Central|France|Lorraine|Bar-le-Duc","Bar-le-Duc","Lorraine","France","Central","EU"
1740,"EU|Central|France|Lorraine|Epinal","Epinal","Lorraine","France","Central","EU"
1741,"EU|Central|France|Lorraine|Forbach","Forbach","Lorraine","France","Central","EU"
1742,"EU|Central|France|Lorraine|Metz","Metz","Lorraine","France","Central","EU"
1743,"EU|Central|France|Lorraine|Nancy","Nancy","Lorraine","France","Central","EU"
1744,"EU|Central|France|Lorraine|Saint-Avold","Saint-Avold","Lorraine","France","Central","EU"
1745,"EU|Central|France|Lorraine|Sarreguemines","Sarreguemines","Lorraine","France","Central","EU"
1746,"EU|Central|France|Lorraine|Thionville","Thionville","Lorraine","France","Central","EU"
1747,"EU|Central|France|Lorraine|Verdun","Verdun","Lorraine","France","Central","EU"
1748,"EU|Central|France|Lower Normandy|Argentan","Argentan","Lower Normandy","France","Central","EU"
1749,"EU|Central|France|Lower Normandy|Bayeux","Bayeux","Lower Normandy","France","Central","EU"
1750,"EU|Central|France|Lower Normandy|Caen","Caen","Lower Normandy","France","Central","EU"
1751,"EU|Central|France|Lower Normandy|Flers","Flers","Lower Normandy","France","Central","EU"
1752,"EU|Central|France|Lower Normandy|Lisieux","Lisieux","Lower Normandy","France","Central","EU"
1753,"EU|Central|France|Midi-Pyrénées|Albi","Albi","Midi-Pyrénées","France","Central","EU"
1754,"EU|Central|France|Midi-Pyrénées|Auch","Auch","Midi-Pyrénées","France","Central","EU"
1755,"EU|Central|France|Midi-Pyrénées|Castres","Castres","Midi-Pyrénées","France","Central","EU"
1756,"EU|Central|France|Midi-Pyrénées|Colomiers","Colomiers","Midi-Pyrénées","France","Central","EU"
1757,"EU|Central|France|Midi-Pyrénées|Millau","Millau","Midi-Pyrénées","France","Central","EU"
1758,"EU|Central|France|Midi-Pyrénées|Montauban","Montauban","Midi-Pyrénées","France","Central","EU"
1759,"EU|Central|France|Midi-Pyrénées|Muret","Muret","Midi-Pyrénées","France","Central","EU"
1760,"EU|Central|France|Midi-Pyrénées|Pamiers","Pamiers","Midi-Pyrénées","France","Central","EU"
1761,"EU|Central|France|Midi-Pyrénées|Plaisance-du-Touch","Plaisance-du-Touch","Midi-Pyrénées","France","Central","EU"
1762,"EU|Central|France|Midi-Pyrénées|Tarbes","Tarbes","Midi-Pyrénées","France","Central","EU"
1763,"EU|Central|France|Midi-Pyrénées|Toulouse","Toulouse","Midi-Pyrénées","France","Central","EU"
1764,"EU|Central|France|Midi-Pyrénées|Tournefeuille","Tournefeuille","Midi-Pyrénées","France","Central","EU"
1765,"EU|Central|France|Nord-Pas-de-Calais|Arras","Arras","Nord-Pas-de-Calais","France","Central","EU"
1766,"EU|Central|France|Nord-Pas-de-Calais|Avion","Avion","Nord-Pas-de-Calais","France","Central","EU"
1767,"EU|Central|France|Nord-Pas-de-Calais|Berck","Berck","Nord-Pas-de-Calais","France","Central","EU"
1768,"EU|Central|France|Nord-Pas-de-Calais|Boulogne-sur-Mer","Boulogne-sur-Mer","Nord-Pas-de-Calais","France","Central","EU"
1769,"EU|Central|France|Nord-Pas-de-Calais|Calais","Calais","Nord-Pas-de-Calais","France","Central","EU"
1770,"EU|Central|France|Nord-Pas-de-Calais|Cambrai","Cambrai","Nord-Pas-de-Calais","France","Central","EU"
1771,"EU|Central|France|Nord-Pas-de-Calais|Carvin","Carvin","Nord-Pas-de-Calais","France","Central","EU"
1772,"EU|Central|France|Nord-Pas-de-Calais|Coudekerque-Branche","Coudekerque-Branche","Nord-Pas-de-Calais","France","Central","EU"
1773,"EU|Central|France|Nord-Pas-de-Calais|Denain","Denain","Nord-Pas-de-Calais","France","Central","EU"
1774,"EU|Central|France|Nord-Pas-de-Calais|Douai","Douai","Nord-Pas-de-Calais","France","Central","EU"
1775,"EU|Central|France|Nord-Pas-de-Calais|Faches-Thumesnil","Faches-Thumesnil","Nord-Pas-de-Calais","France","Central","EU"
1776,"EU|Central|France|Nord-Pas-de-Calais|Halluin","Halluin","Nord-Pas-de-Calais","France","Central","EU"
1777,"EU|Central|France|Nord-Pas-de-Calais|Hautmont","Hautmont","Nord-Pas-de-Calais","France","Central","EU"
1778,"EU|Central|France|Nord-Pas-de-Calais|Hazebrouck","Hazebrouck","Nord-Pas-de-Calais","France","Central","EU"
1779,"EU|Central|France|Nord-Pas-de-Calais|La Madeleine","La Madeleine","Nord-Pas-de-Calais","France","Central","EU"
1780,"EU|Central|France|Nord-Pas-de-Calais|Lens","Lens","Nord-Pas-de-Calais","France","Central","EU"
1781,"EU|Central|France|Nord-Pas-de-Calais|Lille","Lille","Nord-Pas-de-Calais","France","Central","EU"
1782,"EU|Central|France|Nord-Pas-de-Calais|Lomme","Lomme","Nord-Pas-de-Calais","France","Central","EU"
1783,"EU|Central|France|Nord-Pas-de-Calais|Loos","Loos","Nord-Pas-de-Calais","France","Central","EU"
1784,"EU|Central|France|Nord-Pas-de-Calais|Maubeuge","Maubeuge","Nord-Pas-de-Calais","France","Central","EU"
1785,"EU|Central|France|Nord-Pas-de-Calais|Mons-en-Baroeul","Mons-en-Baroeul","Nord-Pas-de-Calais","France","Central","EU"
1786,"EU|Central|France|Nord-Pas-de-Calais|Outreau","Outreau","Nord-Pas-de-Calais","France","Central","EU"
1787,"EU|Central|France|Nord-Pas-de-Calais|Ronchin","Ronchin","Nord-Pas-de-Calais","France","Central","EU"
1788,"EU|Central|France|Nord-Pas-de-Calais|Roubaix","Roubaix","Nord-Pas-de-Calais","France","Central","EU"
1789,"EU|Central|France|Nord-Pas-de-Calais|Saint-Pol-sur-Mer","Saint-Pol-sur-Mer","Nord-Pas-de-Calais","France","Central","EU"
1790,"EU|Central|France|Nord-Pas-de-Calais|Tourcoing","Tourcoing","Nord-Pas-de-Calais","France","Central","EU"
1791,"EU|Central|France|Nord-Pas-de-Calais|Valenciennes","Valenciennes","Nord-Pas-de-Calais","France","Central","EU"
1792,"EU|Central|France|Nord-Pas-de-Calais|Villeneuve-d'Ascq","Villeneuve-d'Ascq","Nord-Pas-de-Calais","France","Central","EU"
1793,"EU|Central|France|Nord-Pas-de-Calais|Wasquehal","Wasquehal","Nord-Pas-de-Calais","France","Central","EU"
1794,"EU|Central|France|Nord-Pas-de-Calais|Wattrelos","Wattrelos","Nord-Pas-de-Calais","France","Central","EU"
1795,"EU|Central|France|Pays de la Loire|Angers","Angers","Pays de la Loire","France","Central","EU"
1796,"EU|Central|France|Pays de la Loire|Carquefou","Carquefou","Pays de la Loire","France","Central","EU"
1797,"EU|Central|France|Pays de la Loire|Cholet","Cholet","Pays de la Loire","France","Central","EU"
1798,"EU|Central|France|Pays de la Loire|Fontenay-le-Comte","Fontenay-le-Comte","Pays de la Loire","France","Central","EU"
1799,"EU|Central|France|Pays de la Loire|La Baule-Escoublac","La Baule-Escoublac","Pays de la Loire","France","Central","EU"
1800,"EU|Central|France|Pays de la Loire|La Roche-sur-Yon","La Roche-sur-Yon","Pays de la Loire","France","Central","EU"
1801,"EU|Central|France|Pays de la Loire|Laval","Laval","Pays de la Loire","France","Central","EU"
1802,"EU|Central|France|Pays de la Loire|Le Mans","Le Mans","Pays de la Loire","France","Central","EU"
1803,"EU|Central|France|Pays de la Loire|Les Herbiers","Les Herbiers","Pays de la Loire","France","Central","EU"
1804,"EU|Central|France|Pays de la Loire|Nantes","Nantes","Pays de la Loire","France","Central","EU"
1805,"EU|Central|France|Pays de la Loire|Saint-Herblain","Saint-Herblain","Pays de la Loire","France","Central","EU"
1806,"EU|Central|France|Pays de la Loire|Saint-Nazaire","Saint-Nazaire","Pays de la Loire","France","Central","EU"
1807,"EU|Central|France|Pays de la Loire|Saumur","Saumur","Pays de la Loire","France","Central","EU"
1808,"EU|Central|France|Pays de la Loire|Vertou","Vertou","Pays de la Loire","France","Central","EU"
1809,"EU|Central|France|Picardy|Abbeville","Abbeville","Picardy","France","Central","EU"
1810,"EU|Central|France|Picardy|Amiens","Amiens","Picardy","France","Central","EU"
1811,"EU|Central|France|Picardy|Beauvais","Beauvais","Picardy","France","Central","EU"
1812,"EU|Central|France|Picardy|Creil","Creil","Picardy","France","Central","EU"
1813,"EU|Central|France|Picardy|Laon","Laon","Picardy","France","Central","EU"
1814,"EU|Central|France|Picardy|Nogent-sur-Oise","Nogent-sur-Oise","Picardy","France","Central","EU"
1815,"EU|Central|France|Picardy|Saint-Quentin","Saint-Quentin","Picardy","France","Central","EU"
1816,"EU|Central|France|Picardy|Senlis","Senlis","Picardy","France","Central","EU"
1817,"EU|Central|France|Picardy|Soissons","Soissons","Picardy","France","Central","EU"
1818,"EU|Central|France|Poitou-Charentes|Bressuire","Bressuire","Poitou-Charentes","France","Central","EU"
1819,"EU|Central|France|Poitou-Charentes|Cognac","Cognac","Poitou-Charentes","France","Central","EU"
1820,"EU|Central|France|Poitou-Charentes|La Rochelle","La Rochelle","Poitou-Charentes","France","Central","EU"
1821,"EU|Central|France|Poitou-Charentes|Niort","Niort","Poitou-Charentes","France","Central","EU"
1822,"EU|Central|France|Poitou-Charentes|Poitiers","Poitiers","Poitou-Charentes","France","Central","EU"
1823,"EU|Central|France|Poitou-Charentes|Rochefort","Rochefort","Poitou-Charentes","France","Central","EU"
1824,"EU|Central|France|Provence-Alpes-Côte d'Azur|Aix-en-Provence","Aix-en-Provence","Provence-Alpes-Côte d'Azur","France","Central","EU"
1825,"EU|Central|France|Provence-Alpes-Côte d'Azur|Allauch","Allauch","Provence-Alpes-Côte d'Azur","France","Central","EU"
1826,"EU|Central|France|Provence-Alpes-Côte d'Azur|Antibes","Antibes","Provence-Alpes-Côte d'Azur","France","Central","EU"
1827,"EU|Central|France|Provence-Alpes-Côte d'Azur|Arles","Arles","Provence-Alpes-Côte d'Azur","France","Central","EU"
1828,"EU|Central|France|Provence-Alpes-Côte d'Azur|Avignon","Avignon","Provence-Alpes-Côte d'Azur","France","Central","EU"
1829,"EU|Central|France|Provence-Alpes-Côte d'Azur|Cagnes-sur-Mer","Cagnes-sur-Mer","Provence-Alpes-Côte d'Azur","France","Central","EU"
1830,"EU|Central|France|Provence-Alpes-Côte d'Azur|Cannes","Cannes","Provence-Alpes-Côte d'Azur","France","Central","EU"
1831,"EU|Central|France|Provence-Alpes-Côte d'Azur|Carpentras","Carpentras","Provence-Alpes-Côte d'Azur","France","Central","EU"
1832,"EU|Central|France|Provence-Alpes-Côte d'Azur|Cavaillon","Cavaillon","Provence-Alpes-Côte d'Azur","France","Central","EU"
1833,"EU|Central|France|Provence-Alpes-Côte d'Azur|Digne-les-Bains","Digne-les-Bains","Provence-Alpes-Côte d'Azur","France","Central","EU"
1834,"EU|Central|France|Provence-Alpes-Côte d'Azur|Draguignan","Draguignan","Provence-Alpes-Côte d'Azur","France","Central","EU"
1835,"EU|Central|France|Provence-Alpes-Côte d'Azur|Gap","Gap","Provence-Alpes-Côte d'Azur","France","Central","EU"
1836,"EU|Central|France|Provence-Alpes-Côte d'Azur|Grasse","Grasse","Provence-Alpes-Côte d'Azur","France","Central","EU"
1837,"EU|Central|France|Provence-Alpes-Côte d'Azur|Istres","Istres","Provence-Alpes-Côte d'Azur","France","Central","EU"
1838,"EU|Central|France|Provence-Alpes-Côte d'Azur|La Ciotat","La Ciotat","Provence-Alpes-Côte d'Azur","France","Central","EU"
1839,"EU|Central|France|Provence-Alpes-Côte d'Azur|La Crau","La Crau","Provence-Alpes-Côte d'Azur","France","Central","EU"
1840,"EU|Central|France|Provence-Alpes-Côte d'Azur|La Seyne-sur-Mer","La Seyne-sur-Mer","Provence-Alpes-Côte d'Azur","France","Central","EU"
1841,"EU|Central|France|Provence-Alpes-Côte d'Azur|Le Cannet","Le Cannet","Provence-Alpes-Côte d'Azur","France","Central","EU"
1842,"EU|Central|France|Provence-Alpes-Côte d'Azur|Le Pontet","Le Pontet","Provence-Alpes-Côte d'Azur","France","Central","EU"
1843,"EU|Central|France|Provence-Alpes-Côte d'Azur|Les Pennes-Mirabeau","Les Pennes-Mirabeau","Provence-Alpes-Côte d'Azur","France","Central","EU"
1844,"EU|Central|France|Provence-Alpes-Côte d'Azur|Marignane","Marignane","Provence-Alpes-Côte d'Azur","France","Central","EU"
1845,"EU|Central|France|Provence-Alpes-Côte d'Azur|Marseille","Marseille","Provence-Alpes-Côte d'Azur","France","Central","EU"
1846,"EU|Central|France|Provence-Alpes-Côte d'Azur|Martigues","Martigues","Provence-Alpes-Côte d'Azur","France","Central","EU"
1847,"EU|Central|France|Provence-Alpes-Côte d'Azur|Menton","Menton","Provence-Alpes-Côte d'Azur","France","Central","EU"
1848,"EU|Central|France|Provence-Alpes-Côte d'Azur|Miramas","Miramas","Provence-Alpes-Côte d'Azur","France","Central","EU"
1849,"EU|Central|France|Provence-Alpes-Côte d'Azur|Mougins","Mougins","Provence-Alpes-Côte d'Azur","France","Central","EU"
1850,"EU|Central|France|Provence-Alpes-Côte d'Azur|Nice","Nice","Provence-Alpes-Côte d'Azur","France","Central","EU"
1851,"EU|Central|France|Provence-Alpes-Côte d'Azur|Pertuis","Pertuis","Provence-Alpes-Côte d'Azur","France","Central","EU"
1852,"EU|Central|France|Provence-Alpes-Côte d'Azur|Saint-Laurent-du-Var","Saint-Laurent-du-Var","Provence-Alpes-Côte d'Azur","France","Central","EU"
1853,"EU|Central|France|Provence-Alpes-Côte d'Azur|Salon-de-Provence","Salon-de-Provence","Provence-Alpes-Côte d'Azur","France","Central","EU"
1854,"EU|Central|France|Provence-Alpes-Côte d'Azur|Sanary-sur-Mer","Sanary-sur-Mer","Provence-Alpes-Côte d'Azur","France","Central","EU"
1855,"EU|Central|France|Provence-Alpes-Côte d'Azur|Six-Fours-les-Plages","Six-Fours-les-Plages","Provence-Alpes-Côte d'Azur","France","Central","EU"
1856,"EU|Central|France|Provence-Alpes-Côte d'Azur|Sorgues","Sorgues","Provence-Alpes-Côte d'Azur","France","Central","EU"
1857,"EU|Central|France|Provence-Alpes-Côte d'Azur|Toulon","Toulon","Provence-Alpes-Côte d'Azur","France","Central","EU"
1858,"EU|Central|France|Provence-Alpes-Côte d'Azur|Vallauris","Vallauris","Provence-Alpes-Côte d'Azur","France","Central","EU"
1859,"EU|Central|France|Provence-Alpes-Côte d'Azur|Vence","Vence","Provence-Alpes-Côte d'Azur","France","Central","EU"
1860,"EU|Central|France|Provence-Alpes-Côte d'Azur|Vitrolles","Vitrolles","Provence-Alpes-Côte d'Azur","France","Central","EU"
1861,"EU|Central|France|Rhône-Alpes|Aix-les-Bains","Aix-les-Bains","Rhône-Alpes","France","Central","EU"
1862,"EU|Central|France|Rhône-Alpes|Albertville","Albertville","Rhône-Alpes","France","Central","EU"
1863,"EU|Central|France|Rhône-Alpes|Annecy","Annecy","Rhône-Alpes","France","Central","EU"
1864,"EU|Central|France|Rhône-Alpes|Annecy-le-Vieux","Annecy-le-Vieux","Rhône-Alpes","France","Central","EU"
1865,"EU|Central|France|Rhône-Alpes|Annemasse","Annemasse","Rhône-Alpes","France","Central","EU"
1866,"EU|Central|France|Rhône-Alpes|Annonay","Annonay","Rhône-Alpes","France","Central","EU"
1867,"EU|Central|France|Rhône-Alpes|Bourg-en-Bresse","Bourg-en-Bresse","Rhône-Alpes","France","Central","EU"
1868,"EU|Central|France|Rhône-Alpes|Bourgoin-Jallieu","Bourgoin-Jallieu","Rhône-Alpes","France","Central","EU"
1869,"EU|Central|France|Rhône-Alpes|Bron","Bron","Rhône-Alpes","France","Central","EU"
1870,"EU|Central|France|Rhône-Alpes|Cluses","Cluses","Rhône-Alpes","France","Central","EU"
1871,"EU|Central|France|Rhône-Alpes|Echirolles","Echirolles","Rhône-Alpes","France","Central","EU"
1872,"EU|Central|France|Rhône-Alpes|Firminy","Firminy","Rhône-Alpes","France","Central","EU"
1873,"EU|Central|France|Rhône-Alpes|Fontaine","Fontaine","Rhône-Alpes","France","Central","EU"
1874,"EU|Central|France|Rhône-Alpes|Givors","Givors","Rhône-Alpes","France","Central","EU"
1875,"EU|Central|France|Rhône-Alpes|Grenoble","Grenoble","Rhône-Alpes","France","Central","EU"
1876,"EU|Central|France|Rhône-Alpes|Lyon","Lyon","Rhône-Alpes","France","Central","EU"
1877,"EU|Central|France|Rhône-Alpes|Meyzieu","Meyzieu","Rhône-Alpes","France","Central","EU"
1878,"EU|Central|France|Rhône-Alpes|Montbrison","Montbrison","Rhône-Alpes","France","Central","EU"
1879,"EU|Central|France|Rhône-Alpes|Oullins","Oullins","Rhône-Alpes","France","Central","EU"
1880,"EU|Central|France|Rhône-Alpes|Oyonnax","Oyonnax","Rhône-Alpes","France","Central","EU"
1881,"EU|Central|France|Rhône-Alpes|Rillieux-la-Pape","Rillieux-la-Pape","Rhône-Alpes","France","Central","EU"
1882,"EU|Central|France|Rhône-Alpes|Roanne","Roanne","Rhône-Alpes","France","Central","EU"
1883,"EU|Central|France|Rhône-Alpes|Saint-Chamond","Saint-Chamond","Rhône-Alpes","France","Central","EU"
1884,"EU|Central|France|Rhône-Alpes|Saint-Genis-Laval","Saint-Genis-Laval","Rhône-Alpes","France","Central","EU"
1885,"EU|Central|France|Rhône-Alpes|Saint-Priest","Saint-Priest","Rhône-Alpes","France","Central","EU"
1886,"EU|Central|France|Rhône-Alpes|Thonon-les-Bains","Thonon-les-Bains","Rhône-Alpes","France","Central","EU"
1887,"EU|Central|France|Rhône-Alpes|Valence","Valence","Rhône-Alpes","France","Central","EU"
1888,"EU|Central|France|Rhône-Alpes|Vaulx-en-Velin","Vaulx-en-Velin","Rhône-Alpes","France","Central","EU"
1889,"EU|Central|France|Rhône-Alpes|Villefontaine","Villefontaine","Rhône-Alpes","France","Central","EU"
1890,"EU|Central|France|Rhône-Alpes|Villeurbanne","Villeurbanne","Rhône-Alpes","France","Central","EU"
1891,"EU|Central|France|Rhône-Alpes|Voiron","Voiron","Rhône-Alpes","France","Central","EU"
1892,"EU|Central|France|Upper Normandy|Dieppe","Dieppe","Upper Normandy","France","Central","EU"
1893,"EU|Central|France|Upper Normandy|Elbeuf","Elbeuf","Upper Normandy","France","Central","EU"
1894,"EU|Central|France|Upper Normandy|Evreux","Evreux","Upper Normandy","France","Central","EU"
1895,"EU|Central|France|Upper Normandy|Le Havre","Le Havre","Upper Normandy","France","Central","EU"
1896,"EU|Central|France|Upper Normandy|Le Petit-Quevilly","Le Petit-Quevilly","Upper Normandy","France","Central","EU"
1897,"EU|Central|France|Upper Normandy|Louviers","Louviers","Upper Normandy","France","Central","EU"
1898,"EU|Central|France|Upper Normandy|Mont-Saint-Aignan","Mont-Saint-Aignan","Upper Normandy","France","Central","EU"
1899,"EU|Central|France|Upper Normandy|Rouen","Rouen","Upper Normandy","France","Central","EU"
1900,"EU|Central|France|Upper Normandy|Vernon","Vernon","Upper Normandy","France","Central","EU"
